source	line_start	line_end	effective	coverage	mapping_or_pending
core/css/css_math_expression_node.cc	1	74	0	scaffolding	Comments blanks preprocessor namespace or delimiter-only line
core/css/css_math_expression_node.cc	75	144	70	mapped	css_math_expression_node.rs UnitCategory; ident/category extensions remain pending
core/css/css_math_expression_node.cc	145	146	0	scaffolding	Comments blanks preprocessor namespace or delimiter-only line
core/css/css_math_expression_node.cc	147	151	5	mapped	css_math_expression_node.rs UnitCategory; ident/category extensions remain pending
core/css/css_math_expression_node.cc	152	153	0	scaffolding	Comments blanks preprocessor namespace or delimiter-only line
core/css/css_math_expression_node.cc	154	155	2	pending	Remaining source logic: typed exponent arithmetic/simplification/extended functions/anchor/progress/random or unported primitive APIs; see exact source line
core/css/css_math_expression_node.cc	156	156	0	scaffolding	Comments blanks preprocessor namespace or delimiter-only line
core/css/css_math_expression_node.cc	157	158	2	pending	Remaining source logic: typed exponent arithmetic/simplification/extended functions/anchor/progress/random or unported primitive APIs; see exact source line
core/css/css_math_expression_node.cc	159	161	0	scaffolding	Comments blanks preprocessor namespace or delimiter-only line
core/css/css_math_expression_node.cc	162	163	2	pending	Remaining source logic: typed exponent arithmetic/simplification/extended functions/anchor/progress/random or unported primitive APIs; see exact source line
core/css/css_math_expression_node.cc	164	164	0	scaffolding	Comments blanks preprocessor namespace or delimiter-only line
core/css/css_math_expression_node.cc	165	166	2	pending	Remaining source logic: typed exponent arithmetic/simplification/extended functions/anchor/progress/random or unported primitive APIs; see exact source line
core/css/css_math_expression_node.cc	167	167	0	scaffolding	Comments blanks preprocessor namespace or delimiter-only line
core/css/css_math_expression_node.cc	168	170	3	pending	Remaining source logic: typed exponent arithmetic/simplification/extended functions/anchor/progress/random or unported primitive APIs; see exact source line
core/css/css_math_expression_node.cc	171	172	0	scaffolding	Comments blanks preprocessor namespace or delimiter-only line
core/css/css_math_expression_node.cc	173	174	2	pending	Remaining source logic: typed exponent arithmetic/simplification/extended functions/anchor/progress/random or unported primitive APIs; see exact source line
core/css/css_math_expression_node.cc	175	177	0	scaffolding	Comments blanks preprocessor namespace or delimiter-only line
core/css/css_math_expression_node.cc	178	250	73	pending	Remaining source logic: typed exponent arithmetic/simplification/extended functions/anchor/progress/random or unported primitive APIs; see exact source line
core/css/css_math_expression_node.cc	251	255	0	scaffolding	Comments blanks preprocessor namespace or delimiter-only line
core/css/css_math_expression_node.cc	256	260	5	pending	Remaining source logic: typed exponent arithmetic/simplification/extended functions/anchor/progress/random or unported primitive APIs; see exact source line
core/css/css_math_expression_node.cc	261	261	0	scaffolding	Comments blanks preprocessor namespace or delimiter-only line
core/css/css_math_expression_node.cc	262	273	12	pending	Remaining source logic: typed exponent arithmetic/simplification/extended functions/anchor/progress/random or unported primitive APIs; see exact source line
core/css/css_math_expression_node.cc	274	276	0	scaffolding	Comments blanks preprocessor namespace or delimiter-only line
core/css/css_math_expression_node.cc	277	279	3	pending	Remaining source logic: typed exponent arithmetic/simplification/extended functions/anchor/progress/random or unported primitive APIs; see exact source line
core/css/css_math_expression_node.cc	280	283	0	scaffolding	Comments blanks preprocessor namespace or delimiter-only line
core/css/css_math_expression_node.cc	284	286	3	pending	Remaining source logic: typed exponent arithmetic/simplification/extended functions/anchor/progress/random or unported primitive APIs; see exact source line
core/css/css_math_expression_node.cc	287	287	0	scaffolding	Comments blanks preprocessor namespace or delimiter-only line
core/css/css_math_expression_node.cc	288	291	4	pending	Remaining source logic: typed exponent arithmetic/simplification/extended functions/anchor/progress/random or unported primitive APIs; see exact source line
core/css/css_math_expression_node.cc	292	294	0	scaffolding	Comments blanks preprocessor namespace or delimiter-only line
core/css/css_math_expression_node.cc	295	301	7	pending	Remaining source logic: typed exponent arithmetic/simplification/extended functions/anchor/progress/random or unported primitive APIs; see exact source line
core/css/css_math_expression_node.cc	302	304	0	scaffolding	Comments blanks preprocessor namespace or delimiter-only line
core/css/css_math_expression_node.cc	305	305	1	pending	Remaining source logic: typed exponent arithmetic/simplification/extended functions/anchor/progress/random or unported primitive APIs; see exact source line
core/css/css_math_expression_node.cc	306	306	0	scaffolding	Comments blanks preprocessor namespace or delimiter-only line
core/css/css_math_expression_node.cc	307	310	4	pending	Remaining source logic: typed exponent arithmetic/simplification/extended functions/anchor/progress/random or unported primitive APIs; see exact source line
core/css/css_math_expression_node.cc	311	311	0	scaffolding	Comments blanks preprocessor namespace or delimiter-only line
core/css/css_math_expression_node.cc	312	313	2	pending	Remaining source logic: typed exponent arithmetic/simplification/extended functions/anchor/progress/random or unported primitive APIs; see exact source line
core/css/css_math_expression_node.cc	314	315	0	scaffolding	Comments blanks preprocessor namespace or delimiter-only line
core/css/css_math_expression_node.cc	316	334	19	pending	Remaining source logic: typed exponent arithmetic/simplification/extended functions/anchor/progress/random or unported primitive APIs; see exact source line
core/css/css_math_expression_node.cc	335	337	0	scaffolding	Comments blanks preprocessor namespace or delimiter-only line
core/css/css_math_expression_node.cc	338	360	23	pending	Remaining source logic: typed exponent arithmetic/simplification/extended functions/anchor/progress/random or unported primitive APIs; see exact source line
core/css/css_math_expression_node.cc	361	363	0	scaffolding	Comments blanks preprocessor namespace or delimiter-only line
core/css/css_math_expression_node.cc	364	365	2	pending	Remaining source logic: typed exponent arithmetic/simplification/extended functions/anchor/progress/random or unported primitive APIs; see exact source line
core/css/css_math_expression_node.cc	366	367	0	scaffolding	Comments blanks preprocessor namespace or delimiter-only line
core/css/css_math_expression_node.cc	368	370	3	pending	Remaining source logic: typed exponent arithmetic/simplification/extended functions/anchor/progress/random or unported primitive APIs; see exact source line
core/css/css_math_expression_node.cc	371	371	0	scaffolding	Comments blanks preprocessor namespace or delimiter-only line
core/css/css_math_expression_node.cc	372	378	7	pending	Remaining source logic: typed exponent arithmetic/simplification/extended functions/anchor/progress/random or unported primitive APIs; see exact source line
core/css/css_math_expression_node.cc	379	380	0	scaffolding	Comments blanks preprocessor namespace or delimiter-only line
core/css/css_math_expression_node.cc	381	383	3	pending	Remaining source logic: typed exponent arithmetic/simplification/extended functions/anchor/progress/random or unported primitive APIs; see exact source line
core/css/css_math_expression_node.cc	384	384	0	scaffolding	Comments blanks preprocessor namespace or delimiter-only line
core/css/css_math_expression_node.cc	385	385	1	pending	Remaining source logic: typed exponent arithmetic/simplification/extended functions/anchor/progress/random or unported primitive APIs; see exact source line
core/css/css_math_expression_node.cc	386	423	0	scaffolding	Comments blanks preprocessor namespace or delimiter-only line
core/css/css_math_expression_node.cc	424	425	2	pending	Remaining source logic: typed exponent arithmetic/simplification/extended functions/anchor/progress/random or unported primitive APIs; see exact source line
core/css/css_math_expression_node.cc	426	426	0	scaffolding	Comments blanks preprocessor namespace or delimiter-only line
core/css/css_math_expression_node.cc	427	428	2	pending	Remaining source logic: typed exponent arithmetic/simplification/extended functions/anchor/progress/random or unported primitive APIs; see exact source line
core/css/css_math_expression_node.cc	429	429	0	scaffolding	Comments blanks preprocessor namespace or delimiter-only line
core/css/css_math_expression_node.cc	430	431	2	pending	Remaining source logic: typed exponent arithmetic/simplification/extended functions/anchor/progress/random or unported primitive APIs; see exact source line
core/css/css_math_expression_node.cc	432	432	0	scaffolding	Comments blanks preprocessor namespace or delimiter-only line
core/css/css_math_expression_node.cc	433	434	2	pending	Remaining source logic: typed exponent arithmetic/simplification/extended functions/anchor/progress/random or unported primitive APIs; see exact source line
core/css/css_math_expression_node.cc	435	435	0	scaffolding	Comments blanks preprocessor namespace or delimiter-only line
core/css/css_math_expression_node.cc	436	442	7	pending	Remaining source logic: typed exponent arithmetic/simplification/extended functions/anchor/progress/random or unported primitive APIs; see exact source line
core/css/css_math_expression_node.cc	443	444	0	scaffolding	Comments blanks preprocessor namespace or delimiter-only line
core/css/css_math_expression_node.cc	445	445	1	pending	Remaining source logic: typed exponent arithmetic/simplification/extended functions/anchor/progress/random or unported primitive APIs; see exact source line
core/css/css_math_expression_node.cc	446	447	0	scaffolding	Comments blanks preprocessor namespace or delimiter-only line
core/css/css_math_expression_node.cc	448	449	2	pending	Remaining source logic: typed exponent arithmetic/simplification/extended functions/anchor/progress/random or unported primitive APIs; see exact source line
core/css/css_math_expression_node.cc	450	451	0	scaffolding	Comments blanks preprocessor namespace or delimiter-only line
core/css/css_math_expression_node.cc	452	452	1	pending	Remaining source logic: typed exponent arithmetic/simplification/extended functions/anchor/progress/random or unported primitive APIs; see exact source line
core/css/css_math_expression_node.cc	453	454	0	scaffolding	Comments blanks preprocessor namespace or delimiter-only line
core/css/css_math_expression_node.cc	455	456	2	pending	Remaining source logic: typed exponent arithmetic/simplification/extended functions/anchor/progress/random or unported primitive APIs; see exact source line
core/css/css_math_expression_node.cc	457	458	0	scaffolding	Comments blanks preprocessor namespace or delimiter-only line
core/css/css_math_expression_node.cc	459	459	1	pending	Remaining source logic: typed exponent arithmetic/simplification/extended functions/anchor/progress/random or unported primitive APIs; see exact source line
core/css/css_math_expression_node.cc	460	460	0	scaffolding	Comments blanks preprocessor namespace or delimiter-only line
core/css/css_math_expression_node.cc	461	461	1	pending	Remaining source logic: typed exponent arithmetic/simplification/extended functions/anchor/progress/random or unported primitive APIs; see exact source line
core/css/css_math_expression_node.cc	462	462	0	scaffolding	Comments blanks preprocessor namespace or delimiter-only line
core/css/css_math_expression_node.cc	463	463	1	pending	Remaining source logic: typed exponent arithmetic/simplification/extended functions/anchor/progress/random or unported primitive APIs; see exact source line
core/css/css_math_expression_node.cc	464	464	0	scaffolding	Comments blanks preprocessor namespace or delimiter-only line
core/css/css_math_expression_node.cc	465	465	1	pending	Remaining source logic: typed exponent arithmetic/simplification/extended functions/anchor/progress/random or unported primitive APIs; see exact source line
core/css/css_math_expression_node.cc	466	468	0	scaffolding	Comments blanks preprocessor namespace or delimiter-only line
core/css/css_math_expression_node.cc	469	470	2	pending	Remaining source logic: typed exponent arithmetic/simplification/extended functions/anchor/progress/random or unported primitive APIs; see exact source line
core/css/css_math_expression_node.cc	471	472	0	scaffolding	Comments blanks preprocessor namespace or delimiter-only line
core/css/css_math_expression_node.cc	473	476	4	pending	Remaining source logic: typed exponent arithmetic/simplification/extended functions/anchor/progress/random or unported primitive APIs; see exact source line
core/css/css_math_expression_node.cc	477	479	0	scaffolding	Comments blanks preprocessor namespace or delimiter-only line
core/css/css_math_expression_node.cc	480	482	3	pending	Remaining source logic: typed exponent arithmetic/simplification/extended functions/anchor/progress/random or unported primitive APIs; see exact source line
core/css/css_math_expression_node.cc	483	484	0	scaffolding	Comments blanks preprocessor namespace or delimiter-only line
core/css/css_math_expression_node.cc	485	487	3	pending	Remaining source logic: typed exponent arithmetic/simplification/extended functions/anchor/progress/random or unported primitive APIs; see exact source line
core/css/css_math_expression_node.cc	488	491	0	scaffolding	Comments blanks preprocessor namespace or delimiter-only line
core/css/css_math_expression_node.cc	492	492	1	pending	Remaining source logic: typed exponent arithmetic/simplification/extended functions/anchor/progress/random or unported primitive APIs; see exact source line
core/css/css_math_expression_node.cc	493	495	0	scaffolding	Comments blanks preprocessor namespace or delimiter-only line
core/css/css_math_expression_node.cc	496	497	2	pending	Remaining source logic: typed exponent arithmetic/simplification/extended functions/anchor/progress/random or unported primitive APIs; see exact source line
core/css/css_math_expression_node.cc	498	500	0	scaffolding	Comments blanks preprocessor namespace or delimiter-only line
core/css/css_math_expression_node.cc	501	518	18	pending	Remaining source logic: typed exponent arithmetic/simplification/extended functions/anchor/progress/random or unported primitive APIs; see exact source line
core/css/css_math_expression_node.cc	519	519	0	scaffolding	Comments blanks preprocessor namespace or delimiter-only line
core/css/css_math_expression_node.cc	520	524	5	pending	Remaining source logic: typed exponent arithmetic/simplification/extended functions/anchor/progress/random or unported primitive APIs; see exact source line
core/css/css_math_expression_node.cc	525	526	0	scaffolding	Comments blanks preprocessor namespace or delimiter-only line
core/css/css_math_expression_node.cc	527	530	4	pending	Remaining source logic: typed exponent arithmetic/simplification/extended functions/anchor/progress/random or unported primitive APIs; see exact source line
core/css/css_math_expression_node.cc	531	535	0	scaffolding	Comments blanks preprocessor namespace or delimiter-only line
core/css/css_math_expression_node.cc	536	538	3	pending	Remaining source logic: typed exponent arithmetic/simplification/extended functions/anchor/progress/random or unported primitive APIs; see exact source line
core/css/css_math_expression_node.cc	539	544	0	scaffolding	Comments blanks preprocessor namespace or delimiter-only line
core/css/css_math_expression_node.cc	545	545	1	pending	Remaining source logic: typed exponent arithmetic/simplification/extended functions/anchor/progress/random or unported primitive APIs; see exact source line
core/css/css_math_expression_node.cc	546	546	0	scaffolding	Comments blanks preprocessor namespace or delimiter-only line
core/css/css_math_expression_node.cc	547	547	1	pending	Remaining source logic: typed exponent arithmetic/simplification/extended functions/anchor/progress/random or unported primitive APIs; see exact source line
core/css/css_math_expression_node.cc	548	549	0	scaffolding	Comments blanks preprocessor namespace or delimiter-only line
core/css/css_math_expression_node.cc	550	551	2	pending	Remaining source logic: typed exponent arithmetic/simplification/extended functions/anchor/progress/random or unported primitive APIs; see exact source line
core/css/css_math_expression_node.cc	552	553	0	scaffolding	Comments blanks preprocessor namespace or delimiter-only line
core/css/css_math_expression_node.cc	554	557	4	pending	Remaining source logic: typed exponent arithmetic/simplification/extended functions/anchor/progress/random or unported primitive APIs; see exact source line
core/css/css_math_expression_node.cc	558	560	0	scaffolding	Comments blanks preprocessor namespace or delimiter-only line
core/css/css_math_expression_node.cc	561	563	3	pending	Remaining source logic: typed exponent arithmetic/simplification/extended functions/anchor/progress/random or unported primitive APIs; see exact source line
core/css/css_math_expression_node.cc	564	565	0	scaffolding	Comments blanks preprocessor namespace or delimiter-only line
core/css/css_math_expression_node.cc	566	568	3	pending	Remaining source logic: typed exponent arithmetic/simplification/extended functions/anchor/progress/random or unported primitive APIs; see exact source line
core/css/css_math_expression_node.cc	569	572	0	scaffolding	Comments blanks preprocessor namespace or delimiter-only line
core/css/css_math_expression_node.cc	573	575	3	pending	Remaining source logic: typed exponent arithmetic/simplification/extended functions/anchor/progress/random or unported primitive APIs; see exact source line
core/css/css_math_expression_node.cc	576	576	0	scaffolding	Comments blanks preprocessor namespace or delimiter-only line
core/css/css_math_expression_node.cc	577	577	1	pending	Remaining source logic: typed exponent arithmetic/simplification/extended functions/anchor/progress/random or unported primitive APIs; see exact source line
core/css/css_math_expression_node.cc	578	579	0	scaffolding	Comments blanks preprocessor namespace or delimiter-only line
core/css/css_math_expression_node.cc	580	581	2	pending	Remaining source logic: typed exponent arithmetic/simplification/extended functions/anchor/progress/random or unported primitive APIs; see exact source line
core/css/css_math_expression_node.cc	582	583	0	scaffolding	Comments blanks preprocessor namespace or delimiter-only line
core/css/css_math_expression_node.cc	584	588	5	pending	Remaining source logic: typed exponent arithmetic/simplification/extended functions/anchor/progress/random or unported primitive APIs; see exact source line
core/css/css_math_expression_node.cc	589	589	0	scaffolding	Comments blanks preprocessor namespace or delimiter-only line
core/css/css_math_expression_node.cc	590	590	1	pending	Remaining source logic: typed exponent arithmetic/simplification/extended functions/anchor/progress/random or unported primitive APIs; see exact source line
core/css/css_math_expression_node.cc	591	593	0	scaffolding	Comments blanks preprocessor namespace or delimiter-only line
core/css/css_math_expression_node.cc	594	596	3	pending	Remaining source logic: typed exponent arithmetic/simplification/extended functions/anchor/progress/random or unported primitive APIs; see exact source line
core/css/css_math_expression_node.cc	597	597	0	scaffolding	Comments blanks preprocessor namespace or delimiter-only line
core/css/css_math_expression_node.cc	598	605	8	pending	Remaining source logic: typed exponent arithmetic/simplification/extended functions/anchor/progress/random or unported primitive APIs; see exact source line
core/css/css_math_expression_node.cc	606	606	0	scaffolding	Comments blanks preprocessor namespace or delimiter-only line
core/css/css_math_expression_node.cc	607	608	2	pending	Remaining source logic: typed exponent arithmetic/simplification/extended functions/anchor/progress/random or unported primitive APIs; see exact source line
core/css/css_math_expression_node.cc	609	610	0	scaffolding	Comments blanks preprocessor namespace or delimiter-only line
core/css/css_math_expression_node.cc	611	613	3	pending	Remaining source logic: typed exponent arithmetic/simplification/extended functions/anchor/progress/random or unported primitive APIs; see exact source line
core/css/css_math_expression_node.cc	614	614	0	scaffolding	Comments blanks preprocessor namespace or delimiter-only line
core/css/css_math_expression_node.cc	615	615	1	pending	Remaining source logic: typed exponent arithmetic/simplification/extended functions/anchor/progress/random or unported primitive APIs; see exact source line
core/css/css_math_expression_node.cc	616	616	0	scaffolding	Comments blanks preprocessor namespace or delimiter-only line
core/css/css_math_expression_node.cc	617	618	2	pending	Remaining source logic: typed exponent arithmetic/simplification/extended functions/anchor/progress/random or unported primitive APIs; see exact source line
core/css/css_math_expression_node.cc	619	623	0	scaffolding	Comments blanks preprocessor namespace or delimiter-only line
core/css/css_math_expression_node.cc	624	628	5	pending	Remaining source logic: typed exponent arithmetic/simplification/extended functions/anchor/progress/random or unported primitive APIs; see exact source line
core/css/css_math_expression_node.cc	629	630	0	scaffolding	Comments blanks preprocessor namespace or delimiter-only line
core/css/css_math_expression_node.cc	631	634	4	pending	Remaining source logic: typed exponent arithmetic/simplification/extended functions/anchor/progress/random or unported primitive APIs; see exact source line
core/css/css_math_expression_node.cc	635	635	0	scaffolding	Comments blanks preprocessor namespace or delimiter-only line
core/css/css_math_expression_node.cc	636	636	1	pending	Remaining source logic: typed exponent arithmetic/simplification/extended functions/anchor/progress/random or unported primitive APIs; see exact source line
core/css/css_math_expression_node.cc	637	638	0	scaffolding	Comments blanks preprocessor namespace or delimiter-only line
core/css/css_math_expression_node.cc	639	642	4	pending	Remaining source logic: typed exponent arithmetic/simplification/extended functions/anchor/progress/random or unported primitive APIs; see exact source line
core/css/css_math_expression_node.cc	643	644	0	scaffolding	Comments blanks preprocessor namespace or delimiter-only line
core/css/css_math_expression_node.cc	645	645	1	pending	Remaining source logic: typed exponent arithmetic/simplification/extended functions/anchor/progress/random or unported primitive APIs; see exact source line
core/css/css_math_expression_node.cc	646	648	0	scaffolding	Comments blanks preprocessor namespace or delimiter-only line
core/css/css_math_expression_node.cc	649	651	3	pending	Remaining source logic: typed exponent arithmetic/simplification/extended functions/anchor/progress/random or unported primitive APIs; see exact source line
core/css/css_math_expression_node.cc	652	652	0	scaffolding	Comments blanks preprocessor namespace or delimiter-only line
core/css/css_math_expression_node.cc	653	656	4	pending	Remaining source logic: typed exponent arithmetic/simplification/extended functions/anchor/progress/random or unported primitive APIs; see exact source line
core/css/css_math_expression_node.cc	657	658	0	scaffolding	Comments blanks preprocessor namespace or delimiter-only line
core/css/css_math_expression_node.cc	659	659	1	pending	Remaining source logic: typed exponent arithmetic/simplification/extended functions/anchor/progress/random or unported primitive APIs; see exact source line
core/css/css_math_expression_node.cc	660	661	0	scaffolding	Comments blanks preprocessor namespace or delimiter-only line
core/css/css_math_expression_node.cc	662	663	2	pending	Remaining source logic: typed exponent arithmetic/simplification/extended functions/anchor/progress/random or unported primitive APIs; see exact source line
core/css/css_math_expression_node.cc	664	667	0	scaffolding	Comments blanks preprocessor namespace or delimiter-only line
core/css/css_math_expression_node.cc	668	669	2	pending	Remaining source logic: typed exponent arithmetic/simplification/extended functions/anchor/progress/random or unported primitive APIs; see exact source line
core/css/css_math_expression_node.cc	670	671	0	scaffolding	Comments blanks preprocessor namespace or delimiter-only line
core/css/css_math_expression_node.cc	672	677	6	pending	Remaining source logic: typed exponent arithmetic/simplification/extended functions/anchor/progress/random or unported primitive APIs; see exact source line
core/css/css_math_expression_node.cc	678	682	0	scaffolding	Comments blanks preprocessor namespace or delimiter-only line
core/css/css_math_expression_node.cc	683	684	2	pending	Remaining source logic: typed exponent arithmetic/simplification/extended functions/anchor/progress/random or unported primitive APIs; see exact source line
core/css/css_math_expression_node.cc	685	685	0	scaffolding	Comments blanks preprocessor namespace or delimiter-only line
core/css/css_math_expression_node.cc	686	688	3	pending	Remaining source logic: typed exponent arithmetic/simplification/extended functions/anchor/progress/random or unported primitive APIs; see exact source line
core/css/css_math_expression_node.cc	689	689	0	scaffolding	Comments blanks preprocessor namespace or delimiter-only line
core/css/css_math_expression_node.cc	690	690	1	pending	Remaining source logic: typed exponent arithmetic/simplification/extended functions/anchor/progress/random or unported primitive APIs; see exact source line
core/css/css_math_expression_node.cc	691	693	0	scaffolding	Comments blanks preprocessor namespace or delimiter-only line
core/css/css_math_expression_node.cc	694	697	4	pending	Remaining source logic: typed exponent arithmetic/simplification/extended functions/anchor/progress/random or unported primitive APIs; see exact source line
core/css/css_math_expression_node.cc	698	698	0	scaffolding	Comments blanks preprocessor namespace or delimiter-only line
core/css/css_math_expression_node.cc	699	701	3	pending	Remaining source logic: typed exponent arithmetic/simplification/extended functions/anchor/progress/random or unported primitive APIs; see exact source line
core/css/css_math_expression_node.cc	702	702	0	scaffolding	Comments blanks preprocessor namespace or delimiter-only line
core/css/css_math_expression_node.cc	703	703	1	pending	Remaining source logic: typed exponent arithmetic/simplification/extended functions/anchor/progress/random or unported primitive APIs; see exact source line
core/css/css_math_expression_node.cc	704	704	0	scaffolding	Comments blanks preprocessor namespace or delimiter-only line
core/css/css_math_expression_node.cc	705	708	4	pending	Remaining source logic: typed exponent arithmetic/simplification/extended functions/anchor/progress/random or unported primitive APIs; see exact source line
core/css/css_math_expression_node.cc	709	709	0	scaffolding	Comments blanks preprocessor namespace or delimiter-only line
core/css/css_math_expression_node.cc	710	712	3	pending	Remaining source logic: typed exponent arithmetic/simplification/extended functions/anchor/progress/random or unported primitive APIs; see exact source line
core/css/css_math_expression_node.cc	713	713	0	scaffolding	Comments blanks preprocessor namespace or delimiter-only line
core/css/css_math_expression_node.cc	714	714	1	pending	Remaining source logic: typed exponent arithmetic/simplification/extended functions/anchor/progress/random or unported primitive APIs; see exact source line
core/css/css_math_expression_node.cc	715	715	0	scaffolding	Comments blanks preprocessor namespace or delimiter-only line
core/css/css_math_expression_node.cc	716	717	2	pending	Remaining source logic: typed exponent arithmetic/simplification/extended functions/anchor/progress/random or unported primitive APIs; see exact source line
core/css/css_math_expression_node.cc	718	718	0	scaffolding	Comments blanks preprocessor namespace or delimiter-only line
core/css/css_math_expression_node.cc	719	719	1	pending	Remaining source logic: typed exponent arithmetic/simplification/extended functions/anchor/progress/random or unported primitive APIs; see exact source line
core/css/css_math_expression_node.cc	720	721	0	scaffolding	Comments blanks preprocessor namespace or delimiter-only line
core/css/css_math_expression_node.cc	722	724	3	pending	Remaining source logic: typed exponent arithmetic/simplification/extended functions/anchor/progress/random or unported primitive APIs; see exact source line
core/css/css_math_expression_node.cc	725	725	0	scaffolding	Comments blanks preprocessor namespace or delimiter-only line
core/css/css_math_expression_node.cc	726	727	2	pending	Remaining source logic: typed exponent arithmetic/simplification/extended functions/anchor/progress/random or unported primitive APIs; see exact source line
core/css/css_math_expression_node.cc	728	729	0	scaffolding	Comments blanks preprocessor namespace or delimiter-only line
core/css/css_math_expression_node.cc	730	741	12	pending	Remaining source logic: typed exponent arithmetic/simplification/extended functions/anchor/progress/random or unported primitive APIs; see exact source line
core/css/css_math_expression_node.cc	742	744	0	scaffolding	Comments blanks preprocessor namespace or delimiter-only line
core/css/css_math_expression_node.cc	745	748	4	pending	Remaining source logic: typed exponent arithmetic/simplification/extended functions/anchor/progress/random or unported primitive APIs; see exact source line
core/css/css_math_expression_node.cc	749	750	0	scaffolding	Comments blanks preprocessor namespace or delimiter-only line
core/css/css_math_expression_node.cc	751	751	1	pending	Remaining source logic: typed exponent arithmetic/simplification/extended functions/anchor/progress/random or unported primitive APIs; see exact source line
core/css/css_math_expression_node.cc	752	753	0	scaffolding	Comments blanks preprocessor namespace or delimiter-only line
core/css/css_math_expression_node.cc	754	756	3	pending	Remaining source logic: typed exponent arithmetic/simplification/extended functions/anchor/progress/random or unported primitive APIs; see exact source line
core/css/css_math_expression_node.cc	757	758	0	scaffolding	Comments blanks preprocessor namespace or delimiter-only line
core/css/css_math_expression_node.cc	759	764	6	pending	Remaining source logic: typed exponent arithmetic/simplification/extended functions/anchor/progress/random or unported primitive APIs; see exact source line
core/css/css_math_expression_node.cc	765	765	0	scaffolding	Comments blanks preprocessor namespace or delimiter-only line
core/css/css_math_expression_node.cc	766	767	2	pending	Remaining source logic: typed exponent arithmetic/simplification/extended functions/anchor/progress/random or unported primitive APIs; see exact source line
core/css/css_math_expression_node.cc	768	769	0	scaffolding	Comments blanks preprocessor namespace or delimiter-only line
core/css/css_math_expression_node.cc	770	771	2	pending	Remaining source logic: typed exponent arithmetic/simplification/extended functions/anchor/progress/random or unported primitive APIs; see exact source line
core/css/css_math_expression_node.cc	772	773	0	scaffolding	Comments blanks preprocessor namespace or delimiter-only line
core/css/css_math_expression_node.cc	774	776	3	pending	Remaining source logic: typed exponent arithmetic/simplification/extended functions/anchor/progress/random or unported primitive APIs; see exact source line
core/css/css_math_expression_node.cc	777	778	0	scaffolding	Comments blanks preprocessor namespace or delimiter-only line
core/css/css_math_expression_node.cc	779	781	3	pending	Remaining source logic: typed exponent arithmetic/simplification/extended functions/anchor/progress/random or unported primitive APIs; see exact source line
core/css/css_math_expression_node.cc	782	782	0	scaffolding	Comments blanks preprocessor namespace or delimiter-only line
core/css/css_math_expression_node.cc	783	783	1	pending	Remaining source logic: typed exponent arithmetic/simplification/extended functions/anchor/progress/random or unported primitive APIs; see exact source line
core/css/css_math_expression_node.cc	784	785	0	scaffolding	Comments blanks preprocessor namespace or delimiter-only line
core/css/css_math_expression_node.cc	786	789	4	pending	Remaining source logic: typed exponent arithmetic/simplification/extended functions/anchor/progress/random or unported primitive APIs; see exact source line
core/css/css_math_expression_node.cc	790	795	0	scaffolding	Comments blanks preprocessor namespace or delimiter-only line
core/css/css_math_expression_node.cc	796	801	6	pending	Remaining source logic: typed exponent arithmetic/simplification/extended functions/anchor/progress/random or unported primitive APIs; see exact source line
core/css/css_math_expression_node.cc	802	802	0	scaffolding	Comments blanks preprocessor namespace or delimiter-only line
core/css/css_math_expression_node.cc	803	803	1	pending	Remaining source logic: typed exponent arithmetic/simplification/extended functions/anchor/progress/random or unported primitive APIs; see exact source line
core/css/css_math_expression_node.cc	804	804	0	scaffolding	Comments blanks preprocessor namespace or delimiter-only line
core/css/css_math_expression_node.cc	805	810	6	pending	Remaining source logic: typed exponent arithmetic/simplification/extended functions/anchor/progress/random or unported primitive APIs; see exact source line
core/css/css_math_expression_node.cc	811	811	0	scaffolding	Comments blanks preprocessor namespace or delimiter-only line
core/css/css_math_expression_node.cc	812	812	1	pending	Remaining source logic: typed exponent arithmetic/simplification/extended functions/anchor/progress/random or unported primitive APIs; see exact source line
core/css/css_math_expression_node.cc	813	813	0	scaffolding	Comments blanks preprocessor namespace or delimiter-only line
core/css/css_math_expression_node.cc	814	814	1	pending	Remaining source logic: typed exponent arithmetic/simplification/extended functions/anchor/progress/random or unported primitive APIs; see exact source line
core/css/css_math_expression_node.cc	815	816	0	scaffolding	Comments blanks preprocessor namespace or delimiter-only line
core/css/css_math_expression_node.cc	817	819	3	pending	Remaining source logic: typed exponent arithmetic/simplification/extended functions/anchor/progress/random or unported primitive APIs; see exact source line
core/css/css_math_expression_node.cc	820	820	0	scaffolding	Comments blanks preprocessor namespace or delimiter-only line
core/css/css_math_expression_node.cc	821	823	3	pending	Remaining source logic: typed exponent arithmetic/simplification/extended functions/anchor/progress/random or unported primitive APIs; see exact source line
core/css/css_math_expression_node.cc	824	824	0	scaffolding	Comments blanks preprocessor namespace or delimiter-only line
core/css/css_math_expression_node.cc	825	827	3	pending	Remaining source logic: typed exponent arithmetic/simplification/extended functions/anchor/progress/random or unported primitive APIs; see exact source line
core/css/css_math_expression_node.cc	828	828	0	scaffolding	Comments blanks preprocessor namespace or delimiter-only line
core/css/css_math_expression_node.cc	829	829	1	pending	Remaining source logic: typed exponent arithmetic/simplification/extended functions/anchor/progress/random or unported primitive APIs; see exact source line
core/css/css_math_expression_node.cc	830	830	0	scaffolding	Comments blanks preprocessor namespace or delimiter-only line
core/css/css_math_expression_node.cc	831	834	4	pending	Remaining source logic: typed exponent arithmetic/simplification/extended functions/anchor/progress/random or unported primitive APIs; see exact source line
core/css/css_math_expression_node.cc	835	835	0	scaffolding	Comments blanks preprocessor namespace or delimiter-only line
core/css/css_math_expression_node.cc	836	837	2	pending	Remaining source logic: typed exponent arithmetic/simplification/extended functions/anchor/progress/random or unported primitive APIs; see exact source line
core/css/css_math_expression_node.cc	838	839	0	scaffolding	Comments blanks preprocessor namespace or delimiter-only line
core/css/css_math_expression_node.cc	840	842	3	pending	Remaining source logic: typed exponent arithmetic/simplification/extended functions/anchor/progress/random or unported primitive APIs; see exact source line
core/css/css_math_expression_node.cc	843	843	0	scaffolding	Comments blanks preprocessor namespace or delimiter-only line
core/css/css_math_expression_node.cc	844	846	3	pending	Remaining source logic: typed exponent arithmetic/simplification/extended functions/anchor/progress/random or unported primitive APIs; see exact source line
core/css/css_math_expression_node.cc	847	847	0	scaffolding	Comments blanks preprocessor namespace or delimiter-only line
core/css/css_math_expression_node.cc	848	848	1	pending	Remaining source logic: typed exponent arithmetic/simplification/extended functions/anchor/progress/random or unported primitive APIs; see exact source line
core/css/css_math_expression_node.cc	849	850	0	scaffolding	Comments blanks preprocessor namespace or delimiter-only line
core/css/css_math_expression_node.cc	851	853	3	pending	Remaining source logic: typed exponent arithmetic/simplification/extended functions/anchor/progress/random or unported primitive APIs; see exact source line
core/css/css_math_expression_node.cc	854	854	0	scaffolding	Comments blanks preprocessor namespace or delimiter-only line
core/css/css_math_expression_node.cc	855	857	3	pending	Remaining source logic: typed exponent arithmetic/simplification/extended functions/anchor/progress/random or unported primitive APIs; see exact source line
core/css/css_math_expression_node.cc	858	859	0	scaffolding	Comments blanks preprocessor namespace or delimiter-only line
core/css/css_math_expression_node.cc	860	862	3	pending	Remaining source logic: typed exponent arithmetic/simplification/extended functions/anchor/progress/random or unported primitive APIs; see exact source line
core/css/css_math_expression_node.cc	863	864	0	scaffolding	Comments blanks preprocessor namespace or delimiter-only line
core/css/css_math_expression_node.cc	865	865	1	pending	Remaining source logic: typed exponent arithmetic/simplification/extended functions/anchor/progress/random or unported primitive APIs; see exact source line
core/css/css_math_expression_node.cc	866	867	0	scaffolding	Comments blanks preprocessor namespace or delimiter-only line
core/css/css_math_expression_node.cc	868	875	8	pending	Remaining source logic: typed exponent arithmetic/simplification/extended functions/anchor/progress/random or unported primitive APIs; see exact source line
core/css/css_math_expression_node.cc	876	876	0	scaffolding	Comments blanks preprocessor namespace or delimiter-only line
core/css/css_math_expression_node.cc	877	889	13	pending	Remaining source logic: typed exponent arithmetic/simplification/extended functions/anchor/progress/random or unported primitive APIs; see exact source line
core/css/css_math_expression_node.cc	890	890	0	scaffolding	Comments blanks preprocessor namespace or delimiter-only line
core/css/css_math_expression_node.cc	891	893	3	pending	Remaining source logic: typed exponent arithmetic/simplification/extended functions/anchor/progress/random or unported primitive APIs; see exact source line
core/css/css_math_expression_node.cc	894	894	0	scaffolding	Comments blanks preprocessor namespace or delimiter-only line
core/css/css_math_expression_node.cc	895	895	1	pending	Remaining source logic: typed exponent arithmetic/simplification/extended functions/anchor/progress/random or unported primitive APIs; see exact source line
core/css/css_math_expression_node.cc	896	900	0	scaffolding	Comments blanks preprocessor namespace or delimiter-only line
core/css/css_math_expression_node.cc	901	902	2	pending	Remaining source logic: typed exponent arithmetic/simplification/extended functions/anchor/progress/random or unported primitive APIs; see exact source line
core/css/css_math_expression_node.cc	903	903	0	scaffolding	Comments blanks preprocessor namespace or delimiter-only line
core/css/css_math_expression_node.cc	904	904	1	pending	Remaining source logic: typed exponent arithmetic/simplification/extended functions/anchor/progress/random or unported primitive APIs; see exact source line
core/css/css_math_expression_node.cc	905	905	0	scaffolding	Comments blanks preprocessor namespace or delimiter-only line
core/css/css_math_expression_node.cc	906	908	3	pending	Remaining source logic: typed exponent arithmetic/simplification/extended functions/anchor/progress/random or unported primitive APIs; see exact source line
core/css/css_math_expression_node.cc	909	910	0	scaffolding	Comments blanks preprocessor namespace or delimiter-only line
core/css/css_math_expression_node.cc	911	916	6	pending	Remaining source logic: typed exponent arithmetic/simplification/extended functions/anchor/progress/random or unported primitive APIs; see exact source line
core/css/css_math_expression_node.cc	917	917	0	scaffolding	Comments blanks preprocessor namespace or delimiter-only line
core/css/css_math_expression_node.cc	918	919	2	pending	Remaining source logic: typed exponent arithmetic/simplification/extended functions/anchor/progress/random or unported primitive APIs; see exact source line
core/css/css_math_expression_node.cc	920	923	0	scaffolding	Comments blanks preprocessor namespace or delimiter-only line
core/css/css_math_expression_node.cc	924	927	4	pending	Remaining source logic: typed exponent arithmetic/simplification/extended functions/anchor/progress/random or unported primitive APIs; see exact source line
core/css/css_math_expression_node.cc	928	928	0	scaffolding	Comments blanks preprocessor namespace or delimiter-only line
core/css/css_math_expression_node.cc	929	934	6	pending	Remaining source logic: typed exponent arithmetic/simplification/extended functions/anchor/progress/random or unported primitive APIs; see exact source line
core/css/css_math_expression_node.cc	935	936	0	scaffolding	Comments blanks preprocessor namespace or delimiter-only line
core/css/css_math_expression_node.cc	937	938	2	pending	Remaining source logic: typed exponent arithmetic/simplification/extended functions/anchor/progress/random or unported primitive APIs; see exact source line
core/css/css_math_expression_node.cc	939	942	0	scaffolding	Comments blanks preprocessor namespace or delimiter-only line
core/css/css_math_expression_node.cc	943	946	4	pending	Remaining source logic: typed exponent arithmetic/simplification/extended functions/anchor/progress/random or unported primitive APIs; see exact source line
core/css/css_math_expression_node.cc	947	948	0	scaffolding	Comments blanks preprocessor namespace or delimiter-only line
core/css/css_math_expression_node.cc	949	951	3	pending	Remaining source logic: typed exponent arithmetic/simplification/extended functions/anchor/progress/random or unported primitive APIs; see exact source line
core/css/css_math_expression_node.cc	952	952	0	scaffolding	Comments blanks preprocessor namespace or delimiter-only line
core/css/css_math_expression_node.cc	953	953	1	pending	Remaining source logic: typed exponent arithmetic/simplification/extended functions/anchor/progress/random or unported primitive APIs; see exact source line
core/css/css_math_expression_node.cc	954	954	0	scaffolding	Comments blanks preprocessor namespace or delimiter-only line
core/css/css_math_expression_node.cc	955	960	6	pending	Remaining source logic: typed exponent arithmetic/simplification/extended functions/anchor/progress/random or unported primitive APIs; see exact source line
core/css/css_math_expression_node.cc	961	961	0	scaffolding	Comments blanks preprocessor namespace or delimiter-only line
core/css/css_math_expression_node.cc	962	962	1	pending	Remaining source logic: typed exponent arithmetic/simplification/extended functions/anchor/progress/random or unported primitive APIs; see exact source line
core/css/css_math_expression_node.cc	963	969	0	scaffolding	Comments blanks preprocessor namespace or delimiter-only line
core/css/css_math_expression_node.cc	970	976	7	pending	Remaining source logic: typed exponent arithmetic/simplification/extended functions/anchor/progress/random or unported primitive APIs; see exact source line
core/css/css_math_expression_node.cc	977	977	0	scaffolding	Comments blanks preprocessor namespace or delimiter-only line
core/css/css_math_expression_node.cc	978	988	11	pending	Remaining source logic: typed exponent arithmetic/simplification/extended functions/anchor/progress/random or unported primitive APIs; see exact source line
core/css/css_math_expression_node.cc	989	989	0	scaffolding	Comments blanks preprocessor namespace or delimiter-only line
core/css/css_math_expression_node.cc	990	991	2	pending	Remaining source logic: typed exponent arithmetic/simplification/extended functions/anchor/progress/random or unported primitive APIs; see exact source line
core/css/css_math_expression_node.cc	992	994	0	scaffolding	Comments blanks preprocessor namespace or delimiter-only line
core/css/css_math_expression_node.cc	995	995	1	pending	Remaining source logic: typed exponent arithmetic/simplification/extended functions/anchor/progress/random or unported primitive APIs; see exact source line
core/css/css_math_expression_node.cc	996	996	0	scaffolding	Comments blanks preprocessor namespace or delimiter-only line
core/css/css_math_expression_node.cc	997	997	1	pending	Remaining source logic: typed exponent arithmetic/simplification/extended functions/anchor/progress/random or unported primitive APIs; see exact source line
core/css/css_math_expression_node.cc	998	1002	0	scaffolding	Comments blanks preprocessor namespace or delimiter-only line
core/css/css_math_expression_node.cc	1003	1009	7	pending	Remaining source logic: typed exponent arithmetic/simplification/extended functions/anchor/progress/random or unported primitive APIs; see exact source line
core/css/css_math_expression_node.cc	1010	1010	0	scaffolding	Comments blanks preprocessor namespace or delimiter-only line
core/css/css_math_expression_node.cc	1011	1020	10	pending	Remaining source logic: typed exponent arithmetic/simplification/extended functions/anchor/progress/random or unported primitive APIs; see exact source line
core/css/css_math_expression_node.cc	1021	1021	0	scaffolding	Comments blanks preprocessor namespace or delimiter-only line
core/css/css_math_expression_node.cc	1022	1022	1	pending	Remaining source logic: typed exponent arithmetic/simplification/extended functions/anchor/progress/random or unported primitive APIs; see exact source line
core/css/css_math_expression_node.cc	1023	1024	0	scaffolding	Comments blanks preprocessor namespace or delimiter-only line
core/css/css_math_expression_node.cc	1025	1025	1	pending	Remaining source logic: typed exponent arithmetic/simplification/extended functions/anchor/progress/random or unported primitive APIs; see exact source line
core/css/css_math_expression_node.cc	1026	1026	0	scaffolding	Comments blanks preprocessor namespace or delimiter-only line
core/css/css_math_expression_node.cc	1027	1027	1	pending	Remaining source logic: typed exponent arithmetic/simplification/extended functions/anchor/progress/random or unported primitive APIs; see exact source line
core/css/css_math_expression_node.cc	1028	1034	0	scaffolding	Comments blanks preprocessor namespace or delimiter-only line
core/css/css_math_expression_node.cc	1035	1037	3	pending	Remaining source logic: typed exponent arithmetic/simplification/extended functions/anchor/progress/random or unported primitive APIs; see exact source line
core/css/css_math_expression_node.cc	1038	1039	0	scaffolding	Comments blanks preprocessor namespace or delimiter-only line
core/css/css_math_expression_node.cc	1040	1040	1	pending	Remaining source logic: typed exponent arithmetic/simplification/extended functions/anchor/progress/random or unported primitive APIs; see exact source line
core/css/css_math_expression_node.cc	1041	1041	0	scaffolding	Comments blanks preprocessor namespace or delimiter-only line
core/css/css_math_expression_node.cc	1042	1042	1	pending	Remaining source logic: typed exponent arithmetic/simplification/extended functions/anchor/progress/random or unported primitive APIs; see exact source line
core/css/css_math_expression_node.cc	1043	1045	0	scaffolding	Comments blanks preprocessor namespace or delimiter-only line
core/css/css_math_expression_node.cc	1046	1050	5	pending	Remaining source logic: typed exponent arithmetic/simplification/extended functions/anchor/progress/random or unported primitive APIs; see exact source line
core/css/css_math_expression_node.cc	1051	1051	0	scaffolding	Comments blanks preprocessor namespace or delimiter-only line
core/css/css_math_expression_node.cc	1052	1052	1	pending	Remaining source logic: typed exponent arithmetic/simplification/extended functions/anchor/progress/random or unported primitive APIs; see exact source line
core/css/css_math_expression_node.cc	1053	1054	0	scaffolding	Comments blanks preprocessor namespace or delimiter-only line
core/css/css_math_expression_node.cc	1055	1058	4	pending	Remaining source logic: typed exponent arithmetic/simplification/extended functions/anchor/progress/random or unported primitive APIs; see exact source line
core/css/css_math_expression_node.cc	1059	1061	0	scaffolding	Comments blanks preprocessor namespace or delimiter-only line
core/css/css_math_expression_node.cc	1062	1065	4	pending	Remaining source logic: typed exponent arithmetic/simplification/extended functions/anchor/progress/random or unported primitive APIs; see exact source line
core/css/css_math_expression_node.cc	1066	1070	0	scaffolding	Comments blanks preprocessor namespace or delimiter-only line
core/css/css_math_expression_node.cc	1071	1075	5	pending	Remaining source logic: typed exponent arithmetic/simplification/extended functions/anchor/progress/random or unported primitive APIs; see exact source line
core/css/css_math_expression_node.cc	1076	1076	0	scaffolding	Comments blanks preprocessor namespace or delimiter-only line
core/css/css_math_expression_node.cc	1077	1080	4	pending	Remaining source logic: typed exponent arithmetic/simplification/extended functions/anchor/progress/random or unported primitive APIs; see exact source line
core/css/css_math_expression_node.cc	1081	1081	0	scaffolding	Comments blanks preprocessor namespace or delimiter-only line
core/css/css_math_expression_node.cc	1082	1082	1	pending	Remaining source logic: typed exponent arithmetic/simplification/extended functions/anchor/progress/random or unported primitive APIs; see exact source line
core/css/css_math_expression_node.cc	1083	1083	0	scaffolding	Comments blanks preprocessor namespace or delimiter-only line
core/css/css_math_expression_node.cc	1084	1085	2	pending	Remaining source logic: typed exponent arithmetic/simplification/extended functions/anchor/progress/random or unported primitive APIs; see exact source line
core/css/css_math_expression_node.cc	1086	1087	0	scaffolding	Comments blanks preprocessor namespace or delimiter-only line
core/css/css_math_expression_node.cc	1088	1089	2	pending	Remaining source logic: typed exponent arithmetic/simplification/extended functions/anchor/progress/random or unported primitive APIs; see exact source line
core/css/css_math_expression_node.cc	1090	1097	0	scaffolding	Comments blanks preprocessor namespace or delimiter-only line
core/css/css_math_expression_node.cc	1098	1102	5	pending	Remaining source logic: typed exponent arithmetic/simplification/extended functions/anchor/progress/random or unported primitive APIs; see exact source line
core/css/css_math_expression_node.cc	1103	1103	0	scaffolding	Comments blanks preprocessor namespace or delimiter-only line
core/css/css_math_expression_node.cc	1104	1104	1	pending	Remaining source logic: typed exponent arithmetic/simplification/extended functions/anchor/progress/random or unported primitive APIs; see exact source line
core/css/css_math_expression_node.cc	1105	1110	0	scaffolding	Comments blanks preprocessor namespace or delimiter-only line
core/css/css_math_expression_node.cc	1111	1116	6	pending	Remaining source logic: typed exponent arithmetic/simplification/extended functions/anchor/progress/random or unported primitive APIs; see exact source line
core/css/css_math_expression_node.cc	1117	1118	0	scaffolding	Comments blanks preprocessor namespace or delimiter-only line
core/css/css_math_expression_node.cc	1119	1119	1	pending	Remaining source logic: typed exponent arithmetic/simplification/extended functions/anchor/progress/random or unported primitive APIs; see exact source line
core/css/css_math_expression_node.cc	1120	1120	0	scaffolding	Comments blanks preprocessor namespace or delimiter-only line
core/css/css_math_expression_node.cc	1121	1121	1	pending	Remaining source logic: typed exponent arithmetic/simplification/extended functions/anchor/progress/random or unported primitive APIs; see exact source line
core/css/css_math_expression_node.cc	1122	1124	0	scaffolding	Comments blanks preprocessor namespace or delimiter-only line
core/css/css_math_expression_node.cc	1125	1128	4	pending	Remaining source logic: typed exponent arithmetic/simplification/extended functions/anchor/progress/random or unported primitive APIs; see exact source line
core/css/css_math_expression_node.cc	1129	1132	0	scaffolding	Comments blanks preprocessor namespace or delimiter-only line
core/css/css_math_expression_node.cc	1133	1137	5	pending	Remaining source logic: typed exponent arithmetic/simplification/extended functions/anchor/progress/random or unported primitive APIs; see exact source line
core/css/css_math_expression_node.cc	1138	1141	0	scaffolding	Comments blanks preprocessor namespace or delimiter-only line
core/css/css_math_expression_node.cc	1142	1147	6	pending	Remaining source logic: typed exponent arithmetic/simplification/extended functions/anchor/progress/random or unported primitive APIs; see exact source line
core/css/css_math_expression_node.cc	1148	1150	0	scaffolding	Comments blanks preprocessor namespace or delimiter-only line
core/css/css_math_expression_node.cc	1151	1151	1	pending	Remaining source logic: typed exponent arithmetic/simplification/extended functions/anchor/progress/random or unported primitive APIs; see exact source line
core/css/css_math_expression_node.cc	1152	1153	0	scaffolding	Comments blanks preprocessor namespace or delimiter-only line
core/css/css_math_expression_node.cc	1154	1159	6	pending	Remaining source logic: typed exponent arithmetic/simplification/extended functions/anchor/progress/random or unported primitive APIs; see exact source line
core/css/css_math_expression_node.cc	1160	1160	0	scaffolding	Comments blanks preprocessor namespace or delimiter-only line
core/css/css_math_expression_node.cc	1161	1162	2	pending	Remaining source logic: typed exponent arithmetic/simplification/extended functions/anchor/progress/random or unported primitive APIs; see exact source line
core/css/css_math_expression_node.cc	1163	1165	0	scaffolding	Comments blanks preprocessor namespace or delimiter-only line
core/css/css_math_expression_node.cc	1166	1166	1	pending	Remaining source logic: typed exponent arithmetic/simplification/extended functions/anchor/progress/random or unported primitive APIs; see exact source line
core/css/css_math_expression_node.cc	1167	1167	0	scaffolding	Comments blanks preprocessor namespace or delimiter-only line
core/css/css_math_expression_node.cc	1168	1169	2	pending	Remaining source logic: typed exponent arithmetic/simplification/extended functions/anchor/progress/random or unported primitive APIs; see exact source line
core/css/css_math_expression_node.cc	1170	1170	0	scaffolding	Comments blanks preprocessor namespace or delimiter-only line
core/css/css_math_expression_node.cc	1171	1173	3	pending	Remaining source logic: typed exponent arithmetic/simplification/extended functions/anchor/progress/random or unported primitive APIs; see exact source line
core/css/css_math_expression_node.cc	1174	1175	0	scaffolding	Comments blanks preprocessor namespace or delimiter-only line
core/css/css_math_expression_node.cc	1176	1177	2	pending	Remaining source logic: typed exponent arithmetic/simplification/extended functions/anchor/progress/random or unported primitive APIs; see exact source line
core/css/css_math_expression_node.cc	1178	1179	0	scaffolding	Comments blanks preprocessor namespace or delimiter-only line
core/css/css_math_expression_node.cc	1180	1182	3	pending	Remaining source logic: typed exponent arithmetic/simplification/extended functions/anchor/progress/random or unported primitive APIs; see exact source line
core/css/css_math_expression_node.cc	1183	1187	0	scaffolding	Comments blanks preprocessor namespace or delimiter-only line
core/css/css_math_expression_node.cc	1188	1192	5	pending	Remaining source logic: typed exponent arithmetic/simplification/extended functions/anchor/progress/random or unported primitive APIs; see exact source line
core/css/css_math_expression_node.cc	1193	1198	0	scaffolding	Comments blanks preprocessor namespace or delimiter-only line
core/css/css_math_expression_node.cc	1199	1199	1	pending	Remaining source logic: typed exponent arithmetic/simplification/extended functions/anchor/progress/random or unported primitive APIs; see exact source line
core/css/css_math_expression_node.cc	1200	1200	0	scaffolding	Comments blanks preprocessor namespace or delimiter-only line
core/css/css_math_expression_node.cc	1201	1201	1	pending	Remaining source logic: typed exponent arithmetic/simplification/extended functions/anchor/progress/random or unported primitive APIs; see exact source line
core/css/css_math_expression_node.cc	1202	1203	0	scaffolding	Comments blanks preprocessor namespace or delimiter-only line
core/css/css_math_expression_node.cc	1204	1209	6	pending	Remaining source logic: typed exponent arithmetic/simplification/extended functions/anchor/progress/random or unported primitive APIs; see exact source line
core/css/css_math_expression_node.cc	1210	1212	0	scaffolding	Comments blanks preprocessor namespace or delimiter-only line
core/css/css_math_expression_node.cc	1213	1213	1	pending	Remaining source logic: typed exponent arithmetic/simplification/extended functions/anchor/progress/random or unported primitive APIs; see exact source line
core/css/css_math_expression_node.cc	1214	1215	0	scaffolding	Comments blanks preprocessor namespace or delimiter-only line
core/css/css_math_expression_node.cc	1216	1221	6	pending	Remaining source logic: typed exponent arithmetic/simplification/extended functions/anchor/progress/random or unported primitive APIs; see exact source line
core/css/css_math_expression_node.cc	1222	1222	0	scaffolding	Comments blanks preprocessor namespace or delimiter-only line
core/css/css_math_expression_node.cc	1223	1226	4	pending	Remaining source logic: typed exponent arithmetic/simplification/extended functions/anchor/progress/random or unported primitive APIs; see exact source line
core/css/css_math_expression_node.cc	1227	1230	0	scaffolding	Comments blanks preprocessor namespace or delimiter-only line
core/css/css_math_expression_node.cc	1231	1244	14	pending	Remaining source logic: typed exponent arithmetic/simplification/extended functions/anchor/progress/random or unported primitive APIs; see exact source line
core/css/css_math_expression_node.cc	1245	1250	0	scaffolding	Comments blanks preprocessor namespace or delimiter-only line
core/css/css_math_expression_node.cc	1251	1252	2	pending	Remaining source logic: typed exponent arithmetic/simplification/extended functions/anchor/progress/random or unported primitive APIs; see exact source line
core/css/css_math_expression_node.cc	1253	1255	0	scaffolding	Comments blanks preprocessor namespace or delimiter-only line
core/css/css_math_expression_node.cc	1256	1270	15	pending	Remaining source logic: typed exponent arithmetic/simplification/extended functions/anchor/progress/random or unported primitive APIs; see exact source line
core/css/css_math_expression_node.cc	1271	1276	0	scaffolding	Comments blanks preprocessor namespace or delimiter-only line
core/css/css_math_expression_node.cc	1277	1278	2	pending	Remaining source logic: typed exponent arithmetic/simplification/extended functions/anchor/progress/random or unported primitive APIs; see exact source line
core/css/css_math_expression_node.cc	1279	1279	0	scaffolding	Comments blanks preprocessor namespace or delimiter-only line
core/css/css_math_expression_node.cc	1280	1280	1	pending	Remaining source logic: typed exponent arithmetic/simplification/extended functions/anchor/progress/random or unported primitive APIs; see exact source line
core/css/css_math_expression_node.cc	1281	1284	0	scaffolding	Comments blanks preprocessor namespace or delimiter-only line
core/css/css_math_expression_node.cc	1285	1291	7	pending	Remaining source logic: typed exponent arithmetic/simplification/extended functions/anchor/progress/random or unported primitive APIs; see exact source line
core/css/css_math_expression_node.cc	1292	1296	0	scaffolding	Comments blanks preprocessor namespace or delimiter-only line
core/css/css_math_expression_node.cc	1297	1299	3	pending	Remaining source logic: typed exponent arithmetic/simplification/extended functions/anchor/progress/random or unported primitive APIs; see exact source line
core/css/css_math_expression_node.cc	1300	1302	0	scaffolding	Comments blanks preprocessor namespace or delimiter-only line
core/css/css_math_expression_node.cc	1303	1307	5	pending	Remaining source logic: typed exponent arithmetic/simplification/extended functions/anchor/progress/random or unported primitive APIs; see exact source line
core/css/css_math_expression_node.cc	1308	1309	0	scaffolding	Comments blanks preprocessor namespace or delimiter-only line
core/css/css_math_expression_node.cc	1310	1313	4	pending	Remaining source logic: typed exponent arithmetic/simplification/extended functions/anchor/progress/random or unported primitive APIs; see exact source line
core/css/css_math_expression_node.cc	1314	1322	0	scaffolding	Comments blanks preprocessor namespace or delimiter-only line
core/css/css_math_expression_node.cc	1323	1323	1	pending	Remaining source logic: typed exponent arithmetic/simplification/extended functions/anchor/progress/random or unported primitive APIs; see exact source line
core/css/css_math_expression_node.cc	1324	1326	0	scaffolding	Comments blanks preprocessor namespace or delimiter-only line
core/css/css_math_expression_node.cc	1327	1329	3	pending	Remaining source logic: typed exponent arithmetic/simplification/extended functions/anchor/progress/random or unported primitive APIs; see exact source line
core/css/css_math_expression_node.cc	1330	1330	1	mapped	css_math_expression_node.rs Numeric CssText
core/css/css_math_expression_node.cc	1331	1331	0	scaffolding	Comments blanks preprocessor namespace or delimiter-only line
core/css/css_math_expression_node.cc	1332	1332	1	mapped	css_math_expression_node.rs Numeric CssText
core/css/css_math_expression_node.cc	1333	1333	1	pending	Remaining source logic: typed exponent arithmetic/simplification/extended functions/anchor/progress/random or unported primitive APIs; see exact source line
core/css/css_math_expression_node.cc	1334	1335	0	scaffolding	Comments blanks preprocessor namespace or delimiter-only line
core/css/css_math_expression_node.cc	1336	1337	2	pending	Remaining source logic: typed exponent arithmetic/simplification/extended functions/anchor/progress/random or unported primitive APIs; see exact source line
core/css/css_math_expression_node.cc	1338	1339	0	scaffolding	Comments blanks preprocessor namespace or delimiter-only line
core/css/css_math_expression_node.cc	1340	1343	4	pending	Remaining source logic: typed exponent arithmetic/simplification/extended functions/anchor/progress/random or unported primitive APIs; see exact source line
core/css/css_math_expression_node.cc	1344	1352	9	mapped	css_math_expression_node.rs ToCalculationExpression length/percent leaves
core/css/css_math_expression_node.cc	1353	1353	1	pending	Remaining source logic: typed exponent arithmetic/simplification/extended functions/anchor/progress/random or unported primitive APIs; see exact source line
core/css/css_math_expression_node.cc	1354	1356	0	scaffolding	Comments blanks preprocessor namespace or delimiter-only line
core/css/css_math_expression_node.cc	1357	1361	5	pending	Remaining source logic: typed exponent arithmetic/simplification/extended functions/anchor/progress/random or unported primitive APIs; see exact source line
core/css/css_math_expression_node.cc	1362	1364	0	scaffolding	Comments blanks preprocessor namespace or delimiter-only line
core/css/css_math_expression_node.cc	1365	1370	6	pending	Remaining source logic: typed exponent arithmetic/simplification/extended functions/anchor/progress/random or unported primitive APIs; see exact source line
core/css/css_math_expression_node.cc	1371	1373	0	scaffolding	Comments blanks preprocessor namespace or delimiter-only line
core/css/css_math_expression_node.cc	1374	1387	14	pending	Remaining source logic: typed exponent arithmetic/simplification/extended functions/anchor/progress/random or unported primitive APIs; see exact source line
core/css/css_math_expression_node.cc	1388	1388	0	scaffolding	Comments blanks preprocessor namespace or delimiter-only line
core/css/css_math_expression_node.cc	1389	1390	2	pending	Remaining source logic: typed exponent arithmetic/simplification/extended functions/anchor/progress/random or unported primitive APIs; see exact source line
core/css/css_math_expression_node.cc	1391	1391	0	scaffolding	Comments blanks preprocessor namespace or delimiter-only line
core/css/css_math_expression_node.cc	1392	1393	2	pending	Remaining source logic: typed exponent arithmetic/simplification/extended functions/anchor/progress/random or unported primitive APIs; see exact source line
core/css/css_math_expression_node.cc	1394	1395	0	scaffolding	Comments blanks preprocessor namespace or delimiter-only line
core/css/css_math_expression_node.cc	1396	1398	3	pending	Remaining source logic: typed exponent arithmetic/simplification/extended functions/anchor/progress/random or unported primitive APIs; see exact source line
core/css/css_math_expression_node.cc	1399	1399	0	scaffolding	Comments blanks preprocessor namespace or delimiter-only line
core/css/css_math_expression_node.cc	1400	1401	2	pending	Remaining source logic: typed exponent arithmetic/simplification/extended functions/anchor/progress/random or unported primitive APIs; see exact source line
core/css/css_math_expression_node.cc	1402	1403	0	scaffolding	Comments blanks preprocessor namespace or delimiter-only line
core/css/css_math_expression_node.cc	1404	1404	1	pending	Remaining source logic: typed exponent arithmetic/simplification/extended functions/anchor/progress/random or unported primitive APIs; see exact source line
core/css/css_math_expression_node.cc	1405	1412	8	mapped	css_math_expression_node.rs Evaluate canonical units and required CSSMathLengthResolver
core/css/css_math_expression_node.cc	1413	1413	0	scaffolding	Comments blanks preprocessor namespace or delimiter-only line
core/css/css_math_expression_node.cc	1414	1423	10	mapped	css_math_expression_node.rs Evaluate canonical units and required CSSMathLengthResolver
core/css/css_math_expression_node.cc	1424	1426	0	scaffolding	Comments blanks preprocessor namespace or delimiter-only line
core/css/css_math_expression_node.cc	1427	1430	4	mapped	css_math_expression_node.rs Evaluate canonical units and required CSSMathLengthResolver
core/css/css_math_expression_node.cc	1431	1432	0	scaffolding	Comments blanks preprocessor namespace or delimiter-only line
core/css/css_math_expression_node.cc	1433	1454	22	mapped	css_math_expression_node.rs Evaluate canonical units and required CSSMathLengthResolver
core/css/css_math_expression_node.cc	1455	1455	0	scaffolding	Comments blanks preprocessor namespace or delimiter-only line
core/css/css_math_expression_node.cc	1456	1456	1	pending	Remaining source logic: typed exponent arithmetic/simplification/extended functions/anchor/progress/random or unported primitive APIs; see exact source line
core/css/css_math_expression_node.cc	1457	1458	0	scaffolding	Comments blanks preprocessor namespace or delimiter-only line
core/css/css_math_expression_node.cc	1459	1475	17	mapped	css_math_expression_node.rs required length resolver and invalid category errors
core/css/css_math_expression_node.cc	1476	1476	0	scaffolding	Comments blanks preprocessor namespace or delimiter-only line
core/css/css_math_expression_node.cc	1477	1477	1	mapped	css_math_expression_node.rs required length resolver and invalid category errors
core/css/css_math_expression_node.cc	1478	1479	0	scaffolding	Comments blanks preprocessor namespace or delimiter-only line
core/css/css_math_expression_node.cc	1480	1484	5	pending	Remaining source logic: typed exponent arithmetic/simplification/extended functions/anchor/progress/random or unported primitive APIs; see exact source line
core/css/css_math_expression_node.cc	1485	1486	0	scaffolding	Comments blanks preprocessor namespace or delimiter-only line
core/css/css_math_expression_node.cc	1487	1489	3	pending	Remaining source logic: typed exponent arithmetic/simplification/extended functions/anchor/progress/random or unported primitive APIs; see exact source line
core/css/css_math_expression_node.cc	1490	1491	0	scaffolding	Comments blanks preprocessor namespace or delimiter-only line
core/css/css_math_expression_node.cc	1492	1495	4	pending	Remaining source logic: typed exponent arithmetic/simplification/extended functions/anchor/progress/random or unported primitive APIs; see exact source line
core/css/css_math_expression_node.cc	1496	1497	0	scaffolding	Comments blanks preprocessor namespace or delimiter-only line
core/css/css_math_expression_node.cc	1498	1499	2	pending	Remaining source logic: typed exponent arithmetic/simplification/extended functions/anchor/progress/random or unported primitive APIs; see exact source line
core/css/css_math_expression_node.cc	1500	1501	0	scaffolding	Comments blanks preprocessor namespace or delimiter-only line
core/css/css_math_expression_node.cc	1502	1504	3	pending	Remaining source logic: typed exponent arithmetic/simplification/extended functions/anchor/progress/random or unported primitive APIs; see exact source line
core/css/css_math_expression_node.cc	1505	1506	0	scaffolding	Comments blanks preprocessor namespace or delimiter-only line
core/css/css_math_expression_node.cc	1507	1508	2	pending	Remaining source logic: typed exponent arithmetic/simplification/extended functions/anchor/progress/random or unported primitive APIs; see exact source line
core/css/css_math_expression_node.cc	1509	1510	0	scaffolding	Comments blanks preprocessor namespace or delimiter-only line
core/css/css_math_expression_node.cc	1511	1512	2	pending	Remaining source logic: typed exponent arithmetic/simplification/extended functions/anchor/progress/random or unported primitive APIs; see exact source line
core/css/css_math_expression_node.cc	1513	1514	0	scaffolding	Comments blanks preprocessor namespace or delimiter-only line
core/css/css_math_expression_node.cc	1515	1517	3	pending	Remaining source logic: typed exponent arithmetic/simplification/extended functions/anchor/progress/random or unported primitive APIs; see exact source line
core/css/css_math_expression_node.cc	1518	1521	0	scaffolding	Comments blanks preprocessor namespace or delimiter-only line
core/css/css_math_expression_node.cc	1522	1524	3	pending	Remaining source logic: typed exponent arithmetic/simplification/extended functions/anchor/progress/random or unported primitive APIs; see exact source line
core/css/css_math_expression_node.cc	1525	1525	0	scaffolding	Comments blanks preprocessor namespace or delimiter-only line
core/css/css_math_expression_node.cc	1526	1528	3	pending	Remaining source logic: typed exponent arithmetic/simplification/extended functions/anchor/progress/random or unported primitive APIs; see exact source line
core/css/css_math_expression_node.cc	1529	1529	0	scaffolding	Comments blanks preprocessor namespace or delimiter-only line
core/css/css_math_expression_node.cc	1530	1532	3	pending	Remaining source logic: typed exponent arithmetic/simplification/extended functions/anchor/progress/random or unported primitive APIs; see exact source line
core/css/css_math_expression_node.cc	1533	1533	0	scaffolding	Comments blanks preprocessor namespace or delimiter-only line
core/css/css_math_expression_node.cc	1534	1536	3	pending	Remaining source logic: typed exponent arithmetic/simplification/extended functions/anchor/progress/random or unported primitive APIs; see exact source line
core/css/css_math_expression_node.cc	1537	1537	0	scaffolding	Comments blanks preprocessor namespace or delimiter-only line
core/css/css_math_expression_node.cc	1538	1540	3	pending	Remaining source logic: typed exponent arithmetic/simplification/extended functions/anchor/progress/random or unported primitive APIs; see exact source line
core/css/css_math_expression_node.cc	1541	1541	0	scaffolding	Comments blanks preprocessor namespace or delimiter-only line
core/css/css_math_expression_node.cc	1542	1544	3	pending	Remaining source logic: typed exponent arithmetic/simplification/extended functions/anchor/progress/random or unported primitive APIs; see exact source line
core/css/css_math_expression_node.cc	1545	1545	0	scaffolding	Comments blanks preprocessor namespace or delimiter-only line
core/css/css_math_expression_node.cc	1546	1548	3	pending	Remaining source logic: typed exponent arithmetic/simplification/extended functions/anchor/progress/random or unported primitive APIs; see exact source line
core/css/css_math_expression_node.cc	1549	1549	0	scaffolding	Comments blanks preprocessor namespace or delimiter-only line
core/css/css_math_expression_node.cc	1550	1552	3	pending	Remaining source logic: typed exponent arithmetic/simplification/extended functions/anchor/progress/random or unported primitive APIs; see exact source line
core/css/css_math_expression_node.cc	1553	1553	0	scaffolding	Comments blanks preprocessor namespace or delimiter-only line
core/css/css_math_expression_node.cc	1554	1556	3	pending	Remaining source logic: typed exponent arithmetic/simplification/extended functions/anchor/progress/random or unported primitive APIs; see exact source line
core/css/css_math_expression_node.cc	1557	1557	0	scaffolding	Comments blanks preprocessor namespace or delimiter-only line
core/css/css_math_expression_node.cc	1558	1560	3	pending	Remaining source logic: typed exponent arithmetic/simplification/extended functions/anchor/progress/random or unported primitive APIs; see exact source line
core/css/css_math_expression_node.cc	1561	1561	0	scaffolding	Comments blanks preprocessor namespace or delimiter-only line
core/css/css_math_expression_node.cc	1562	1564	3	pending	Remaining source logic: typed exponent arithmetic/simplification/extended functions/anchor/progress/random or unported primitive APIs; see exact source line
core/css/css_math_expression_node.cc	1565	1565	0	scaffolding	Comments blanks preprocessor namespace or delimiter-only line
core/css/css_math_expression_node.cc	1566	1568	3	pending	Remaining source logic: typed exponent arithmetic/simplification/extended functions/anchor/progress/random or unported primitive APIs; see exact source line
core/css/css_math_expression_node.cc	1569	1569	0	scaffolding	Comments blanks preprocessor namespace or delimiter-only line
core/css/css_math_expression_node.cc	1570	1575	6	mapped	css_math_expression_node.rs legacy arithmetic category checks; typed exponents remain pending separately
core/css/css_math_expression_node.cc	1576	1576	0	scaffolding	Comments blanks preprocessor namespace or delimiter-only line
core/css/css_math_expression_node.cc	1577	1578	2	mapped	css_math_expression_node.rs legacy arithmetic category checks; typed exponents remain pending separately
core/css/css_math_expression_node.cc	1579	1580	0	scaffolding	Comments blanks preprocessor namespace or delimiter-only line
core/css/css_math_expression_node.cc	1581	1582	2	mapped	css_math_expression_node.rs legacy arithmetic category checks; typed exponents remain pending separately
core/css/css_math_expression_node.cc	1583	1584	0	scaffolding	Comments blanks preprocessor namespace or delimiter-only line
core/css/css_math_expression_node.cc	1585	1591	7	mapped	css_math_expression_node.rs legacy arithmetic category checks; typed exponents remain pending separately
core/css/css_math_expression_node.cc	1592	1592	0	scaffolding	Comments blanks preprocessor namespace or delimiter-only line
core/css/css_math_expression_node.cc	1593	1596	4	mapped	css_math_expression_node.rs legacy arithmetic category checks; typed exponents remain pending separately
core/css/css_math_expression_node.cc	1597	1597	0	scaffolding	Comments blanks preprocessor namespace or delimiter-only line
core/css/css_math_expression_node.cc	1598	1600	3	mapped	css_math_expression_node.rs legacy arithmetic category checks; typed exponents remain pending separately
core/css/css_math_expression_node.cc	1601	1602	0	scaffolding	Comments blanks preprocessor namespace or delimiter-only line
core/css/css_math_expression_node.cc	1603	1603	1	mapped	css_math_expression_node.rs legacy arithmetic category checks; typed exponents remain pending separately
core/css/css_math_expression_node.cc	1604	1605	0	scaffolding	Comments blanks preprocessor namespace or delimiter-only line
core/css/css_math_expression_node.cc	1606	1608	3	mapped	css_math_expression_node.rs comparison categories for supported dimension domains
core/css/css_math_expression_node.cc	1609	1609	0	scaffolding	Comments blanks preprocessor namespace or delimiter-only line
core/css/css_math_expression_node.cc	1610	1614	5	mapped	css_math_expression_node.rs comparison categories for supported dimension domains
core/css/css_math_expression_node.cc	1615	1615	0	scaffolding	Comments blanks preprocessor namespace or delimiter-only line
core/css/css_math_expression_node.cc	1616	1619	4	mapped	css_math_expression_node.rs comparison categories for supported dimension domains
core/css/css_math_expression_node.cc	1620	1621	0	scaffolding	Comments blanks preprocessor namespace or delimiter-only line
core/css/css_math_expression_node.cc	1622	1624	3	mapped	css_math_expression_node.rs comparison categories for supported dimension domains
core/css/css_math_expression_node.cc	1625	1627	0	scaffolding	Comments blanks preprocessor namespace or delimiter-only line
core/css/css_math_expression_node.cc	1628	1628	1	mapped	css_math_expression_node.rs comparison categories for supported dimension domains
core/css/css_math_expression_node.cc	1629	1630	0	scaffolding	Comments blanks preprocessor namespace or delimiter-only line
core/css/css_math_expression_node.cc	1631	1636	6	pending	Remaining source logic: typed exponent arithmetic/simplification/extended functions/anchor/progress/random or unported primitive APIs; see exact source line
core/css/css_math_expression_node.cc	1637	1637	0	scaffolding	Comments blanks preprocessor namespace or delimiter-only line
core/css/css_math_expression_node.cc	1638	1644	7	pending	Remaining source logic: typed exponent arithmetic/simplification/extended functions/anchor/progress/random or unported primitive APIs; see exact source line
core/css/css_math_expression_node.cc	1645	1645	0	scaffolding	Comments blanks preprocessor namespace or delimiter-only line
core/css/css_math_expression_node.cc	1646	1646	1	pending	Remaining source logic: typed exponent arithmetic/simplification/extended functions/anchor/progress/random or unported primitive APIs; see exact source line
core/css/css_math_expression_node.cc	1647	1650	0	scaffolding	Comments blanks preprocessor namespace or delimiter-only line
core/css/css_math_expression_node.cc	1651	1654	4	pending	Remaining source logic: typed exponent arithmetic/simplification/extended functions/anchor/progress/random or unported primitive APIs; see exact source line
core/css/css_math_expression_node.cc	1655	1655	0	scaffolding	Comments blanks preprocessor namespace or delimiter-only line
core/css/css_math_expression_node.cc	1656	1659	4	pending	Remaining source logic: typed exponent arithmetic/simplification/extended functions/anchor/progress/random or unported primitive APIs; see exact source line
core/css/css_math_expression_node.cc	1660	1667	0	scaffolding	Comments blanks preprocessor namespace or delimiter-only line
core/css/css_math_expression_node.cc	1668	1669	2	pending	Remaining source logic: typed exponent arithmetic/simplification/extended functions/anchor/progress/random or unported primitive APIs; see exact source line
core/css/css_math_expression_node.cc	1670	1673	0	scaffolding	Comments blanks preprocessor namespace or delimiter-only line
core/css/css_math_expression_node.cc	1674	1674	1	pending	Remaining source logic: typed exponent arithmetic/simplification/extended functions/anchor/progress/random or unported primitive APIs; see exact source line
core/css/css_math_expression_node.cc	1675	1675	0	scaffolding	Comments blanks preprocessor namespace or delimiter-only line
core/css/css_math_expression_node.cc	1676	1677	2	pending	Remaining source logic: typed exponent arithmetic/simplification/extended functions/anchor/progress/random or unported primitive APIs; see exact source line
core/css/css_math_expression_node.cc	1678	1678	0	scaffolding	Comments blanks preprocessor namespace or delimiter-only line
core/css/css_math_expression_node.cc	1679	1690	12	pending	Remaining source logic: typed exponent arithmetic/simplification/extended functions/anchor/progress/random or unported primitive APIs; see exact source line
core/css/css_math_expression_node.cc	1691	1693	0	scaffolding	Comments blanks preprocessor namespace or delimiter-only line
core/css/css_math_expression_node.cc	1694	1695	2	pending	Remaining source logic: typed exponent arithmetic/simplification/extended functions/anchor/progress/random or unported primitive APIs; see exact source line
core/css/css_math_expression_node.cc	1696	1697	0	scaffolding	Comments blanks preprocessor namespace or delimiter-only line
core/css/css_math_expression_node.cc	1698	1698	1	pending	Remaining source logic: typed exponent arithmetic/simplification/extended functions/anchor/progress/random or unported primitive APIs; see exact source line
core/css/css_math_expression_node.cc	1699	1700	0	scaffolding	Comments blanks preprocessor namespace or delimiter-only line
core/css/css_math_expression_node.cc	1701	1702	2	pending	Remaining source logic: typed exponent arithmetic/simplification/extended functions/anchor/progress/random or unported primitive APIs; see exact source line
core/css/css_math_expression_node.cc	1703	1703	0	scaffolding	Comments blanks preprocessor namespace or delimiter-only line
core/css/css_math_expression_node.cc	1704	1704	1	pending	Remaining source logic: typed exponent arithmetic/simplification/extended functions/anchor/progress/random or unported primitive APIs; see exact source line
core/css/css_math_expression_node.cc	1705	1705	0	scaffolding	Comments blanks preprocessor namespace or delimiter-only line
core/css/css_math_expression_node.cc	1706	1707	2	pending	Remaining source logic: typed exponent arithmetic/simplification/extended functions/anchor/progress/random or unported primitive APIs; see exact source line
core/css/css_math_expression_node.cc	1708	1708	0	scaffolding	Comments blanks preprocessor namespace or delimiter-only line
core/css/css_math_expression_node.cc	1709	1720	12	pending	Remaining source logic: typed exponent arithmetic/simplification/extended functions/anchor/progress/random or unported primitive APIs; see exact source line
core/css/css_math_expression_node.cc	1721	1724	0	scaffolding	Comments blanks preprocessor namespace or delimiter-only line
core/css/css_math_expression_node.cc	1725	1725	1	pending	Remaining source logic: typed exponent arithmetic/simplification/extended functions/anchor/progress/random or unported primitive APIs; see exact source line
core/css/css_math_expression_node.cc	1726	1727	0	scaffolding	Comments blanks preprocessor namespace or delimiter-only line
core/css/css_math_expression_node.cc	1728	1738	11	pending	Remaining source logic: typed exponent arithmetic/simplification/extended functions/anchor/progress/random or unported primitive APIs; see exact source line
core/css/css_math_expression_node.cc	1739	1742	0	scaffolding	Comments blanks preprocessor namespace or delimiter-only line
core/css/css_math_expression_node.cc	1743	1743	1	pending	Remaining source logic: typed exponent arithmetic/simplification/extended functions/anchor/progress/random or unported primitive APIs; see exact source line
core/css/css_math_expression_node.cc	1744	1748	0	scaffolding	Comments blanks preprocessor namespace or delimiter-only line
core/css/css_math_expression_node.cc	1749	1754	6	pending	Remaining source logic: typed exponent arithmetic/simplification/extended functions/anchor/progress/random or unported primitive APIs; see exact source line
core/css/css_math_expression_node.cc	1755	1755	0	scaffolding	Comments blanks preprocessor namespace or delimiter-only line
core/css/css_math_expression_node.cc	1756	1771	16	pending	Remaining source logic: typed exponent arithmetic/simplification/extended functions/anchor/progress/random or unported primitive APIs; see exact source line
core/css/css_math_expression_node.cc	1772	1773	0	scaffolding	Comments blanks preprocessor namespace or delimiter-only line
core/css/css_math_expression_node.cc	1774	1781	8	pending	Remaining source logic: typed exponent arithmetic/simplification/extended functions/anchor/progress/random or unported primitive APIs; see exact source line
core/css/css_math_expression_node.cc	1782	1784	0	scaffolding	Comments blanks preprocessor namespace or delimiter-only line
core/css/css_math_expression_node.cc	1785	1795	11	pending	Remaining source logic: typed exponent arithmetic/simplification/extended functions/anchor/progress/random or unported primitive APIs; see exact source line
core/css/css_math_expression_node.cc	1796	1797	0	scaffolding	Comments blanks preprocessor namespace or delimiter-only line
core/css/css_math_expression_node.cc	1798	1802	5	pending	Remaining source logic: typed exponent arithmetic/simplification/extended functions/anchor/progress/random or unported primitive APIs; see exact source line
core/css/css_math_expression_node.cc	1803	1805	0	scaffolding	Comments blanks preprocessor namespace or delimiter-only line
core/css/css_math_expression_node.cc	1806	1817	12	pending	Remaining source logic: typed exponent arithmetic/simplification/extended functions/anchor/progress/random or unported primitive APIs; see exact source line
core/css/css_math_expression_node.cc	1818	1818	0	scaffolding	Comments blanks preprocessor namespace or delimiter-only line
core/css/css_math_expression_node.cc	1819	1823	5	pending	Remaining source logic: typed exponent arithmetic/simplification/extended functions/anchor/progress/random or unported primitive APIs; see exact source line
core/css/css_math_expression_node.cc	1824	1830	0	scaffolding	Comments blanks preprocessor namespace or delimiter-only line
core/css/css_math_expression_node.cc	1831	1834	4	pending	Remaining source logic: typed exponent arithmetic/simplification/extended functions/anchor/progress/random or unported primitive APIs; see exact source line
core/css/css_math_expression_node.cc	1835	1837	0	scaffolding	Comments blanks preprocessor namespace or delimiter-only line
core/css/css_math_expression_node.cc	1838	1843	6	pending	Remaining source logic: typed exponent arithmetic/simplification/extended functions/anchor/progress/random or unported primitive APIs; see exact source line
core/css/css_math_expression_node.cc	1844	1844	0	scaffolding	Comments blanks preprocessor namespace or delimiter-only line
core/css/css_math_expression_node.cc	1845	1850	6	pending	Remaining source logic: typed exponent arithmetic/simplification/extended functions/anchor/progress/random or unported primitive APIs; see exact source line
core/css/css_math_expression_node.cc	1851	1851	0	scaffolding	Comments blanks preprocessor namespace or delimiter-only line
core/css/css_math_expression_node.cc	1852	1852	1	pending	Remaining source logic: typed exponent arithmetic/simplification/extended functions/anchor/progress/random or unported primitive APIs; see exact source line
core/css/css_math_expression_node.cc	1853	1853	0	scaffolding	Comments blanks preprocessor namespace or delimiter-only line
core/css/css_math_expression_node.cc	1854	1855	2	pending	Remaining source logic: typed exponent arithmetic/simplification/extended functions/anchor/progress/random or unported primitive APIs; see exact source line
core/css/css_math_expression_node.cc	1856	1859	0	scaffolding	Comments blanks preprocessor namespace or delimiter-only line
core/css/css_math_expression_node.cc	1860	1862	3	pending	Remaining source logic: typed exponent arithmetic/simplification/extended functions/anchor/progress/random or unported primitive APIs; see exact source line
core/css/css_math_expression_node.cc	1863	1863	0	scaffolding	Comments blanks preprocessor namespace or delimiter-only line
core/css/css_math_expression_node.cc	1864	1869	6	pending	Remaining source logic: typed exponent arithmetic/simplification/extended functions/anchor/progress/random or unported primitive APIs; see exact source line
core/css/css_math_expression_node.cc	1870	1872	0	scaffolding	Comments blanks preprocessor namespace or delimiter-only line
core/css/css_math_expression_node.cc	1873	1874	2	pending	Remaining source logic: typed exponent arithmetic/simplification/extended functions/anchor/progress/random or unported primitive APIs; see exact source line
core/css/css_math_expression_node.cc	1875	1877	0	scaffolding	Comments blanks preprocessor namespace or delimiter-only line
core/css/css_math_expression_node.cc	1878	1882	5	pending	Remaining source logic: typed exponent arithmetic/simplification/extended functions/anchor/progress/random or unported primitive APIs; see exact source line
core/css/css_math_expression_node.cc	1883	1883	0	scaffolding	Comments blanks preprocessor namespace or delimiter-only line
core/css/css_math_expression_node.cc	1884	1888	5	pending	Remaining source logic: typed exponent arithmetic/simplification/extended functions/anchor/progress/random or unported primitive APIs; see exact source line
core/css/css_math_expression_node.cc	1889	1890	0	scaffolding	Comments blanks preprocessor namespace or delimiter-only line
core/css/css_math_expression_node.cc	1891	1892	2	pending	Remaining source logic: typed exponent arithmetic/simplification/extended functions/anchor/progress/random or unported primitive APIs; see exact source line
core/css/css_math_expression_node.cc	1893	1895	0	scaffolding	Comments blanks preprocessor namespace or delimiter-only line
core/css/css_math_expression_node.cc	1896	1900	5	pending	Remaining source logic: typed exponent arithmetic/simplification/extended functions/anchor/progress/random or unported primitive APIs; see exact source line
core/css/css_math_expression_node.cc	1901	1901	0	scaffolding	Comments blanks preprocessor namespace or delimiter-only line
core/css/css_math_expression_node.cc	1902	1906	5	pending	Remaining source logic: typed exponent arithmetic/simplification/extended functions/anchor/progress/random or unported primitive APIs; see exact source line
core/css/css_math_expression_node.cc	1907	1909	0	scaffolding	Comments blanks preprocessor namespace or delimiter-only line
core/css/css_math_expression_node.cc	1910	1912	3	pending	Remaining source logic: typed exponent arithmetic/simplification/extended functions/anchor/progress/random or unported primitive APIs; see exact source line
core/css/css_math_expression_node.cc	1913	1914	0	scaffolding	Comments blanks preprocessor namespace or delimiter-only line
core/css/css_math_expression_node.cc	1915	1920	6	pending	Remaining source logic: typed exponent arithmetic/simplification/extended functions/anchor/progress/random or unported primitive APIs; see exact source line
core/css/css_math_expression_node.cc	1921	1921	0	scaffolding	Comments blanks preprocessor namespace or delimiter-only line
core/css/css_math_expression_node.cc	1922	1922	1	pending	Remaining source logic: typed exponent arithmetic/simplification/extended functions/anchor/progress/random or unported primitive APIs; see exact source line
core/css/css_math_expression_node.cc	1923	1923	0	scaffolding	Comments blanks preprocessor namespace or delimiter-only line
core/css/css_math_expression_node.cc	1924	1924	1	pending	Remaining source logic: typed exponent arithmetic/simplification/extended functions/anchor/progress/random or unported primitive APIs; see exact source line
core/css/css_math_expression_node.cc	1925	1926	0	scaffolding	Comments blanks preprocessor namespace or delimiter-only line
core/css/css_math_expression_node.cc	1927	1928	2	pending	Remaining source logic: typed exponent arithmetic/simplification/extended functions/anchor/progress/random or unported primitive APIs; see exact source line
core/css/css_math_expression_node.cc	1929	1929	0	scaffolding	Comments blanks preprocessor namespace or delimiter-only line
core/css/css_math_expression_node.cc	1930	1931	2	pending	Remaining source logic: typed exponent arithmetic/simplification/extended functions/anchor/progress/random or unported primitive APIs; see exact source line
core/css/css_math_expression_node.cc	1932	1933	0	scaffolding	Comments blanks preprocessor namespace or delimiter-only line
core/css/css_math_expression_node.cc	1934	1935	2	pending	Remaining source logic: typed exponent arithmetic/simplification/extended functions/anchor/progress/random or unported primitive APIs; see exact source line
core/css/css_math_expression_node.cc	1936	1937	0	scaffolding	Comments blanks preprocessor namespace or delimiter-only line
core/css/css_math_expression_node.cc	1938	1939	2	pending	Remaining source logic: typed exponent arithmetic/simplification/extended functions/anchor/progress/random or unported primitive APIs; see exact source line
core/css/css_math_expression_node.cc	1940	1942	0	scaffolding	Comments blanks preprocessor namespace or delimiter-only line
core/css/css_math_expression_node.cc	1943	1945	3	pending	Remaining source logic: typed exponent arithmetic/simplification/extended functions/anchor/progress/random or unported primitive APIs; see exact source line
core/css/css_math_expression_node.cc	1946	1946	0	scaffolding	Comments blanks preprocessor namespace or delimiter-only line
core/css/css_math_expression_node.cc	1947	1948	2	pending	Remaining source logic: typed exponent arithmetic/simplification/extended functions/anchor/progress/random or unported primitive APIs; see exact source line
core/css/css_math_expression_node.cc	1949	1950	0	scaffolding	Comments blanks preprocessor namespace or delimiter-only line
core/css/css_math_expression_node.cc	1951	1954	4	pending	Remaining source logic: typed exponent arithmetic/simplification/extended functions/anchor/progress/random or unported primitive APIs; see exact source line
core/css/css_math_expression_node.cc	1955	1958	0	scaffolding	Comments blanks preprocessor namespace or delimiter-only line
core/css/css_math_expression_node.cc	1959	1960	2	pending	Remaining source logic: typed exponent arithmetic/simplification/extended functions/anchor/progress/random or unported primitive APIs; see exact source line
core/css/css_math_expression_node.cc	1961	1961	0	scaffolding	Comments blanks preprocessor namespace or delimiter-only line
core/css/css_math_expression_node.cc	1962	1964	3	pending	Remaining source logic: typed exponent arithmetic/simplification/extended functions/anchor/progress/random or unported primitive APIs; see exact source line
core/css/css_math_expression_node.cc	1965	1965	0	scaffolding	Comments blanks preprocessor namespace or delimiter-only line
core/css/css_math_expression_node.cc	1966	1966	1	pending	Remaining source logic: typed exponent arithmetic/simplification/extended functions/anchor/progress/random or unported primitive APIs; see exact source line
core/css/css_math_expression_node.cc	1967	1968	0	scaffolding	Comments blanks preprocessor namespace or delimiter-only line
core/css/css_math_expression_node.cc	1969	1970	2	pending	Remaining source logic: typed exponent arithmetic/simplification/extended functions/anchor/progress/random or unported primitive APIs; see exact source line
core/css/css_math_expression_node.cc	1971	1972	0	scaffolding	Comments blanks preprocessor namespace or delimiter-only line
core/css/css_math_expression_node.cc	1973	1974	2	pending	Remaining source logic: typed exponent arithmetic/simplification/extended functions/anchor/progress/random or unported primitive APIs; see exact source line
core/css/css_math_expression_node.cc	1975	1975	0	scaffolding	Comments blanks preprocessor namespace or delimiter-only line
core/css/css_math_expression_node.cc	1976	1978	3	pending	Remaining source logic: typed exponent arithmetic/simplification/extended functions/anchor/progress/random or unported primitive APIs; see exact source line
core/css/css_math_expression_node.cc	1979	1979	0	scaffolding	Comments blanks preprocessor namespace or delimiter-only line
core/css/css_math_expression_node.cc	1980	1982	3	pending	Remaining source logic: typed exponent arithmetic/simplification/extended functions/anchor/progress/random or unported primitive APIs; see exact source line
core/css/css_math_expression_node.cc	1983	1983	0	scaffolding	Comments blanks preprocessor namespace or delimiter-only line
core/css/css_math_expression_node.cc	1984	1984	1	pending	Remaining source logic: typed exponent arithmetic/simplification/extended functions/anchor/progress/random or unported primitive APIs; see exact source line
core/css/css_math_expression_node.cc	1985	1988	0	scaffolding	Comments blanks preprocessor namespace or delimiter-only line
core/css/css_math_expression_node.cc	1989	1991	3	pending	Remaining source logic: typed exponent arithmetic/simplification/extended functions/anchor/progress/random or unported primitive APIs; see exact source line
core/css/css_math_expression_node.cc	1992	1993	0	scaffolding	Comments blanks preprocessor namespace or delimiter-only line
core/css/css_math_expression_node.cc	1994	2012	19	pending	Remaining source logic: typed exponent arithmetic/simplification/extended functions/anchor/progress/random or unported primitive APIs; see exact source line
core/css/css_math_expression_node.cc	2013	2015	0	scaffolding	Comments blanks preprocessor namespace or delimiter-only line
core/css/css_math_expression_node.cc	2016	2034	19	pending	Remaining source logic: typed exponent arithmetic/simplification/extended functions/anchor/progress/random or unported primitive APIs; see exact source line
core/css/css_math_expression_node.cc	2035	2039	0	scaffolding	Comments blanks preprocessor namespace or delimiter-only line
core/css/css_math_expression_node.cc	2040	2047	8	pending	Remaining source logic: typed exponent arithmetic/simplification/extended functions/anchor/progress/random or unported primitive APIs; see exact source line
core/css/css_math_expression_node.cc	2048	2048	0	scaffolding	Comments blanks preprocessor namespace or delimiter-only line
core/css/css_math_expression_node.cc	2049	2057	9	pending	Remaining source logic: typed exponent arithmetic/simplification/extended functions/anchor/progress/random or unported primitive APIs; see exact source line
core/css/css_math_expression_node.cc	2058	2058	0	scaffolding	Comments blanks preprocessor namespace or delimiter-only line
core/css/css_math_expression_node.cc	2059	2060	2	pending	Remaining source logic: typed exponent arithmetic/simplification/extended functions/anchor/progress/random or unported primitive APIs; see exact source line
core/css/css_math_expression_node.cc	2061	2061	0	scaffolding	Comments blanks preprocessor namespace or delimiter-only line
core/css/css_math_expression_node.cc	2062	2067	6	pending	Remaining source logic: typed exponent arithmetic/simplification/extended functions/anchor/progress/random or unported primitive APIs; see exact source line
core/css/css_math_expression_node.cc	2068	2068	0	scaffolding	Comments blanks preprocessor namespace or delimiter-only line
core/css/css_math_expression_node.cc	2069	2074	6	pending	Remaining source logic: typed exponent arithmetic/simplification/extended functions/anchor/progress/random or unported primitive APIs; see exact source line
core/css/css_math_expression_node.cc	2075	2075	0	scaffolding	Comments blanks preprocessor namespace or delimiter-only line
core/css/css_math_expression_node.cc	2076	2080	5	pending	Remaining source logic: typed exponent arithmetic/simplification/extended functions/anchor/progress/random or unported primitive APIs; see exact source line
core/css/css_math_expression_node.cc	2081	2082	0	scaffolding	Comments blanks preprocessor namespace or delimiter-only line
core/css/css_math_expression_node.cc	2083	2089	7	pending	Remaining source logic: typed exponent arithmetic/simplification/extended functions/anchor/progress/random or unported primitive APIs; see exact source line
core/css/css_math_expression_node.cc	2090	2090	0	scaffolding	Comments blanks preprocessor namespace or delimiter-only line
core/css/css_math_expression_node.cc	2091	2092	2	pending	Remaining source logic: typed exponent arithmetic/simplification/extended functions/anchor/progress/random or unported primitive APIs; see exact source line
core/css/css_math_expression_node.cc	2093	2093	0	scaffolding	Comments blanks preprocessor namespace or delimiter-only line
core/css/css_math_expression_node.cc	2094	2097	4	pending	Remaining source logic: typed exponent arithmetic/simplification/extended functions/anchor/progress/random or unported primitive APIs; see exact source line
core/css/css_math_expression_node.cc	2098	2098	0	scaffolding	Comments blanks preprocessor namespace or delimiter-only line
core/css/css_math_expression_node.cc	2099	2107	9	pending	Remaining source logic: typed exponent arithmetic/simplification/extended functions/anchor/progress/random or unported primitive APIs; see exact source line
core/css/css_math_expression_node.cc	2108	2108	0	scaffolding	Comments blanks preprocessor namespace or delimiter-only line
core/css/css_math_expression_node.cc	2109	2110	2	pending	Remaining source logic: typed exponent arithmetic/simplification/extended functions/anchor/progress/random or unported primitive APIs; see exact source line
core/css/css_math_expression_node.cc	2111	2113	0	scaffolding	Comments blanks preprocessor namespace or delimiter-only line
core/css/css_math_expression_node.cc	2114	2116	3	pending	Remaining source logic: typed exponent arithmetic/simplification/extended functions/anchor/progress/random or unported primitive APIs; see exact source line
core/css/css_math_expression_node.cc	2117	2121	0	scaffolding	Comments blanks preprocessor namespace or delimiter-only line
core/css/css_math_expression_node.cc	2122	2124	3	pending	Remaining source logic: typed exponent arithmetic/simplification/extended functions/anchor/progress/random or unported primitive APIs; see exact source line
core/css/css_math_expression_node.cc	2125	2126	0	scaffolding	Comments blanks preprocessor namespace or delimiter-only line
core/css/css_math_expression_node.cc	2127	2136	10	pending	Remaining source logic: typed exponent arithmetic/simplification/extended functions/anchor/progress/random or unported primitive APIs; see exact source line
core/css/css_math_expression_node.cc	2137	2137	0	scaffolding	Comments blanks preprocessor namespace or delimiter-only line
core/css/css_math_expression_node.cc	2138	2147	10	pending	Remaining source logic: typed exponent arithmetic/simplification/extended functions/anchor/progress/random or unported primitive APIs; see exact source line
core/css/css_math_expression_node.cc	2148	2148	0	scaffolding	Comments blanks preprocessor namespace or delimiter-only line
core/css/css_math_expression_node.cc	2149	2149	1	pending	Remaining source logic: typed exponent arithmetic/simplification/extended functions/anchor/progress/random or unported primitive APIs; see exact source line
core/css/css_math_expression_node.cc	2150	2150	0	scaffolding	Comments blanks preprocessor namespace or delimiter-only line
core/css/css_math_expression_node.cc	2151	2156	6	pending	Remaining source logic: typed exponent arithmetic/simplification/extended functions/anchor/progress/random or unported primitive APIs; see exact source line
core/css/css_math_expression_node.cc	2157	2157	0	scaffolding	Comments blanks preprocessor namespace or delimiter-only line
core/css/css_math_expression_node.cc	2158	2160	3	pending	Remaining source logic: typed exponent arithmetic/simplification/extended functions/anchor/progress/random or unported primitive APIs; see exact source line
core/css/css_math_expression_node.cc	2161	2161	0	scaffolding	Comments blanks preprocessor namespace or delimiter-only line
core/css/css_math_expression_node.cc	2162	2167	6	pending	Remaining source logic: typed exponent arithmetic/simplification/extended functions/anchor/progress/random or unported primitive APIs; see exact source line
core/css/css_math_expression_node.cc	2168	2168	0	scaffolding	Comments blanks preprocessor namespace or delimiter-only line
core/css/css_math_expression_node.cc	2169	2173	5	pending	Remaining source logic: typed exponent arithmetic/simplification/extended functions/anchor/progress/random or unported primitive APIs; see exact source line
core/css/css_math_expression_node.cc	2174	2174	0	scaffolding	Comments blanks preprocessor namespace or delimiter-only line
core/css/css_math_expression_node.cc	2175	2180	6	pending	Remaining source logic: typed exponent arithmetic/simplification/extended functions/anchor/progress/random or unported primitive APIs; see exact source line
core/css/css_math_expression_node.cc	2181	2181	0	scaffolding	Comments blanks preprocessor namespace or delimiter-only line
core/css/css_math_expression_node.cc	2182	2182	1	pending	Remaining source logic: typed exponent arithmetic/simplification/extended functions/anchor/progress/random or unported primitive APIs; see exact source line
core/css/css_math_expression_node.cc	2183	2183	0	scaffolding	Comments blanks preprocessor namespace or delimiter-only line
core/css/css_math_expression_node.cc	2184	2189	6	pending	Remaining source logic: typed exponent arithmetic/simplification/extended functions/anchor/progress/random or unported primitive APIs; see exact source line
core/css/css_math_expression_node.cc	2190	2190	0	scaffolding	Comments blanks preprocessor namespace or delimiter-only line
core/css/css_math_expression_node.cc	2191	2194	4	pending	Remaining source logic: typed exponent arithmetic/simplification/extended functions/anchor/progress/random or unported primitive APIs; see exact source line
core/css/css_math_expression_node.cc	2195	2195	0	scaffolding	Comments blanks preprocessor namespace or delimiter-only line
core/css/css_math_expression_node.cc	2196	2201	6	pending	Remaining source logic: typed exponent arithmetic/simplification/extended functions/anchor/progress/random or unported primitive APIs; see exact source line
core/css/css_math_expression_node.cc	2202	2202	0	scaffolding	Comments blanks preprocessor namespace or delimiter-only line
core/css/css_math_expression_node.cc	2203	2203	1	pending	Remaining source logic: typed exponent arithmetic/simplification/extended functions/anchor/progress/random or unported primitive APIs; see exact source line
core/css/css_math_expression_node.cc	2204	2204	0	scaffolding	Comments blanks preprocessor namespace or delimiter-only line
core/css/css_math_expression_node.cc	2205	2210	6	pending	Remaining source logic: typed exponent arithmetic/simplification/extended functions/anchor/progress/random or unported primitive APIs; see exact source line
core/css/css_math_expression_node.cc	2211	2211	0	scaffolding	Comments blanks preprocessor namespace or delimiter-only line
core/css/css_math_expression_node.cc	2212	2214	3	pending	Remaining source logic: typed exponent arithmetic/simplification/extended functions/anchor/progress/random or unported primitive APIs; see exact source line
core/css/css_math_expression_node.cc	2215	2215	0	scaffolding	Comments blanks preprocessor namespace or delimiter-only line
core/css/css_math_expression_node.cc	2216	2217	2	pending	Remaining source logic: typed exponent arithmetic/simplification/extended functions/anchor/progress/random or unported primitive APIs; see exact source line
core/css/css_math_expression_node.cc	2218	2218	0	scaffolding	Comments blanks preprocessor namespace or delimiter-only line
core/css/css_math_expression_node.cc	2219	2220	2	pending	Remaining source logic: typed exponent arithmetic/simplification/extended functions/anchor/progress/random or unported primitive APIs; see exact source line
core/css/css_math_expression_node.cc	2221	2222	0	scaffolding	Comments blanks preprocessor namespace or delimiter-only line
core/css/css_math_expression_node.cc	2223	2224	2	pending	Remaining source logic: typed exponent arithmetic/simplification/extended functions/anchor/progress/random or unported primitive APIs; see exact source line
core/css/css_math_expression_node.cc	2225	2226	0	scaffolding	Comments blanks preprocessor namespace or delimiter-only line
core/css/css_math_expression_node.cc	2227	2230	4	pending	Remaining source logic: typed exponent arithmetic/simplification/extended functions/anchor/progress/random or unported primitive APIs; see exact source line
core/css/css_math_expression_node.cc	2231	2231	0	scaffolding	Comments blanks preprocessor namespace or delimiter-only line
core/css/css_math_expression_node.cc	2232	2233	2	pending	Remaining source logic: typed exponent arithmetic/simplification/extended functions/anchor/progress/random or unported primitive APIs; see exact source line
core/css/css_math_expression_node.cc	2234	2235	0	scaffolding	Comments blanks preprocessor namespace or delimiter-only line
core/css/css_math_expression_node.cc	2236	2243	8	pending	Remaining source logic: typed exponent arithmetic/simplification/extended functions/anchor/progress/random or unported primitive APIs; see exact source line
core/css/css_math_expression_node.cc	2244	2244	0	scaffolding	Comments blanks preprocessor namespace or delimiter-only line
core/css/css_math_expression_node.cc	2245	2247	3	pending	Remaining source logic: typed exponent arithmetic/simplification/extended functions/anchor/progress/random or unported primitive APIs; see exact source line
core/css/css_math_expression_node.cc	2248	2248	0	scaffolding	Comments blanks preprocessor namespace or delimiter-only line
core/css/css_math_expression_node.cc	2249	2256	8	pending	Remaining source logic: typed exponent arithmetic/simplification/extended functions/anchor/progress/random or unported primitive APIs; see exact source line
core/css/css_math_expression_node.cc	2257	2257	0	scaffolding	Comments blanks preprocessor namespace or delimiter-only line
core/css/css_math_expression_node.cc	2258	2260	3	pending	Remaining source logic: typed exponent arithmetic/simplification/extended functions/anchor/progress/random or unported primitive APIs; see exact source line
core/css/css_math_expression_node.cc	2261	2261	0	scaffolding	Comments blanks preprocessor namespace or delimiter-only line
core/css/css_math_expression_node.cc	2262	2263	2	pending	Remaining source logic: typed exponent arithmetic/simplification/extended functions/anchor/progress/random or unported primitive APIs; see exact source line
core/css/css_math_expression_node.cc	2264	2266	0	scaffolding	Comments blanks preprocessor namespace or delimiter-only line
core/css/css_math_expression_node.cc	2267	2268	2	pending	Remaining source logic: typed exponent arithmetic/simplification/extended functions/anchor/progress/random or unported primitive APIs; see exact source line
core/css/css_math_expression_node.cc	2269	2272	0	scaffolding	Comments blanks preprocessor namespace or delimiter-only line
core/css/css_math_expression_node.cc	2273	2278	6	pending	Remaining source logic: typed exponent arithmetic/simplification/extended functions/anchor/progress/random or unported primitive APIs; see exact source line
core/css/css_math_expression_node.cc	2279	2282	0	scaffolding	Comments blanks preprocessor namespace or delimiter-only line
core/css/css_math_expression_node.cc	2283	2285	3	pending	Remaining source logic: typed exponent arithmetic/simplification/extended functions/anchor/progress/random or unported primitive APIs; see exact source line
core/css/css_math_expression_node.cc	2286	2288	0	scaffolding	Comments blanks preprocessor namespace or delimiter-only line
core/css/css_math_expression_node.cc	2289	2292	4	pending	Remaining source logic: typed exponent arithmetic/simplification/extended functions/anchor/progress/random or unported primitive APIs; see exact source line
core/css/css_math_expression_node.cc	2293	2293	0	scaffolding	Comments blanks preprocessor namespace or delimiter-only line
core/css/css_math_expression_node.cc	2294	2295	2	pending	Remaining source logic: typed exponent arithmetic/simplification/extended functions/anchor/progress/random or unported primitive APIs; see exact source line
core/css/css_math_expression_node.cc	2296	2297	0	scaffolding	Comments blanks preprocessor namespace or delimiter-only line
core/css/css_math_expression_node.cc	2298	2303	6	pending	Remaining source logic: typed exponent arithmetic/simplification/extended functions/anchor/progress/random or unported primitive APIs; see exact source line
core/css/css_math_expression_node.cc	2304	2304	0	scaffolding	Comments blanks preprocessor namespace or delimiter-only line
core/css/css_math_expression_node.cc	2305	2308	4	pending	Remaining source logic: typed exponent arithmetic/simplification/extended functions/anchor/progress/random or unported primitive APIs; see exact source line
core/css/css_math_expression_node.cc	2309	2312	0	scaffolding	Comments blanks preprocessor namespace or delimiter-only line
core/css/css_math_expression_node.cc	2313	2318	6	pending	Remaining source logic: typed exponent arithmetic/simplification/extended functions/anchor/progress/random or unported primitive APIs; see exact source line
core/css/css_math_expression_node.cc	2319	2319	0	scaffolding	Comments blanks preprocessor namespace or delimiter-only line
core/css/css_math_expression_node.cc	2320	2320	1	pending	Remaining source logic: typed exponent arithmetic/simplification/extended functions/anchor/progress/random or unported primitive APIs; see exact source line
core/css/css_math_expression_node.cc	2321	2322	0	scaffolding	Comments blanks preprocessor namespace or delimiter-only line
core/css/css_math_expression_node.cc	2323	2328	6	pending	Remaining source logic: typed exponent arithmetic/simplification/extended functions/anchor/progress/random or unported primitive APIs; see exact source line
core/css/css_math_expression_node.cc	2329	2330	0	scaffolding	Comments blanks preprocessor namespace or delimiter-only line
core/css/css_math_expression_node.cc	2331	2334	4	pending	Remaining source logic: typed exponent arithmetic/simplification/extended functions/anchor/progress/random or unported primitive APIs; see exact source line
core/css/css_math_expression_node.cc	2335	2335	0	scaffolding	Comments blanks preprocessor namespace or delimiter-only line
core/css/css_math_expression_node.cc	2336	2337	2	pending	Remaining source logic: typed exponent arithmetic/simplification/extended functions/anchor/progress/random or unported primitive APIs; see exact source line
core/css/css_math_expression_node.cc	2338	2339	0	scaffolding	Comments blanks preprocessor namespace or delimiter-only line
core/css/css_math_expression_node.cc	2340	2344	5	pending	Remaining source logic: typed exponent arithmetic/simplification/extended functions/anchor/progress/random or unported primitive APIs; see exact source line
core/css/css_math_expression_node.cc	2345	2346	0	scaffolding	Comments blanks preprocessor namespace or delimiter-only line
core/css/css_math_expression_node.cc	2347	2350	4	pending	Remaining source logic: typed exponent arithmetic/simplification/extended functions/anchor/progress/random or unported primitive APIs; see exact source line
core/css/css_math_expression_node.cc	2351	2355	0	scaffolding	Comments blanks preprocessor namespace or delimiter-only line
core/css/css_math_expression_node.cc	2356	2361	6	pending	Remaining source logic: typed exponent arithmetic/simplification/extended functions/anchor/progress/random or unported primitive APIs; see exact source line
core/css/css_math_expression_node.cc	2362	2365	0	scaffolding	Comments blanks preprocessor namespace or delimiter-only line
core/css/css_math_expression_node.cc	2366	2374	9	pending	Remaining source logic: typed exponent arithmetic/simplification/extended functions/anchor/progress/random or unported primitive APIs; see exact source line
core/css/css_math_expression_node.cc	2375	2377	0	scaffolding	Comments blanks preprocessor namespace or delimiter-only line
core/css/css_math_expression_node.cc	2378	2379	2	pending	Remaining source logic: typed exponent arithmetic/simplification/extended functions/anchor/progress/random or unported primitive APIs; see exact source line
core/css/css_math_expression_node.cc	2380	2380	0	scaffolding	Comments blanks preprocessor namespace or delimiter-only line
core/css/css_math_expression_node.cc	2381	2381	1	pending	Remaining source logic: typed exponent arithmetic/simplification/extended functions/anchor/progress/random or unported primitive APIs; see exact source line
core/css/css_math_expression_node.cc	2382	2384	0	scaffolding	Comments blanks preprocessor namespace or delimiter-only line
core/css/css_math_expression_node.cc	2385	2391	7	pending	Remaining source logic: typed exponent arithmetic/simplification/extended functions/anchor/progress/random or unported primitive APIs; see exact source line
core/css/css_math_expression_node.cc	2392	2395	0	scaffolding	Comments blanks preprocessor namespace or delimiter-only line
core/css/css_math_expression_node.cc	2396	2397	2	pending	Remaining source logic: typed exponent arithmetic/simplification/extended functions/anchor/progress/random or unported primitive APIs; see exact source line
core/css/css_math_expression_node.cc	2398	2399	0	scaffolding	Comments blanks preprocessor namespace or delimiter-only line
core/css/css_math_expression_node.cc	2400	2402	3	pending	Remaining source logic: typed exponent arithmetic/simplification/extended functions/anchor/progress/random or unported primitive APIs; see exact source line
core/css/css_math_expression_node.cc	2403	2404	0	scaffolding	Comments blanks preprocessor namespace or delimiter-only line
core/css/css_math_expression_node.cc	2405	2406	2	pending	Remaining source logic: typed exponent arithmetic/simplification/extended functions/anchor/progress/random or unported primitive APIs; see exact source line
core/css/css_math_expression_node.cc	2407	2408	0	scaffolding	Comments blanks preprocessor namespace or delimiter-only line
core/css/css_math_expression_node.cc	2409	2412	4	pending	Remaining source logic: typed exponent arithmetic/simplification/extended functions/anchor/progress/random or unported primitive APIs; see exact source line
core/css/css_math_expression_node.cc	2413	2414	0	scaffolding	Comments blanks preprocessor namespace or delimiter-only line
core/css/css_math_expression_node.cc	2415	2420	6	pending	Remaining source logic: typed exponent arithmetic/simplification/extended functions/anchor/progress/random or unported primitive APIs; see exact source line
core/css/css_math_expression_node.cc	2421	2423	0	scaffolding	Comments blanks preprocessor namespace or delimiter-only line
core/css/css_math_expression_node.cc	2424	2435	12	pending	Remaining source logic: typed exponent arithmetic/simplification/extended functions/anchor/progress/random or unported primitive APIs; see exact source line
core/css/css_math_expression_node.cc	2436	2436	0	scaffolding	Comments blanks preprocessor namespace or delimiter-only line
core/css/css_math_expression_node.cc	2437	2456	20	pending	Remaining source logic: typed exponent arithmetic/simplification/extended functions/anchor/progress/random or unported primitive APIs; see exact source line
core/css/css_math_expression_node.cc	2457	2460	0	scaffolding	Comments blanks preprocessor namespace or delimiter-only line
core/css/css_math_expression_node.cc	2461	2461	1	pending	Remaining source logic: typed exponent arithmetic/simplification/extended functions/anchor/progress/random or unported primitive APIs; see exact source line
core/css/css_math_expression_node.cc	2462	2462	0	scaffolding	Comments blanks preprocessor namespace or delimiter-only line
core/css/css_math_expression_node.cc	2463	2465	3	pending	Remaining source logic: typed exponent arithmetic/simplification/extended functions/anchor/progress/random or unported primitive APIs; see exact source line
core/css/css_math_expression_node.cc	2466	2466	0	scaffolding	Comments blanks preprocessor namespace or delimiter-only line
core/css/css_math_expression_node.cc	2467	2470	4	pending	Remaining source logic: typed exponent arithmetic/simplification/extended functions/anchor/progress/random or unported primitive APIs; see exact source line
core/css/css_math_expression_node.cc	2471	2471	0	scaffolding	Comments blanks preprocessor namespace or delimiter-only line
core/css/css_math_expression_node.cc	2472	2473	2	pending	Remaining source logic: typed exponent arithmetic/simplification/extended functions/anchor/progress/random or unported primitive APIs; see exact source line
core/css/css_math_expression_node.cc	2474	2474	0	scaffolding	Comments blanks preprocessor namespace or delimiter-only line
core/css/css_math_expression_node.cc	2475	2475	1	pending	Remaining source logic: typed exponent arithmetic/simplification/extended functions/anchor/progress/random or unported primitive APIs; see exact source line
core/css/css_math_expression_node.cc	2476	2476	0	scaffolding	Comments blanks preprocessor namespace or delimiter-only line
core/css/css_math_expression_node.cc	2477	2482	6	pending	Remaining source logic: typed exponent arithmetic/simplification/extended functions/anchor/progress/random or unported primitive APIs; see exact source line
core/css/css_math_expression_node.cc	2483	2485	0	scaffolding	Comments blanks preprocessor namespace or delimiter-only line
core/css/css_math_expression_node.cc	2486	2486	1	pending	Remaining source logic: typed exponent arithmetic/simplification/extended functions/anchor/progress/random or unported primitive APIs; see exact source line
core/css/css_math_expression_node.cc	2487	2490	0	scaffolding	Comments blanks preprocessor namespace or delimiter-only line
core/css/css_math_expression_node.cc	2491	2509	19	pending	Remaining source logic: typed exponent arithmetic/simplification/extended functions/anchor/progress/random or unported primitive APIs; see exact source line
core/css/css_math_expression_node.cc	2510	2510	0	scaffolding	Comments blanks preprocessor namespace or delimiter-only line
core/css/css_math_expression_node.cc	2511	2511	1	pending	Remaining source logic: typed exponent arithmetic/simplification/extended functions/anchor/progress/random or unported primitive APIs; see exact source line
core/css/css_math_expression_node.cc	2512	2512	0	scaffolding	Comments blanks preprocessor namespace or delimiter-only line
core/css/css_math_expression_node.cc	2513	2513	1	pending	Remaining source logic: typed exponent arithmetic/simplification/extended functions/anchor/progress/random or unported primitive APIs; see exact source line
core/css/css_math_expression_node.cc	2514	2515	0	scaffolding	Comments blanks preprocessor namespace or delimiter-only line
core/css/css_math_expression_node.cc	2516	2516	1	pending	Remaining source logic: typed exponent arithmetic/simplification/extended functions/anchor/progress/random or unported primitive APIs; see exact source line
core/css/css_math_expression_node.cc	2517	2517	0	scaffolding	Comments blanks preprocessor namespace or delimiter-only line
core/css/css_math_expression_node.cc	2518	2518	1	pending	Remaining source logic: typed exponent arithmetic/simplification/extended functions/anchor/progress/random or unported primitive APIs; see exact source line
core/css/css_math_expression_node.cc	2519	2520	0	scaffolding	Comments blanks preprocessor namespace or delimiter-only line
core/css/css_math_expression_node.cc	2521	2526	6	pending	Remaining source logic: typed exponent arithmetic/simplification/extended functions/anchor/progress/random or unported primitive APIs; see exact source line
core/css/css_math_expression_node.cc	2527	2528	0	scaffolding	Comments blanks preprocessor namespace or delimiter-only line
core/css/css_math_expression_node.cc	2529	2534	6	pending	Remaining source logic: typed exponent arithmetic/simplification/extended functions/anchor/progress/random or unported primitive APIs; see exact source line
core/css/css_math_expression_node.cc	2535	2535	0	scaffolding	Comments blanks preprocessor namespace or delimiter-only line
core/css/css_math_expression_node.cc	2536	2536	1	pending	Remaining source logic: typed exponent arithmetic/simplification/extended functions/anchor/progress/random or unported primitive APIs; see exact source line
core/css/css_math_expression_node.cc	2537	2539	0	scaffolding	Comments blanks preprocessor namespace or delimiter-only line
core/css/css_math_expression_node.cc	2540	2550	11	pending	Remaining source logic: typed exponent arithmetic/simplification/extended functions/anchor/progress/random or unported primitive APIs; see exact source line
core/css/css_math_expression_node.cc	2551	2552	0	scaffolding	Comments blanks preprocessor namespace or delimiter-only line
core/css/css_math_expression_node.cc	2553	2555	3	pending	Remaining source logic: typed exponent arithmetic/simplification/extended functions/anchor/progress/random or unported primitive APIs; see exact source line
core/css/css_math_expression_node.cc	2556	2557	0	scaffolding	Comments blanks preprocessor namespace or delimiter-only line
core/css/css_math_expression_node.cc	2558	2569	12	pending	Remaining source logic: typed exponent arithmetic/simplification/extended functions/anchor/progress/random or unported primitive APIs; see exact source line
core/css/css_math_expression_node.cc	2570	2571	0	scaffolding	Comments blanks preprocessor namespace or delimiter-only line
core/css/css_math_expression_node.cc	2572	2572	1	pending	Remaining source logic: typed exponent arithmetic/simplification/extended functions/anchor/progress/random or unported primitive APIs; see exact source line
core/css/css_math_expression_node.cc	2573	2574	0	scaffolding	Comments blanks preprocessor namespace or delimiter-only line
core/css/css_math_expression_node.cc	2575	2575	1	pending	Remaining source logic: typed exponent arithmetic/simplification/extended functions/anchor/progress/random or unported primitive APIs; see exact source line
core/css/css_math_expression_node.cc	2576	2576	0	scaffolding	Comments blanks preprocessor namespace or delimiter-only line
core/css/css_math_expression_node.cc	2577	2580	4	pending	Remaining source logic: typed exponent arithmetic/simplification/extended functions/anchor/progress/random or unported primitive APIs; see exact source line
core/css/css_math_expression_node.cc	2581	2582	0	scaffolding	Comments blanks preprocessor namespace or delimiter-only line
core/css/css_math_expression_node.cc	2583	2586	4	pending	Remaining source logic: typed exponent arithmetic/simplification/extended functions/anchor/progress/random or unported primitive APIs; see exact source line
core/css/css_math_expression_node.cc	2587	2588	0	scaffolding	Comments blanks preprocessor namespace or delimiter-only line
core/css/css_math_expression_node.cc	2589	2589	1	pending	Remaining source logic: typed exponent arithmetic/simplification/extended functions/anchor/progress/random or unported primitive APIs; see exact source line
core/css/css_math_expression_node.cc	2590	2593	0	scaffolding	Comments blanks preprocessor namespace or delimiter-only line
core/css/css_math_expression_node.cc	2594	2599	6	pending	Remaining source logic: typed exponent arithmetic/simplification/extended functions/anchor/progress/random or unported primitive APIs; see exact source line
core/css/css_math_expression_node.cc	2600	2600	0	scaffolding	Comments blanks preprocessor namespace or delimiter-only line
core/css/css_math_expression_node.cc	2601	2603	3	pending	Remaining source logic: typed exponent arithmetic/simplification/extended functions/anchor/progress/random or unported primitive APIs; see exact source line
core/css/css_math_expression_node.cc	2604	2605	0	scaffolding	Comments blanks preprocessor namespace or delimiter-only line
core/css/css_math_expression_node.cc	2606	2613	8	pending	Remaining source logic: typed exponent arithmetic/simplification/extended functions/anchor/progress/random or unported primitive APIs; see exact source line
core/css/css_math_expression_node.cc	2614	2616	0	scaffolding	Comments blanks preprocessor namespace or delimiter-only line
core/css/css_math_expression_node.cc	2617	2618	2	pending	Remaining source logic: typed exponent arithmetic/simplification/extended functions/anchor/progress/random or unported primitive APIs; see exact source line
core/css/css_math_expression_node.cc	2619	2619	0	scaffolding	Comments blanks preprocessor namespace or delimiter-only line
core/css/css_math_expression_node.cc	2620	2620	1	pending	Remaining source logic: typed exponent arithmetic/simplification/extended functions/anchor/progress/random or unported primitive APIs; see exact source line
core/css/css_math_expression_node.cc	2621	2622	0	scaffolding	Comments blanks preprocessor namespace or delimiter-only line
core/css/css_math_expression_node.cc	2623	2625	3	pending	Remaining source logic: typed exponent arithmetic/simplification/extended functions/anchor/progress/random or unported primitive APIs; see exact source line
core/css/css_math_expression_node.cc	2626	2631	0	scaffolding	Comments blanks preprocessor namespace or delimiter-only line
core/css/css_math_expression_node.cc	2632	2639	8	pending	Remaining source logic: typed exponent arithmetic/simplification/extended functions/anchor/progress/random or unported primitive APIs; see exact source line
core/css/css_math_expression_node.cc	2640	2640	0	scaffolding	Comments blanks preprocessor namespace or delimiter-only line
core/css/css_math_expression_node.cc	2641	2644	4	pending	Remaining source logic: typed exponent arithmetic/simplification/extended functions/anchor/progress/random or unported primitive APIs; see exact source line
core/css/css_math_expression_node.cc	2645	2646	0	scaffolding	Comments blanks preprocessor namespace or delimiter-only line
core/css/css_math_expression_node.cc	2647	2651	5	pending	Remaining source logic: typed exponent arithmetic/simplification/extended functions/anchor/progress/random or unported primitive APIs; see exact source line
core/css/css_math_expression_node.cc	2652	2652	0	scaffolding	Comments blanks preprocessor namespace or delimiter-only line
core/css/css_math_expression_node.cc	2653	2653	1	pending	Remaining source logic: typed exponent arithmetic/simplification/extended functions/anchor/progress/random or unported primitive APIs; see exact source line
core/css/css_math_expression_node.cc	2654	2654	0	scaffolding	Comments blanks preprocessor namespace or delimiter-only line
core/css/css_math_expression_node.cc	2655	2655	1	pending	Remaining source logic: typed exponent arithmetic/simplification/extended functions/anchor/progress/random or unported primitive APIs; see exact source line
core/css/css_math_expression_node.cc	2656	2657	0	scaffolding	Comments blanks preprocessor namespace or delimiter-only line
core/css/css_math_expression_node.cc	2658	2660	3	pending	Remaining source logic: typed exponent arithmetic/simplification/extended functions/anchor/progress/random or unported primitive APIs; see exact source line
core/css/css_math_expression_node.cc	2661	2665	0	scaffolding	Comments blanks preprocessor namespace or delimiter-only line
core/css/css_math_expression_node.cc	2666	2672	7	pending	Remaining source logic: typed exponent arithmetic/simplification/extended functions/anchor/progress/random or unported primitive APIs; see exact source line
core/css/css_math_expression_node.cc	2673	2674	0	scaffolding	Comments blanks preprocessor namespace or delimiter-only line
core/css/css_math_expression_node.cc	2675	2682	8	pending	Remaining source logic: typed exponent arithmetic/simplification/extended functions/anchor/progress/random or unported primitive APIs; see exact source line
core/css/css_math_expression_node.cc	2683	2697	0	scaffolding	Comments blanks preprocessor namespace or delimiter-only line
core/css/css_math_expression_node.cc	2698	2701	4	pending	Remaining source logic: typed exponent arithmetic/simplification/extended functions/anchor/progress/random or unported primitive APIs; see exact source line
core/css/css_math_expression_node.cc	2702	2703	0	scaffolding	Comments blanks preprocessor namespace or delimiter-only line
core/css/css_math_expression_node.cc	2704	2707	4	pending	Remaining source logic: typed exponent arithmetic/simplification/extended functions/anchor/progress/random or unported primitive APIs; see exact source line
core/css/css_math_expression_node.cc	2708	2710	0	scaffolding	Comments blanks preprocessor namespace or delimiter-only line
core/css/css_math_expression_node.cc	2711	2714	4	pending	Remaining source logic: typed exponent arithmetic/simplification/extended functions/anchor/progress/random or unported primitive APIs; see exact source line
core/css/css_math_expression_node.cc	2715	2715	0	scaffolding	Comments blanks preprocessor namespace or delimiter-only line
core/css/css_math_expression_node.cc	2716	2717	2	pending	Remaining source logic: typed exponent arithmetic/simplification/extended functions/anchor/progress/random or unported primitive APIs; see exact source line
core/css/css_math_expression_node.cc	2718	2718	0	scaffolding	Comments blanks preprocessor namespace or delimiter-only line
core/css/css_math_expression_node.cc	2719	2719	1	pending	Remaining source logic: typed exponent arithmetic/simplification/extended functions/anchor/progress/random or unported primitive APIs; see exact source line
core/css/css_math_expression_node.cc	2720	2721	0	scaffolding	Comments blanks preprocessor namespace or delimiter-only line
core/css/css_math_expression_node.cc	2722	2726	5	pending	Remaining source logic: typed exponent arithmetic/simplification/extended functions/anchor/progress/random or unported primitive APIs; see exact source line
core/css/css_math_expression_node.cc	2727	2728	0	scaffolding	Comments blanks preprocessor namespace or delimiter-only line
core/css/css_math_expression_node.cc	2729	2734	6	pending	Remaining source logic: typed exponent arithmetic/simplification/extended functions/anchor/progress/random or unported primitive APIs; see exact source line
core/css/css_math_expression_node.cc	2735	2735	0	scaffolding	Comments blanks preprocessor namespace or delimiter-only line
core/css/css_math_expression_node.cc	2736	2737	2	pending	Remaining source logic: typed exponent arithmetic/simplification/extended functions/anchor/progress/random or unported primitive APIs; see exact source line
core/css/css_math_expression_node.cc	2738	2738	0	scaffolding	Comments blanks preprocessor namespace or delimiter-only line
core/css/css_math_expression_node.cc	2739	2755	17	pending	Remaining source logic: typed exponent arithmetic/simplification/extended functions/anchor/progress/random or unported primitive APIs; see exact source line
core/css/css_math_expression_node.cc	2756	2756	0	scaffolding	Comments blanks preprocessor namespace or delimiter-only line
core/css/css_math_expression_node.cc	2757	2765	9	pending	Remaining source logic: typed exponent arithmetic/simplification/extended functions/anchor/progress/random or unported primitive APIs; see exact source line
core/css/css_math_expression_node.cc	2766	2767	0	scaffolding	Comments blanks preprocessor namespace or delimiter-only line
core/css/css_math_expression_node.cc	2768	2769	2	pending	Remaining source logic: typed exponent arithmetic/simplification/extended functions/anchor/progress/random or unported primitive APIs; see exact source line
core/css/css_math_expression_node.cc	2770	2771	0	scaffolding	Comments blanks preprocessor namespace or delimiter-only line
core/css/css_math_expression_node.cc	2772	2784	13	pending	Remaining source logic: typed exponent arithmetic/simplification/extended functions/anchor/progress/random or unported primitive APIs; see exact source line
core/css/css_math_expression_node.cc	2785	2785	0	scaffolding	Comments blanks preprocessor namespace or delimiter-only line
core/css/css_math_expression_node.cc	2786	2787	2	pending	Remaining source logic: typed exponent arithmetic/simplification/extended functions/anchor/progress/random or unported primitive APIs; see exact source line
core/css/css_math_expression_node.cc	2788	2788	0	scaffolding	Comments blanks preprocessor namespace or delimiter-only line
core/css/css_math_expression_node.cc	2789	2790	2	pending	Remaining source logic: typed exponent arithmetic/simplification/extended functions/anchor/progress/random or unported primitive APIs; see exact source line
core/css/css_math_expression_node.cc	2791	2791	0	scaffolding	Comments blanks preprocessor namespace or delimiter-only line
core/css/css_math_expression_node.cc	2792	2793	2	pending	Remaining source logic: typed exponent arithmetic/simplification/extended functions/anchor/progress/random or unported primitive APIs; see exact source line
core/css/css_math_expression_node.cc	2794	2794	0	scaffolding	Comments blanks preprocessor namespace or delimiter-only line
core/css/css_math_expression_node.cc	2795	2797	3	pending	Remaining source logic: typed exponent arithmetic/simplification/extended functions/anchor/progress/random or unported primitive APIs; see exact source line
core/css/css_math_expression_node.cc	2798	2798	0	scaffolding	Comments blanks preprocessor namespace or delimiter-only line
core/css/css_math_expression_node.cc	2799	2802	4	pending	Remaining source logic: typed exponent arithmetic/simplification/extended functions/anchor/progress/random or unported primitive APIs; see exact source line
core/css/css_math_expression_node.cc	2803	2804	0	scaffolding	Comments blanks preprocessor namespace or delimiter-only line
core/css/css_math_expression_node.cc	2805	2807	3	pending	Remaining source logic: typed exponent arithmetic/simplification/extended functions/anchor/progress/random or unported primitive APIs; see exact source line
core/css/css_math_expression_node.cc	2808	2808	0	scaffolding	Comments blanks preprocessor namespace or delimiter-only line
core/css/css_math_expression_node.cc	2809	2810	2	pending	Remaining source logic: typed exponent arithmetic/simplification/extended functions/anchor/progress/random or unported primitive APIs; see exact source line
core/css/css_math_expression_node.cc	2811	2811	0	scaffolding	Comments blanks preprocessor namespace or delimiter-only line
core/css/css_math_expression_node.cc	2812	2819	8	pending	Remaining source logic: typed exponent arithmetic/simplification/extended functions/anchor/progress/random or unported primitive APIs; see exact source line
core/css/css_math_expression_node.cc	2820	2820	0	scaffolding	Comments blanks preprocessor namespace or delimiter-only line
core/css/css_math_expression_node.cc	2821	2823	3	pending	Remaining source logic: typed exponent arithmetic/simplification/extended functions/anchor/progress/random or unported primitive APIs; see exact source line
core/css/css_math_expression_node.cc	2824	2825	0	scaffolding	Comments blanks preprocessor namespace or delimiter-only line
core/css/css_math_expression_node.cc	2826	2826	1	pending	Remaining source logic: typed exponent arithmetic/simplification/extended functions/anchor/progress/random or unported primitive APIs; see exact source line
core/css/css_math_expression_node.cc	2827	2828	0	scaffolding	Comments blanks preprocessor namespace or delimiter-only line
core/css/css_math_expression_node.cc	2829	2831	3	pending	Remaining source logic: typed exponent arithmetic/simplification/extended functions/anchor/progress/random or unported primitive APIs; see exact source line
core/css/css_math_expression_node.cc	2832	2832	0	scaffolding	Comments blanks preprocessor namespace or delimiter-only line
core/css/css_math_expression_node.cc	2833	2835	3	pending	Remaining source logic: typed exponent arithmetic/simplification/extended functions/anchor/progress/random or unported primitive APIs; see exact source line
core/css/css_math_expression_node.cc	2836	2837	0	scaffolding	Comments blanks preprocessor namespace or delimiter-only line
core/css/css_math_expression_node.cc	2838	2838	1	pending	Remaining source logic: typed exponent arithmetic/simplification/extended functions/anchor/progress/random or unported primitive APIs; see exact source line
core/css/css_math_expression_node.cc	2839	2840	0	scaffolding	Comments blanks preprocessor namespace or delimiter-only line
core/css/css_math_expression_node.cc	2841	2845	5	pending	Remaining source logic: typed exponent arithmetic/simplification/extended functions/anchor/progress/random or unported primitive APIs; see exact source line
core/css/css_math_expression_node.cc	2846	2847	0	scaffolding	Comments blanks preprocessor namespace or delimiter-only line
core/css/css_math_expression_node.cc	2848	2848	1	pending	Remaining source logic: typed exponent arithmetic/simplification/extended functions/anchor/progress/random or unported primitive APIs; see exact source line
core/css/css_math_expression_node.cc	2849	2850	0	scaffolding	Comments blanks preprocessor namespace or delimiter-only line
core/css/css_math_expression_node.cc	2851	2855	5	pending	Remaining source logic: typed exponent arithmetic/simplification/extended functions/anchor/progress/random or unported primitive APIs; see exact source line
core/css/css_math_expression_node.cc	2856	2857	0	scaffolding	Comments blanks preprocessor namespace or delimiter-only line
core/css/css_math_expression_node.cc	2858	2858	1	pending	Remaining source logic: typed exponent arithmetic/simplification/extended functions/anchor/progress/random or unported primitive APIs; see exact source line
core/css/css_math_expression_node.cc	2859	2860	0	scaffolding	Comments blanks preprocessor namespace or delimiter-only line
core/css/css_math_expression_node.cc	2861	2865	5	pending	Remaining source logic: typed exponent arithmetic/simplification/extended functions/anchor/progress/random or unported primitive APIs; see exact source line
core/css/css_math_expression_node.cc	2866	2867	0	scaffolding	Comments blanks preprocessor namespace or delimiter-only line
core/css/css_math_expression_node.cc	2868	2868	1	pending	Remaining source logic: typed exponent arithmetic/simplification/extended functions/anchor/progress/random or unported primitive APIs; see exact source line
core/css/css_math_expression_node.cc	2869	2870	0	scaffolding	Comments blanks preprocessor namespace or delimiter-only line
core/css/css_math_expression_node.cc	2871	2875	5	pending	Remaining source logic: typed exponent arithmetic/simplification/extended functions/anchor/progress/random or unported primitive APIs; see exact source line
core/css/css_math_expression_node.cc	2876	2877	0	scaffolding	Comments blanks preprocessor namespace or delimiter-only line
core/css/css_math_expression_node.cc	2878	2878	1	pending	Remaining source logic: typed exponent arithmetic/simplification/extended functions/anchor/progress/random or unported primitive APIs; see exact source line
core/css/css_math_expression_node.cc	2879	2880	0	scaffolding	Comments blanks preprocessor namespace or delimiter-only line
core/css/css_math_expression_node.cc	2881	2885	5	pending	Remaining source logic: typed exponent arithmetic/simplification/extended functions/anchor/progress/random or unported primitive APIs; see exact source line
core/css/css_math_expression_node.cc	2886	2887	0	scaffolding	Comments blanks preprocessor namespace or delimiter-only line
core/css/css_math_expression_node.cc	2888	2888	1	pending	Remaining source logic: typed exponent arithmetic/simplification/extended functions/anchor/progress/random or unported primitive APIs; see exact source line
core/css/css_math_expression_node.cc	2889	2890	0	scaffolding	Comments blanks preprocessor namespace or delimiter-only line
core/css/css_math_expression_node.cc	2891	2902	12	pending	Remaining source logic: typed exponent arithmetic/simplification/extended functions/anchor/progress/random or unported primitive APIs; see exact source line
core/css/css_math_expression_node.cc	2903	2903	0	scaffolding	Comments blanks preprocessor namespace or delimiter-only line
core/css/css_math_expression_node.cc	2904	2905	2	pending	Remaining source logic: typed exponent arithmetic/simplification/extended functions/anchor/progress/random or unported primitive APIs; see exact source line
core/css/css_math_expression_node.cc	2906	2906	0	scaffolding	Comments blanks preprocessor namespace or delimiter-only line
core/css/css_math_expression_node.cc	2907	2908	2	pending	Remaining source logic: typed exponent arithmetic/simplification/extended functions/anchor/progress/random or unported primitive APIs; see exact source line
core/css/css_math_expression_node.cc	2909	2909	0	scaffolding	Comments blanks preprocessor namespace or delimiter-only line
core/css/css_math_expression_node.cc	2910	2911	2	pending	Remaining source logic: typed exponent arithmetic/simplification/extended functions/anchor/progress/random or unported primitive APIs; see exact source line
core/css/css_math_expression_node.cc	2912	2912	0	scaffolding	Comments blanks preprocessor namespace or delimiter-only line
core/css/css_math_expression_node.cc	2913	2914	2	pending	Remaining source logic: typed exponent arithmetic/simplification/extended functions/anchor/progress/random or unported primitive APIs; see exact source line
core/css/css_math_expression_node.cc	2915	2915	0	scaffolding	Comments blanks preprocessor namespace or delimiter-only line
core/css/css_math_expression_node.cc	2916	2921	6	pending	Remaining source logic: typed exponent arithmetic/simplification/extended functions/anchor/progress/random or unported primitive APIs; see exact source line
core/css/css_math_expression_node.cc	2922	2924	0	scaffolding	Comments blanks preprocessor namespace or delimiter-only line
core/css/css_math_expression_node.cc	2925	2934	10	pending	Remaining source logic: typed exponent arithmetic/simplification/extended functions/anchor/progress/random or unported primitive APIs; see exact source line
core/css/css_math_expression_node.cc	2935	2936	0	scaffolding	Comments blanks preprocessor namespace or delimiter-only line
core/css/css_math_expression_node.cc	2937	2940	4	pending	Remaining source logic: typed exponent arithmetic/simplification/extended functions/anchor/progress/random or unported primitive APIs; see exact source line
core/css/css_math_expression_node.cc	2941	2941	0	scaffolding	Comments blanks preprocessor namespace or delimiter-only line
core/css/css_math_expression_node.cc	2942	2945	4	pending	Remaining source logic: typed exponent arithmetic/simplification/extended functions/anchor/progress/random or unported primitive APIs; see exact source line
core/css/css_math_expression_node.cc	2946	2946	0	scaffolding	Comments blanks preprocessor namespace or delimiter-only line
core/css/css_math_expression_node.cc	2947	2947	1	pending	Remaining source logic: typed exponent arithmetic/simplification/extended functions/anchor/progress/random or unported primitive APIs; see exact source line
core/css/css_math_expression_node.cc	2948	2948	0	scaffolding	Comments blanks preprocessor namespace or delimiter-only line
core/css/css_math_expression_node.cc	2949	2954	6	pending	Remaining source logic: typed exponent arithmetic/simplification/extended functions/anchor/progress/random or unported primitive APIs; see exact source line
core/css/css_math_expression_node.cc	2955	2955	0	scaffolding	Comments blanks preprocessor namespace or delimiter-only line
core/css/css_math_expression_node.cc	2956	2960	5	pending	Remaining source logic: typed exponent arithmetic/simplification/extended functions/anchor/progress/random or unported primitive APIs; see exact source line
core/css/css_math_expression_node.cc	2961	2961	0	scaffolding	Comments blanks preprocessor namespace or delimiter-only line
core/css/css_math_expression_node.cc	2962	2963	2	pending	Remaining source logic: typed exponent arithmetic/simplification/extended functions/anchor/progress/random or unported primitive APIs; see exact source line
core/css/css_math_expression_node.cc	2964	2964	0	scaffolding	Comments blanks preprocessor namespace or delimiter-only line
core/css/css_math_expression_node.cc	2965	2965	1	pending	Remaining source logic: typed exponent arithmetic/simplification/extended functions/anchor/progress/random or unported primitive APIs; see exact source line
core/css/css_math_expression_node.cc	2966	2966	0	scaffolding	Comments blanks preprocessor namespace or delimiter-only line
core/css/css_math_expression_node.cc	2967	2968	2	pending	Remaining source logic: typed exponent arithmetic/simplification/extended functions/anchor/progress/random or unported primitive APIs; see exact source line
core/css/css_math_expression_node.cc	2969	2973	0	scaffolding	Comments blanks preprocessor namespace or delimiter-only line
core/css/css_math_expression_node.cc	2974	3004	31	pending	Remaining source logic: typed exponent arithmetic/simplification/extended functions/anchor/progress/random or unported primitive APIs; see exact source line
core/css/css_math_expression_node.cc	3005	3005	0	scaffolding	Comments blanks preprocessor namespace or delimiter-only line
core/css/css_math_expression_node.cc	3006	3006	1	pending	Remaining source logic: typed exponent arithmetic/simplification/extended functions/anchor/progress/random or unported primitive APIs; see exact source line
core/css/css_math_expression_node.cc	3007	3010	0	scaffolding	Comments blanks preprocessor namespace or delimiter-only line
core/css/css_math_expression_node.cc	3011	3077	67	pending	Remaining source logic: typed exponent arithmetic/simplification/extended functions/anchor/progress/random or unported primitive APIs; see exact source line
core/css/css_math_expression_node.cc	3078	3080	0	scaffolding	Comments blanks preprocessor namespace or delimiter-only line
core/css/css_math_expression_node.cc	3081	3083	3	pending	Remaining source logic: typed exponent arithmetic/simplification/extended functions/anchor/progress/random or unported primitive APIs; see exact source line
core/css/css_math_expression_node.cc	3084	3085	0	scaffolding	Comments blanks preprocessor namespace or delimiter-only line
core/css/css_math_expression_node.cc	3086	3087	2	pending	Remaining source logic: typed exponent arithmetic/simplification/extended functions/anchor/progress/random or unported primitive APIs; see exact source line
core/css/css_math_expression_node.cc	3088	3088	0	scaffolding	Comments blanks preprocessor namespace or delimiter-only line
core/css/css_math_expression_node.cc	3089	3092	4	pending	Remaining source logic: typed exponent arithmetic/simplification/extended functions/anchor/progress/random or unported primitive APIs; see exact source line
core/css/css_math_expression_node.cc	3093	3095	0	scaffolding	Comments blanks preprocessor namespace or delimiter-only line
core/css/css_math_expression_node.cc	3096	3104	9	pending	Remaining source logic: typed exponent arithmetic/simplification/extended functions/anchor/progress/random or unported primitive APIs; see exact source line
core/css/css_math_expression_node.cc	3105	3108	0	scaffolding	Comments blanks preprocessor namespace or delimiter-only line
core/css/css_math_expression_node.cc	3109	3111	3	pending	Remaining source logic: typed exponent arithmetic/simplification/extended functions/anchor/progress/random or unported primitive APIs; see exact source line
core/css/css_math_expression_node.cc	3112	3112	0	scaffolding	Comments blanks preprocessor namespace or delimiter-only line
core/css/css_math_expression_node.cc	3113	3114	2	pending	Remaining source logic: typed exponent arithmetic/simplification/extended functions/anchor/progress/random or unported primitive APIs; see exact source line
core/css/css_math_expression_node.cc	3115	3116	0	scaffolding	Comments blanks preprocessor namespace or delimiter-only line
core/css/css_math_expression_node.cc	3117	3122	6	pending	Remaining source logic: typed exponent arithmetic/simplification/extended functions/anchor/progress/random or unported primitive APIs; see exact source line
core/css/css_math_expression_node.cc	3123	3123	0	scaffolding	Comments blanks preprocessor namespace or delimiter-only line
core/css/css_math_expression_node.cc	3124	3125	2	pending	Remaining source logic: typed exponent arithmetic/simplification/extended functions/anchor/progress/random or unported primitive APIs; see exact source line
core/css/css_math_expression_node.cc	3126	3126	0	scaffolding	Comments blanks preprocessor namespace or delimiter-only line
core/css/css_math_expression_node.cc	3127	3127	1	pending	Remaining source logic: typed exponent arithmetic/simplification/extended functions/anchor/progress/random or unported primitive APIs; see exact source line
core/css/css_math_expression_node.cc	3128	3131	0	scaffolding	Comments blanks preprocessor namespace or delimiter-only line
core/css/css_math_expression_node.cc	3132	3134	3	pending	Remaining source logic: typed exponent arithmetic/simplification/extended functions/anchor/progress/random or unported primitive APIs; see exact source line
core/css/css_math_expression_node.cc	3135	3138	0	scaffolding	Comments blanks preprocessor namespace or delimiter-only line
core/css/css_math_expression_node.cc	3139	3149	11	pending	Remaining source logic: typed exponent arithmetic/simplification/extended functions/anchor/progress/random or unported primitive APIs; see exact source line
core/css/css_math_expression_node.cc	3150	3150	0	scaffolding	Comments blanks preprocessor namespace or delimiter-only line
core/css/css_math_expression_node.cc	3151	3161	11	pending	Remaining source logic: typed exponent arithmetic/simplification/extended functions/anchor/progress/random or unported primitive APIs; see exact source line
core/css/css_math_expression_node.cc	3162	3163	0	scaffolding	Comments blanks preprocessor namespace or delimiter-only line
core/css/css_math_expression_node.cc	3164	3172	9	pending	Remaining source logic: typed exponent arithmetic/simplification/extended functions/anchor/progress/random or unported primitive APIs; see exact source line
core/css/css_math_expression_node.cc	3173	3173	0	scaffolding	Comments blanks preprocessor namespace or delimiter-only line
core/css/css_math_expression_node.cc	3174	3176	3	pending	Remaining source logic: typed exponent arithmetic/simplification/extended functions/anchor/progress/random or unported primitive APIs; see exact source line
core/css/css_math_expression_node.cc	3177	3179	0	scaffolding	Comments blanks preprocessor namespace or delimiter-only line
core/css/css_math_expression_node.cc	3180	3184	5	mapped	css_math_expression_node.rs ToCalculationExpression operator/child ownership
core/css/css_math_expression_node.cc	3185	3185	0	scaffolding	Comments blanks preprocessor namespace or delimiter-only line
core/css/css_math_expression_node.cc	3186	3189	4	pending	Remaining source logic: typed exponent arithmetic/simplification/extended functions/anchor/progress/random or unported primitive APIs; see exact source line
core/css/css_math_expression_node.cc	3190	3190	0	scaffolding	Comments blanks preprocessor namespace or delimiter-only line
core/css/css_math_expression_node.cc	3191	3192	2	mapped	css_math_expression_node.rs native CalculationExpressionNode::CreateSimplified
core/css/css_math_expression_node.cc	3193	3194	0	scaffolding	Comments blanks preprocessor namespace or delimiter-only line
core/css/css_math_expression_node.cc	3195	3203	9	pending	Remaining source logic: typed exponent arithmetic/simplification/extended functions/anchor/progress/random or unported primitive APIs; see exact source line
core/css/css_math_expression_node.cc	3204	3204	0	scaffolding	Comments blanks preprocessor namespace or delimiter-only line
core/css/css_math_expression_node.cc	3205	3205	1	pending	Remaining source logic: typed exponent arithmetic/simplification/extended functions/anchor/progress/random or unported primitive APIs; see exact source line
core/css/css_math_expression_node.cc	3206	3206	0	scaffolding	Comments blanks preprocessor namespace or delimiter-only line
core/css/css_math_expression_node.cc	3207	3207	1	pending	Remaining source logic: typed exponent arithmetic/simplification/extended functions/anchor/progress/random or unported primitive APIs; see exact source line
core/css/css_math_expression_node.cc	3208	3209	0	scaffolding	Comments blanks preprocessor namespace or delimiter-only line
core/css/css_math_expression_node.cc	3210	3212	3	pending	Remaining source logic: typed exponent arithmetic/simplification/extended functions/anchor/progress/random or unported primitive APIs; see exact source line
core/css/css_math_expression_node.cc	3213	3214	2	mapped	css_math_expression_node.rs recursive canonical evaluation; intermediate typed arithmetic is not constructible
core/css/css_math_expression_node.cc	3215	3216	0	scaffolding	Comments blanks preprocessor namespace or delimiter-only line
core/css/css_math_expression_node.cc	3217	3220	4	mapped	css_math_expression_node.rs recursive canonical evaluation; intermediate typed arithmetic is not constructible
core/css/css_math_expression_node.cc	3221	3222	0	scaffolding	Comments blanks preprocessor namespace or delimiter-only line
core/css/css_math_expression_node.cc	3223	3228	6	mapped	css_math_expression_node.rs recursive canonical evaluation; intermediate typed arithmetic is not constructible
core/css/css_math_expression_node.cc	3229	3229	0	scaffolding	Comments blanks preprocessor namespace or delimiter-only line
core/css/css_math_expression_node.cc	3230	3230	1	mapped	css_math_expression_node.rs recursive canonical evaluation; intermediate typed arithmetic is not constructible
core/css/css_math_expression_node.cc	3231	3231	0	scaffolding	Comments blanks preprocessor namespace or delimiter-only line
core/css/css_math_expression_node.cc	3232	3232	1	mapped	css_math_expression_node.rs recursive canonical evaluation; intermediate typed arithmetic is not constructible
core/css/css_math_expression_node.cc	3233	3234	0	scaffolding	Comments blanks preprocessor namespace or delimiter-only line
core/css/css_math_expression_node.cc	3235	3238	4	mapped	css_math_expression_node.rs recursive canonical evaluation; intermediate typed arithmetic is not constructible
core/css/css_math_expression_node.cc	3239	3240	0	scaffolding	Comments blanks preprocessor namespace or delimiter-only line
core/css/css_math_expression_node.cc	3241	3247	7	mapped	css_math_expression_node.rs recursive canonical evaluation; intermediate typed arithmetic is not constructible
core/css/css_math_expression_node.cc	3248	3248	0	scaffolding	Comments blanks preprocessor namespace or delimiter-only line
core/css/css_math_expression_node.cc	3249	3249	1	mapped	css_math_expression_node.rs recursive canonical evaluation; intermediate typed arithmetic is not constructible
core/css/css_math_expression_node.cc	3250	3252	3	pending	Remaining source logic: typed exponent arithmetic/simplification/extended functions/anchor/progress/random or unported primitive APIs; see exact source line
core/css/css_math_expression_node.cc	3253	3253	0	scaffolding	Comments blanks preprocessor namespace or delimiter-only line
core/css/css_math_expression_node.cc	3254	3254	1	mapped	css_math_expression_node.rs canonical evaluation operator result
core/css/css_math_expression_node.cc	3255	3255	0	scaffolding	Comments blanks preprocessor namespace or delimiter-only line
core/css/css_math_expression_node.cc	3256	3256	1	mapped	css_math_expression_node.rs canonical evaluation operator result
core/css/css_math_expression_node.cc	3257	3258	0	scaffolding	Comments blanks preprocessor namespace or delimiter-only line
core/css/css_math_expression_node.cc	3259	3265	7	mapped	css_math_expression_node.rs Evaluate and required CSSMathLengthResolver
core/css/css_math_expression_node.cc	3266	3268	3	pending	Remaining source logic: typed exponent arithmetic/simplification/extended functions/anchor/progress/random or unported primitive APIs; see exact source line
core/css/css_math_expression_node.cc	3269	3269	0	scaffolding	Comments blanks preprocessor namespace or delimiter-only line
core/css/css_math_expression_node.cc	3270	3270	1	mapped	css_math_expression_node.rs ComputeLengthPx over validated length category
core/css/css_math_expression_node.cc	3271	3271	0	scaffolding	Comments blanks preprocessor namespace or delimiter-only line
core/css/css_math_expression_node.cc	3272	3272	1	mapped	css_math_expression_node.rs ComputeLengthPx over validated length category
core/css/css_math_expression_node.cc	3273	3274	0	scaffolding	Comments blanks preprocessor namespace or delimiter-only line
core/css/css_math_expression_node.cc	3275	3279	5	mapped	css_math_expression_node.rs ComputeLengthPx over validated length category
core/css/css_math_expression_node.cc	3280	3281	0	scaffolding	Comments blanks preprocessor namespace or delimiter-only line
core/css/css_math_expression_node.cc	3282	3289	8	pending	Remaining source logic: typed exponent arithmetic/simplification/extended functions/anchor/progress/random or unported primitive APIs; see exact source line
core/css/css_math_expression_node.cc	3290	3290	0	scaffolding	Comments blanks preprocessor namespace or delimiter-only line
core/css/css_math_expression_node.cc	3291	3292	2	pending	Remaining source logic: typed exponent arithmetic/simplification/extended functions/anchor/progress/random or unported primitive APIs; see exact source line
core/css/css_math_expression_node.cc	3293	3293	0	scaffolding	Comments blanks preprocessor namespace or delimiter-only line
core/css/css_math_expression_node.cc	3294	3298	5	pending	Remaining source logic: typed exponent arithmetic/simplification/extended functions/anchor/progress/random or unported primitive APIs; see exact source line
core/css/css_math_expression_node.cc	3299	3299	0	scaffolding	Comments blanks preprocessor namespace or delimiter-only line
core/css/css_math_expression_node.cc	3300	3301	2	pending	Remaining source logic: typed exponent arithmetic/simplification/extended functions/anchor/progress/random or unported primitive APIs; see exact source line
core/css/css_math_expression_node.cc	3302	3302	0	scaffolding	Comments blanks preprocessor namespace or delimiter-only line
core/css/css_math_expression_node.cc	3303	3311	9	pending	Remaining source logic: typed exponent arithmetic/simplification/extended functions/anchor/progress/random or unported primitive APIs; see exact source line
core/css/css_math_expression_node.cc	3312	3312	0	scaffolding	Comments blanks preprocessor namespace or delimiter-only line
core/css/css_math_expression_node.cc	3313	3318	6	pending	Remaining source logic: typed exponent arithmetic/simplification/extended functions/anchor/progress/random or unported primitive APIs; see exact source line
core/css/css_math_expression_node.cc	3319	3319	0	scaffolding	Comments blanks preprocessor namespace or delimiter-only line
core/css/css_math_expression_node.cc	3320	3320	1	pending	Remaining source logic: typed exponent arithmetic/simplification/extended functions/anchor/progress/random or unported primitive APIs; see exact source line
core/css/css_math_expression_node.cc	3321	3321	0	scaffolding	Comments blanks preprocessor namespace or delimiter-only line
core/css/css_math_expression_node.cc	3322	3325	4	pending	Remaining source logic: typed exponent arithmetic/simplification/extended functions/anchor/progress/random or unported primitive APIs; see exact source line
core/css/css_math_expression_node.cc	3326	3327	0	scaffolding	Comments blanks preprocessor namespace or delimiter-only line
core/css/css_math_expression_node.cc	3328	3339	12	pending	Remaining source logic: typed exponent arithmetic/simplification/extended functions/anchor/progress/random or unported primitive APIs; see exact source line
core/css/css_math_expression_node.cc	3340	3341	0	scaffolding	Comments blanks preprocessor namespace or delimiter-only line
core/css/css_math_expression_node.cc	3342	3357	16	pending	Remaining source logic: typed exponent arithmetic/simplification/extended functions/anchor/progress/random or unported primitive APIs; see exact source line
core/css/css_math_expression_node.cc	3358	3360	0	scaffolding	Comments blanks preprocessor namespace or delimiter-only line
core/css/css_math_expression_node.cc	3361	3364	4	pending	Remaining source logic: typed exponent arithmetic/simplification/extended functions/anchor/progress/random or unported primitive APIs; see exact source line
core/css/css_math_expression_node.cc	3365	3367	0	scaffolding	Comments blanks preprocessor namespace or delimiter-only line
core/css/css_math_expression_node.cc	3368	3371	4	pending	Remaining source logic: typed exponent arithmetic/simplification/extended functions/anchor/progress/random or unported primitive APIs; see exact source line
core/css/css_math_expression_node.cc	3372	3373	0	scaffolding	Comments blanks preprocessor namespace or delimiter-only line
core/css/css_math_expression_node.cc	3374	3374	1	pending	Remaining source logic: typed exponent arithmetic/simplification/extended functions/anchor/progress/random or unported primitive APIs; see exact source line
core/css/css_math_expression_node.cc	3375	3376	0	scaffolding	Comments blanks preprocessor namespace or delimiter-only line
core/css/css_math_expression_node.cc	3377	3380	4	pending	Remaining source logic: typed exponent arithmetic/simplification/extended functions/anchor/progress/random or unported primitive APIs; see exact source line
core/css/css_math_expression_node.cc	3381	3382	0	scaffolding	Comments blanks preprocessor namespace or delimiter-only line
core/css/css_math_expression_node.cc	3383	3383	1	pending	Remaining source logic: typed exponent arithmetic/simplification/extended functions/anchor/progress/random or unported primitive APIs; see exact source line
core/css/css_math_expression_node.cc	3384	3385	0	scaffolding	Comments blanks preprocessor namespace or delimiter-only line
core/css/css_math_expression_node.cc	3386	3389	4	pending	Remaining source logic: typed exponent arithmetic/simplification/extended functions/anchor/progress/random or unported primitive APIs; see exact source line
core/css/css_math_expression_node.cc	3390	3391	0	scaffolding	Comments blanks preprocessor namespace or delimiter-only line
core/css/css_math_expression_node.cc	3392	3392	1	pending	Remaining source logic: typed exponent arithmetic/simplification/extended functions/anchor/progress/random or unported primitive APIs; see exact source line
core/css/css_math_expression_node.cc	3393	3398	0	scaffolding	Comments blanks preprocessor namespace or delimiter-only line
core/css/css_math_expression_node.cc	3399	3406	8	pending	Remaining source logic: typed exponent arithmetic/simplification/extended functions/anchor/progress/random or unported primitive APIs; see exact source line
core/css/css_math_expression_node.cc	3407	3409	0	scaffolding	Comments blanks preprocessor namespace or delimiter-only line
core/css/css_math_expression_node.cc	3410	3415	6	pending	Remaining source logic: typed exponent arithmetic/simplification/extended functions/anchor/progress/random or unported primitive APIs; see exact source line
core/css/css_math_expression_node.cc	3416	3419	0	scaffolding	Comments blanks preprocessor namespace or delimiter-only line
core/css/css_math_expression_node.cc	3420	3420	1	pending	Remaining source logic: typed exponent arithmetic/simplification/extended functions/anchor/progress/random or unported primitive APIs; see exact source line
core/css/css_math_expression_node.cc	3421	3425	0	scaffolding	Comments blanks preprocessor namespace or delimiter-only line
core/css/css_math_expression_node.cc	3426	3429	4	pending	Remaining source logic: typed exponent arithmetic/simplification/extended functions/anchor/progress/random or unported primitive APIs; see exact source line
core/css/css_math_expression_node.cc	3430	3436	0	scaffolding	Comments blanks preprocessor namespace or delimiter-only line
core/css/css_math_expression_node.cc	3437	3438	2	pending	Remaining source logic: typed exponent arithmetic/simplification/extended functions/anchor/progress/random or unported primitive APIs; see exact source line
core/css/css_math_expression_node.cc	3439	3441	0	scaffolding	Comments blanks preprocessor namespace or delimiter-only line
core/css/css_math_expression_node.cc	3442	3444	3	pending	Remaining source logic: typed exponent arithmetic/simplification/extended functions/anchor/progress/random or unported primitive APIs; see exact source line
core/css/css_math_expression_node.cc	3445	3445	0	scaffolding	Comments blanks preprocessor namespace or delimiter-only line
core/css/css_math_expression_node.cc	3446	3448	3	pending	Remaining source logic: typed exponent arithmetic/simplification/extended functions/anchor/progress/random or unported primitive APIs; see exact source line
core/css/css_math_expression_node.cc	3449	3451	0	scaffolding	Comments blanks preprocessor namespace or delimiter-only line
core/css/css_math_expression_node.cc	3452	3457	6	pending	Remaining source logic: typed exponent arithmetic/simplification/extended functions/anchor/progress/random or unported primitive APIs; see exact source line
core/css/css_math_expression_node.cc	3458	3462	0	scaffolding	Comments blanks preprocessor namespace or delimiter-only line
core/css/css_math_expression_node.cc	3463	3470	8	pending	Remaining source logic: typed exponent arithmetic/simplification/extended functions/anchor/progress/random or unported primitive APIs; see exact source line
core/css/css_math_expression_node.cc	3471	3472	0	scaffolding	Comments blanks preprocessor namespace or delimiter-only line
core/css/css_math_expression_node.cc	3473	3476	4	pending	Remaining source logic: typed exponent arithmetic/simplification/extended functions/anchor/progress/random or unported primitive APIs; see exact source line
core/css/css_math_expression_node.cc	3477	3478	0	scaffolding	Comments blanks preprocessor namespace or delimiter-only line
core/css/css_math_expression_node.cc	3479	3480	2	pending	Remaining source logic: typed exponent arithmetic/simplification/extended functions/anchor/progress/random or unported primitive APIs; see exact source line
core/css/css_math_expression_node.cc	3481	3481	0	scaffolding	Comments blanks preprocessor namespace or delimiter-only line
core/css/css_math_expression_node.cc	3482	3508	27	pending	Remaining source logic: typed exponent arithmetic/simplification/extended functions/anchor/progress/random or unported primitive APIs; see exact source line
core/css/css_math_expression_node.cc	3509	3509	0	scaffolding	Comments blanks preprocessor namespace or delimiter-only line
core/css/css_math_expression_node.cc	3510	3510	1	pending	Remaining source logic: typed exponent arithmetic/simplification/extended functions/anchor/progress/random or unported primitive APIs; see exact source line
core/css/css_math_expression_node.cc	3511	3511	0	scaffolding	Comments blanks preprocessor namespace or delimiter-only line
core/css/css_math_expression_node.cc	3512	3512	1	pending	Remaining source logic: typed exponent arithmetic/simplification/extended functions/anchor/progress/random or unported primitive APIs; see exact source line
core/css/css_math_expression_node.cc	3513	3513	0	scaffolding	Comments blanks preprocessor namespace or delimiter-only line
core/css/css_math_expression_node.cc	3514	3523	10	pending	Remaining source logic: typed exponent arithmetic/simplification/extended functions/anchor/progress/random or unported primitive APIs; see exact source line
core/css/css_math_expression_node.cc	3524	3524	0	scaffolding	Comments blanks preprocessor namespace or delimiter-only line
core/css/css_math_expression_node.cc	3525	3528	4	pending	Remaining source logic: typed exponent arithmetic/simplification/extended functions/anchor/progress/random or unported primitive APIs; see exact source line
core/css/css_math_expression_node.cc	3529	3529	0	scaffolding	Comments blanks preprocessor namespace or delimiter-only line
core/css/css_math_expression_node.cc	3530	3530	1	pending	Remaining source logic: typed exponent arithmetic/simplification/extended functions/anchor/progress/random or unported primitive APIs; see exact source line
core/css/css_math_expression_node.cc	3531	3531	0	scaffolding	Comments blanks preprocessor namespace or delimiter-only line
core/css/css_math_expression_node.cc	3532	3532	1	pending	Remaining source logic: typed exponent arithmetic/simplification/extended functions/anchor/progress/random or unported primitive APIs; see exact source line
core/css/css_math_expression_node.cc	3533	3533	0	scaffolding	Comments blanks preprocessor namespace or delimiter-only line
core/css/css_math_expression_node.cc	3534	3546	13	pending	Remaining source logic: typed exponent arithmetic/simplification/extended functions/anchor/progress/random or unported primitive APIs; see exact source line
core/css/css_math_expression_node.cc	3547	3547	0	scaffolding	Comments blanks preprocessor namespace or delimiter-only line
core/css/css_math_expression_node.cc	3548	3548	1	pending	Remaining source logic: typed exponent arithmetic/simplification/extended functions/anchor/progress/random or unported primitive APIs; see exact source line
core/css/css_math_expression_node.cc	3549	3550	0	scaffolding	Comments blanks preprocessor namespace or delimiter-only line
core/css/css_math_expression_node.cc	3551	3557	7	pending	Remaining source logic: typed exponent arithmetic/simplification/extended functions/anchor/progress/random or unported primitive APIs; see exact source line
core/css/css_math_expression_node.cc	3558	3558	0	scaffolding	Comments blanks preprocessor namespace or delimiter-only line
core/css/css_math_expression_node.cc	3559	3561	3	pending	Remaining source logic: typed exponent arithmetic/simplification/extended functions/anchor/progress/random or unported primitive APIs; see exact source line
core/css/css_math_expression_node.cc	3562	3564	0	scaffolding	Comments blanks preprocessor namespace or delimiter-only line
core/css/css_math_expression_node.cc	3565	3568	4	pending	Remaining source logic: typed exponent arithmetic/simplification/extended functions/anchor/progress/random or unported primitive APIs; see exact source line
core/css/css_math_expression_node.cc	3569	3570	0	scaffolding	Comments blanks preprocessor namespace or delimiter-only line
core/css/css_math_expression_node.cc	3571	3573	3	pending	Remaining source logic: typed exponent arithmetic/simplification/extended functions/anchor/progress/random or unported primitive APIs; see exact source line
core/css/css_math_expression_node.cc	3574	3574	0	scaffolding	Comments blanks preprocessor namespace or delimiter-only line
core/css/css_math_expression_node.cc	3575	3576	2	pending	Remaining source logic: typed exponent arithmetic/simplification/extended functions/anchor/progress/random or unported primitive APIs; see exact source line
core/css/css_math_expression_node.cc	3577	3577	0	scaffolding	Comments blanks preprocessor namespace or delimiter-only line
core/css/css_math_expression_node.cc	3578	3580	3	pending	Remaining source logic: typed exponent arithmetic/simplification/extended functions/anchor/progress/random or unported primitive APIs; see exact source line
core/css/css_math_expression_node.cc	3581	3582	0	scaffolding	Comments blanks preprocessor namespace or delimiter-only line
core/css/css_math_expression_node.cc	3583	3583	1	pending	Remaining source logic: typed exponent arithmetic/simplification/extended functions/anchor/progress/random or unported primitive APIs; see exact source line
core/css/css_math_expression_node.cc	3584	3585	0	scaffolding	Comments blanks preprocessor namespace or delimiter-only line
core/css/css_math_expression_node.cc	3586	3601	16	pending	Remaining source logic: typed exponent arithmetic/simplification/extended functions/anchor/progress/random or unported primitive APIs; see exact source line
core/css/css_math_expression_node.cc	3602	3602	0	scaffolding	Comments blanks preprocessor namespace or delimiter-only line
core/css/css_math_expression_node.cc	3603	3604	2	pending	Remaining source logic: typed exponent arithmetic/simplification/extended functions/anchor/progress/random or unported primitive APIs; see exact source line
core/css/css_math_expression_node.cc	3605	3605	0	scaffolding	Comments blanks preprocessor namespace or delimiter-only line
core/css/css_math_expression_node.cc	3606	3606	1	pending	Remaining source logic: typed exponent arithmetic/simplification/extended functions/anchor/progress/random or unported primitive APIs; see exact source line
core/css/css_math_expression_node.cc	3607	3607	0	scaffolding	Comments blanks preprocessor namespace or delimiter-only line
core/css/css_math_expression_node.cc	3608	3626	19	pending	Remaining source logic: typed exponent arithmetic/simplification/extended functions/anchor/progress/random or unported primitive APIs; see exact source line
core/css/css_math_expression_node.cc	3627	3627	0	scaffolding	Comments blanks preprocessor namespace or delimiter-only line
core/css/css_math_expression_node.cc	3628	3632	5	pending	Remaining source logic: typed exponent arithmetic/simplification/extended functions/anchor/progress/random or unported primitive APIs; see exact source line
core/css/css_math_expression_node.cc	3633	3634	0	scaffolding	Comments blanks preprocessor namespace or delimiter-only line
core/css/css_math_expression_node.cc	3635	3635	1	pending	Remaining source logic: typed exponent arithmetic/simplification/extended functions/anchor/progress/random or unported primitive APIs; see exact source line
core/css/css_math_expression_node.cc	3636	3636	0	scaffolding	Comments blanks preprocessor namespace or delimiter-only line
core/css/css_math_expression_node.cc	3637	3657	21	pending	Remaining source logic: typed exponent arithmetic/simplification/extended functions/anchor/progress/random or unported primitive APIs; see exact source line
core/css/css_math_expression_node.cc	3658	3658	0	scaffolding	Comments blanks preprocessor namespace or delimiter-only line
core/css/css_math_expression_node.cc	3659	3659	1	pending	Remaining source logic: typed exponent arithmetic/simplification/extended functions/anchor/progress/random or unported primitive APIs; see exact source line
core/css/css_math_expression_node.cc	3660	3662	0	scaffolding	Comments blanks preprocessor namespace or delimiter-only line
core/css/css_math_expression_node.cc	3663	3663	1	pending	Remaining source logic: typed exponent arithmetic/simplification/extended functions/anchor/progress/random or unported primitive APIs; see exact source line
core/css/css_math_expression_node.cc	3664	3664	0	scaffolding	Comments blanks preprocessor namespace or delimiter-only line
core/css/css_math_expression_node.cc	3665	3667	3	pending	Remaining source logic: typed exponent arithmetic/simplification/extended functions/anchor/progress/random or unported primitive APIs; see exact source line
core/css/css_math_expression_node.cc	3668	3668	0	scaffolding	Comments blanks preprocessor namespace or delimiter-only line
core/css/css_math_expression_node.cc	3669	3675	7	pending	Remaining source logic: typed exponent arithmetic/simplification/extended functions/anchor/progress/random or unported primitive APIs; see exact source line
core/css/css_math_expression_node.cc	3676	3677	0	scaffolding	Comments blanks preprocessor namespace or delimiter-only line
core/css/css_math_expression_node.cc	3678	3678	1	pending	Remaining source logic: typed exponent arithmetic/simplification/extended functions/anchor/progress/random or unported primitive APIs; see exact source line
core/css/css_math_expression_node.cc	3679	3680	0	scaffolding	Comments blanks preprocessor namespace or delimiter-only line
core/css/css_math_expression_node.cc	3681	3683	3	pending	Remaining source logic: typed exponent arithmetic/simplification/extended functions/anchor/progress/random or unported primitive APIs; see exact source line
core/css/css_math_expression_node.cc	3684	3686	0	scaffolding	Comments blanks preprocessor namespace or delimiter-only line
core/css/css_math_expression_node.cc	3687	3691	5	pending	Remaining source logic: typed exponent arithmetic/simplification/extended functions/anchor/progress/random or unported primitive APIs; see exact source line
core/css/css_math_expression_node.cc	3692	3692	0	scaffolding	Comments blanks preprocessor namespace or delimiter-only line
core/css/css_math_expression_node.cc	3693	3694	2	pending	Remaining source logic: typed exponent arithmetic/simplification/extended functions/anchor/progress/random or unported primitive APIs; see exact source line
core/css/css_math_expression_node.cc	3695	3695	0	scaffolding	Comments blanks preprocessor namespace or delimiter-only line
core/css/css_math_expression_node.cc	3696	3696	1	pending	Remaining source logic: typed exponent arithmetic/simplification/extended functions/anchor/progress/random or unported primitive APIs; see exact source line
core/css/css_math_expression_node.cc	3697	3699	0	scaffolding	Comments blanks preprocessor namespace or delimiter-only line
core/css/css_math_expression_node.cc	3700	3702	3	pending	Remaining source logic: typed exponent arithmetic/simplification/extended functions/anchor/progress/random or unported primitive APIs; see exact source line
core/css/css_math_expression_node.cc	3703	3706	0	scaffolding	Comments blanks preprocessor namespace or delimiter-only line
core/css/css_math_expression_node.cc	3707	3709	3	pending	Remaining source logic: typed exponent arithmetic/simplification/extended functions/anchor/progress/random or unported primitive APIs; see exact source line
core/css/css_math_expression_node.cc	3710	3712	0	scaffolding	Comments blanks preprocessor namespace or delimiter-only line
core/css/css_math_expression_node.cc	3713	3723	11	pending	Remaining source logic: typed exponent arithmetic/simplification/extended functions/anchor/progress/random or unported primitive APIs; see exact source line
core/css/css_math_expression_node.cc	3724	3726	0	scaffolding	Comments blanks preprocessor namespace or delimiter-only line
core/css/css_math_expression_node.cc	3727	3734	8	pending	Remaining source logic: typed exponent arithmetic/simplification/extended functions/anchor/progress/random or unported primitive APIs; see exact source line
core/css/css_math_expression_node.cc	3735	3735	0	scaffolding	Comments blanks preprocessor namespace or delimiter-only line
core/css/css_math_expression_node.cc	3736	3737	2	pending	Remaining source logic: typed exponent arithmetic/simplification/extended functions/anchor/progress/random or unported primitive APIs; see exact source line
core/css/css_math_expression_node.cc	3738	3739	0	scaffolding	Comments blanks preprocessor namespace or delimiter-only line
core/css/css_math_expression_node.cc	3740	3743	4	pending	Remaining source logic: typed exponent arithmetic/simplification/extended functions/anchor/progress/random or unported primitive APIs; see exact source line
core/css/css_math_expression_node.cc	3744	3744	0	scaffolding	Comments blanks preprocessor namespace or delimiter-only line
core/css/css_math_expression_node.cc	3745	3745	1	pending	Remaining source logic: typed exponent arithmetic/simplification/extended functions/anchor/progress/random or unported primitive APIs; see exact source line
core/css/css_math_expression_node.cc	3746	3746	0	scaffolding	Comments blanks preprocessor namespace or delimiter-only line
core/css/css_math_expression_node.cc	3747	3747	1	pending	Remaining source logic: typed exponent arithmetic/simplification/extended functions/anchor/progress/random or unported primitive APIs; see exact source line
core/css/css_math_expression_node.cc	3748	3748	0	scaffolding	Comments blanks preprocessor namespace or delimiter-only line
core/css/css_math_expression_node.cc	3749	3751	3	pending	Remaining source logic: typed exponent arithmetic/simplification/extended functions/anchor/progress/random or unported primitive APIs; see exact source line
core/css/css_math_expression_node.cc	3752	3752	0	scaffolding	Comments blanks preprocessor namespace or delimiter-only line
core/css/css_math_expression_node.cc	3753	3754	2	pending	Remaining source logic: typed exponent arithmetic/simplification/extended functions/anchor/progress/random or unported primitive APIs; see exact source line
core/css/css_math_expression_node.cc	3755	3756	0	scaffolding	Comments blanks preprocessor namespace or delimiter-only line
core/css/css_math_expression_node.cc	3757	3760	4	pending	Remaining source logic: typed exponent arithmetic/simplification/extended functions/anchor/progress/random or unported primitive APIs; see exact source line
core/css/css_math_expression_node.cc	3761	3761	0	scaffolding	Comments blanks preprocessor namespace or delimiter-only line
core/css/css_math_expression_node.cc	3762	3762	1	pending	Remaining source logic: typed exponent arithmetic/simplification/extended functions/anchor/progress/random or unported primitive APIs; see exact source line
core/css/css_math_expression_node.cc	3763	3763	0	scaffolding	Comments blanks preprocessor namespace or delimiter-only line
core/css/css_math_expression_node.cc	3764	3764	1	pending	Remaining source logic: typed exponent arithmetic/simplification/extended functions/anchor/progress/random or unported primitive APIs; see exact source line
core/css/css_math_expression_node.cc	3765	3765	0	scaffolding	Comments blanks preprocessor namespace or delimiter-only line
core/css/css_math_expression_node.cc	3766	3770	5	pending	Remaining source logic: typed exponent arithmetic/simplification/extended functions/anchor/progress/random or unported primitive APIs; see exact source line
core/css/css_math_expression_node.cc	3771	3773	0	scaffolding	Comments blanks preprocessor namespace or delimiter-only line
core/css/css_math_expression_node.cc	3774	3774	1	pending	Remaining source logic: typed exponent arithmetic/simplification/extended functions/anchor/progress/random or unported primitive APIs; see exact source line
core/css/css_math_expression_node.cc	3775	3776	0	scaffolding	Comments blanks preprocessor namespace or delimiter-only line
core/css/css_math_expression_node.cc	3777	3778	2	pending	Remaining source logic: typed exponent arithmetic/simplification/extended functions/anchor/progress/random or unported primitive APIs; see exact source line
core/css/css_math_expression_node.cc	3779	3779	0	scaffolding	Comments blanks preprocessor namespace or delimiter-only line
core/css/css_math_expression_node.cc	3780	3780	1	pending	Remaining source logic: typed exponent arithmetic/simplification/extended functions/anchor/progress/random or unported primitive APIs; see exact source line
core/css/css_math_expression_node.cc	3781	3782	0	scaffolding	Comments blanks preprocessor namespace or delimiter-only line
core/css/css_math_expression_node.cc	3783	3785	3	pending	Remaining source logic: typed exponent arithmetic/simplification/extended functions/anchor/progress/random or unported primitive APIs; see exact source line
core/css/css_math_expression_node.cc	3786	3786	0	scaffolding	Comments blanks preprocessor namespace or delimiter-only line
core/css/css_math_expression_node.cc	3787	3787	1	pending	Remaining source logic: typed exponent arithmetic/simplification/extended functions/anchor/progress/random or unported primitive APIs; see exact source line
core/css/css_math_expression_node.cc	3788	3788	0	scaffolding	Comments blanks preprocessor namespace or delimiter-only line
core/css/css_math_expression_node.cc	3789	3796	8	pending	Remaining source logic: typed exponent arithmetic/simplification/extended functions/anchor/progress/random or unported primitive APIs; see exact source line
core/css/css_math_expression_node.cc	3797	3797	0	scaffolding	Comments blanks preprocessor namespace or delimiter-only line
core/css/css_math_expression_node.cc	3798	3800	3	pending	Remaining source logic: typed exponent arithmetic/simplification/extended functions/anchor/progress/random or unported primitive APIs; see exact source line
core/css/css_math_expression_node.cc	3801	3801	0	scaffolding	Comments blanks preprocessor namespace or delimiter-only line
core/css/css_math_expression_node.cc	3802	3806	5	pending	Remaining source logic: typed exponent arithmetic/simplification/extended functions/anchor/progress/random or unported primitive APIs; see exact source line
core/css/css_math_expression_node.cc	3807	3807	0	scaffolding	Comments blanks preprocessor namespace or delimiter-only line
core/css/css_math_expression_node.cc	3808	3808	1	pending	Remaining source logic: typed exponent arithmetic/simplification/extended functions/anchor/progress/random or unported primitive APIs; see exact source line
core/css/css_math_expression_node.cc	3809	3809	0	scaffolding	Comments blanks preprocessor namespace or delimiter-only line
core/css/css_math_expression_node.cc	3810	3812	3	pending	Remaining source logic: typed exponent arithmetic/simplification/extended functions/anchor/progress/random or unported primitive APIs; see exact source line
core/css/css_math_expression_node.cc	3813	3813	0	scaffolding	Comments blanks preprocessor namespace or delimiter-only line
core/css/css_math_expression_node.cc	3814	3818	5	pending	Remaining source logic: typed exponent arithmetic/simplification/extended functions/anchor/progress/random or unported primitive APIs; see exact source line
core/css/css_math_expression_node.cc	3819	3819	0	scaffolding	Comments blanks preprocessor namespace or delimiter-only line
core/css/css_math_expression_node.cc	3820	3820	1	pending	Remaining source logic: typed exponent arithmetic/simplification/extended functions/anchor/progress/random or unported primitive APIs; see exact source line
core/css/css_math_expression_node.cc	3821	3821	0	scaffolding	Comments blanks preprocessor namespace or delimiter-only line
core/css/css_math_expression_node.cc	3822	3824	3	pending	Remaining source logic: typed exponent arithmetic/simplification/extended functions/anchor/progress/random or unported primitive APIs; see exact source line
core/css/css_math_expression_node.cc	3825	3825	0	scaffolding	Comments blanks preprocessor namespace or delimiter-only line
core/css/css_math_expression_node.cc	3826	3828	3	pending	Remaining source logic: typed exponent arithmetic/simplification/extended functions/anchor/progress/random or unported primitive APIs; see exact source line
core/css/css_math_expression_node.cc	3829	3829	0	scaffolding	Comments blanks preprocessor namespace or delimiter-only line
core/css/css_math_expression_node.cc	3830	3837	8	pending	Remaining source logic: typed exponent arithmetic/simplification/extended functions/anchor/progress/random or unported primitive APIs; see exact source line
core/css/css_math_expression_node.cc	3838	3838	0	scaffolding	Comments blanks preprocessor namespace or delimiter-only line
core/css/css_math_expression_node.cc	3839	3839	1	pending	Remaining source logic: typed exponent arithmetic/simplification/extended functions/anchor/progress/random or unported primitive APIs; see exact source line
core/css/css_math_expression_node.cc	3840	3840	0	scaffolding	Comments blanks preprocessor namespace or delimiter-only line
core/css/css_math_expression_node.cc	3841	3842	2	pending	Remaining source logic: typed exponent arithmetic/simplification/extended functions/anchor/progress/random or unported primitive APIs; see exact source line
core/css/css_math_expression_node.cc	3843	3847	0	scaffolding	Comments blanks preprocessor namespace or delimiter-only line
core/css/css_math_expression_node.cc	3848	3848	1	pending	Remaining source logic: typed exponent arithmetic/simplification/extended functions/anchor/progress/random or unported primitive APIs; see exact source line
core/css/css_math_expression_node.cc	3849	3849	0	scaffolding	Comments blanks preprocessor namespace or delimiter-only line
core/css/css_math_expression_node.cc	3850	3852	3	pending	Remaining source logic: typed exponent arithmetic/simplification/extended functions/anchor/progress/random or unported primitive APIs; see exact source line
core/css/css_math_expression_node.cc	3853	3853	0	scaffolding	Comments blanks preprocessor namespace or delimiter-only line
core/css/css_math_expression_node.cc	3854	3867	14	pending	Remaining source logic: typed exponent arithmetic/simplification/extended functions/anchor/progress/random or unported primitive APIs; see exact source line
core/css/css_math_expression_node.cc	3868	3870	0	scaffolding	Comments blanks preprocessor namespace or delimiter-only line
core/css/css_math_expression_node.cc	3871	3875	5	pending	Remaining source logic: typed exponent arithmetic/simplification/extended functions/anchor/progress/random or unported primitive APIs; see exact source line
core/css/css_math_expression_node.cc	3876	3876	0	scaffolding	Comments blanks preprocessor namespace or delimiter-only line
core/css/css_math_expression_node.cc	3877	3878	2	pending	Remaining source logic: typed exponent arithmetic/simplification/extended functions/anchor/progress/random or unported primitive APIs; see exact source line
core/css/css_math_expression_node.cc	3879	3880	0	scaffolding	Comments blanks preprocessor namespace or delimiter-only line
core/css/css_math_expression_node.cc	3881	3888	8	pending	Remaining source logic: typed exponent arithmetic/simplification/extended functions/anchor/progress/random or unported primitive APIs; see exact source line
core/css/css_math_expression_node.cc	3889	3889	0	scaffolding	Comments blanks preprocessor namespace or delimiter-only line
core/css/css_math_expression_node.cc	3890	3892	3	pending	Remaining source logic: typed exponent arithmetic/simplification/extended functions/anchor/progress/random or unported primitive APIs; see exact source line
core/css/css_math_expression_node.cc	3893	3893	0	scaffolding	Comments blanks preprocessor namespace or delimiter-only line
core/css/css_math_expression_node.cc	3894	3894	1	pending	Remaining source logic: typed exponent arithmetic/simplification/extended functions/anchor/progress/random or unported primitive APIs; see exact source line
core/css/css_math_expression_node.cc	3895	3896	0	scaffolding	Comments blanks preprocessor namespace or delimiter-only line
core/css/css_math_expression_node.cc	3897	3901	5	pending	Remaining source logic: typed exponent arithmetic/simplification/extended functions/anchor/progress/random or unported primitive APIs; see exact source line
core/css/css_math_expression_node.cc	3902	3903	0	scaffolding	Comments blanks preprocessor namespace or delimiter-only line
core/css/css_math_expression_node.cc	3904	3904	1	pending	Remaining source logic: typed exponent arithmetic/simplification/extended functions/anchor/progress/random or unported primitive APIs; see exact source line
core/css/css_math_expression_node.cc	3905	3912	0	scaffolding	Comments blanks preprocessor namespace or delimiter-only line
core/css/css_math_expression_node.cc	3913	3925	13	pending	Remaining source logic: typed exponent arithmetic/simplification/extended functions/anchor/progress/random or unported primitive APIs; see exact source line
core/css/css_math_expression_node.cc	3926	3926	0	scaffolding	Comments blanks preprocessor namespace or delimiter-only line
core/css/css_math_expression_node.cc	3927	3934	8	pending	Remaining source logic: typed exponent arithmetic/simplification/extended functions/anchor/progress/random or unported primitive APIs; see exact source line
core/css/css_math_expression_node.cc	3935	3940	0	scaffolding	Comments blanks preprocessor namespace or delimiter-only line
core/css/css_math_expression_node.cc	3941	3949	9	pending	Remaining source logic: typed exponent arithmetic/simplification/extended functions/anchor/progress/random or unported primitive APIs; see exact source line
core/css/css_math_expression_node.cc	3950	3952	0	scaffolding	Comments blanks preprocessor namespace or delimiter-only line
core/css/css_math_expression_node.cc	3953	3958	6	pending	Remaining source logic: typed exponent arithmetic/simplification/extended functions/anchor/progress/random or unported primitive APIs; see exact source line
core/css/css_math_expression_node.cc	3959	3959	0	scaffolding	Comments blanks preprocessor namespace or delimiter-only line
core/css/css_math_expression_node.cc	3960	3960	1	pending	Remaining source logic: typed exponent arithmetic/simplification/extended functions/anchor/progress/random or unported primitive APIs; see exact source line
core/css/css_math_expression_node.cc	3961	3962	0	scaffolding	Comments blanks preprocessor namespace or delimiter-only line
core/css/css_math_expression_node.cc	3963	3969	7	pending	Remaining source logic: typed exponent arithmetic/simplification/extended functions/anchor/progress/random or unported primitive APIs; see exact source line
core/css/css_math_expression_node.cc	3970	3971	0	scaffolding	Comments blanks preprocessor namespace or delimiter-only line
core/css/css_math_expression_node.cc	3972	3975	4	pending	Remaining source logic: typed exponent arithmetic/simplification/extended functions/anchor/progress/random or unported primitive APIs; see exact source line
core/css/css_math_expression_node.cc	3976	3977	0	scaffolding	Comments blanks preprocessor namespace or delimiter-only line
core/css/css_math_expression_node.cc	3978	3980	3	pending	Remaining source logic: typed exponent arithmetic/simplification/extended functions/anchor/progress/random or unported primitive APIs; see exact source line
core/css/css_math_expression_node.cc	3981	3988	0	scaffolding	Comments blanks preprocessor namespace or delimiter-only line
core/css/css_math_expression_node.cc	3989	3990	2	pending	Remaining source logic: typed exponent arithmetic/simplification/extended functions/anchor/progress/random or unported primitive APIs; see exact source line
core/css/css_math_expression_node.cc	3991	3993	0	scaffolding	Comments blanks preprocessor namespace or delimiter-only line
core/css/css_math_expression_node.cc	3994	3995	2	pending	Remaining source logic: typed exponent arithmetic/simplification/extended functions/anchor/progress/random or unported primitive APIs; see exact source line
core/css/css_math_expression_node.cc	3996	4002	0	scaffolding	Comments blanks preprocessor namespace or delimiter-only line
core/css/css_math_expression_node.cc	4003	4003	1	pending	Remaining source logic: typed exponent arithmetic/simplification/extended functions/anchor/progress/random or unported primitive APIs; see exact source line
core/css/css_math_expression_node.cc	4004	4007	0	scaffolding	Comments blanks preprocessor namespace or delimiter-only line
core/css/css_math_expression_node.cc	4008	4021	14	pending	Remaining source logic: typed exponent arithmetic/simplification/extended functions/anchor/progress/random or unported primitive APIs; see exact source line
core/css/css_math_expression_node.cc	4022	4024	0	scaffolding	Comments blanks preprocessor namespace or delimiter-only line
core/css/css_math_expression_node.cc	4025	4026	2	pending	Remaining source logic: typed exponent arithmetic/simplification/extended functions/anchor/progress/random or unported primitive APIs; see exact source line
core/css/css_math_expression_node.cc	4027	4028	0	scaffolding	Comments blanks preprocessor namespace or delimiter-only line
core/css/css_math_expression_node.cc	4029	4031	3	pending	Remaining source logic: typed exponent arithmetic/simplification/extended functions/anchor/progress/random or unported primitive APIs; see exact source line
core/css/css_math_expression_node.cc	4032	4033	0	scaffolding	Comments blanks preprocessor namespace or delimiter-only line
core/css/css_math_expression_node.cc	4034	4036	3	pending	Remaining source logic: typed exponent arithmetic/simplification/extended functions/anchor/progress/random or unported primitive APIs; see exact source line
core/css/css_math_expression_node.cc	4037	4040	0	scaffolding	Comments blanks preprocessor namespace or delimiter-only line
core/css/css_math_expression_node.cc	4041	4041	1	pending	Remaining source logic: typed exponent arithmetic/simplification/extended functions/anchor/progress/random or unported primitive APIs; see exact source line
core/css/css_math_expression_node.cc	4042	4042	0	scaffolding	Comments blanks preprocessor namespace or delimiter-only line
core/css/css_math_expression_node.cc	4043	4044	2	pending	Remaining source logic: typed exponent arithmetic/simplification/extended functions/anchor/progress/random or unported primitive APIs; see exact source line
core/css/css_math_expression_node.cc	4045	4047	0	scaffolding	Comments blanks preprocessor namespace or delimiter-only line
core/css/css_math_expression_node.cc	4048	4049	2	pending	Remaining source logic: typed exponent arithmetic/simplification/extended functions/anchor/progress/random or unported primitive APIs; see exact source line
core/css/css_math_expression_node.cc	4050	4051	0	scaffolding	Comments blanks preprocessor namespace or delimiter-only line
core/css/css_math_expression_node.cc	4052	4058	7	pending	Remaining source logic: typed exponent arithmetic/simplification/extended functions/anchor/progress/random or unported primitive APIs; see exact source line
core/css/css_math_expression_node.cc	4059	4060	0	scaffolding	Comments blanks preprocessor namespace or delimiter-only line
core/css/css_math_expression_node.cc	4061	4062	2	pending	Remaining source logic: typed exponent arithmetic/simplification/extended functions/anchor/progress/random or unported primitive APIs; see exact source line
core/css/css_math_expression_node.cc	4063	4063	0	scaffolding	Comments blanks preprocessor namespace or delimiter-only line
core/css/css_math_expression_node.cc	4064	4066	3	pending	Remaining source logic: typed exponent arithmetic/simplification/extended functions/anchor/progress/random or unported primitive APIs; see exact source line
core/css/css_math_expression_node.cc	4067	4067	0	scaffolding	Comments blanks preprocessor namespace or delimiter-only line
core/css/css_math_expression_node.cc	4068	4068	1	pending	Remaining source logic: typed exponent arithmetic/simplification/extended functions/anchor/progress/random or unported primitive APIs; see exact source line
core/css/css_math_expression_node.cc	4069	4069	0	scaffolding	Comments blanks preprocessor namespace or delimiter-only line
core/css/css_math_expression_node.cc	4070	4071	2	pending	Remaining source logic: typed exponent arithmetic/simplification/extended functions/anchor/progress/random or unported primitive APIs; see exact source line
core/css/css_math_expression_node.cc	4072	4073	0	scaffolding	Comments blanks preprocessor namespace or delimiter-only line
core/css/css_math_expression_node.cc	4074	4078	5	pending	Remaining source logic: typed exponent arithmetic/simplification/extended functions/anchor/progress/random or unported primitive APIs; see exact source line
core/css/css_math_expression_node.cc	4079	4079	0	scaffolding	Comments blanks preprocessor namespace or delimiter-only line
core/css/css_math_expression_node.cc	4080	4084	5	pending	Remaining source logic: typed exponent arithmetic/simplification/extended functions/anchor/progress/random or unported primitive APIs; see exact source line
core/css/css_math_expression_node.cc	4085	4088	0	scaffolding	Comments blanks preprocessor namespace or delimiter-only line
core/css/css_math_expression_node.cc	4089	4114	26	pending	Remaining source logic: typed exponent arithmetic/simplification/extended functions/anchor/progress/random or unported primitive APIs; see exact source line
core/css/css_math_expression_node.cc	4115	4117	0	scaffolding	Comments blanks preprocessor namespace or delimiter-only line
core/css/css_math_expression_node.cc	4118	4133	16	pending	Remaining source logic: typed exponent arithmetic/simplification/extended functions/anchor/progress/random or unported primitive APIs; see exact source line
core/css/css_math_expression_node.cc	4134	4138	0	scaffolding	Comments blanks preprocessor namespace or delimiter-only line
core/css/css_math_expression_node.cc	4139	4142	4	pending	Remaining source logic: typed exponent arithmetic/simplification/extended functions/anchor/progress/random or unported primitive APIs; see exact source line
core/css/css_math_expression_node.cc	4143	4143	0	scaffolding	Comments blanks preprocessor namespace or delimiter-only line
core/css/css_math_expression_node.cc	4144	4144	1	pending	Remaining source logic: typed exponent arithmetic/simplification/extended functions/anchor/progress/random or unported primitive APIs; see exact source line
core/css/css_math_expression_node.cc	4145	4145	0	scaffolding	Comments blanks preprocessor namespace or delimiter-only line
core/css/css_math_expression_node.cc	4146	4148	3	pending	Remaining source logic: typed exponent arithmetic/simplification/extended functions/anchor/progress/random or unported primitive APIs; see exact source line
core/css/css_math_expression_node.cc	4149	4149	0	scaffolding	Comments blanks preprocessor namespace or delimiter-only line
core/css/css_math_expression_node.cc	4150	4151	2	pending	Remaining source logic: typed exponent arithmetic/simplification/extended functions/anchor/progress/random or unported primitive APIs; see exact source line
core/css/css_math_expression_node.cc	4152	4153	0	scaffolding	Comments blanks preprocessor namespace or delimiter-only line
core/css/css_math_expression_node.cc	4154	4154	1	pending	Remaining source logic: typed exponent arithmetic/simplification/extended functions/anchor/progress/random or unported primitive APIs; see exact source line
core/css/css_math_expression_node.cc	4155	4156	0	scaffolding	Comments blanks preprocessor namespace or delimiter-only line
core/css/css_math_expression_node.cc	4157	4165	9	pending	Remaining source logic: typed exponent arithmetic/simplification/extended functions/anchor/progress/random or unported primitive APIs; see exact source line
core/css/css_math_expression_node.cc	4166	4166	0	scaffolding	Comments blanks preprocessor namespace or delimiter-only line
core/css/css_math_expression_node.cc	4167	4167	1	pending	Remaining source logic: typed exponent arithmetic/simplification/extended functions/anchor/progress/random or unported primitive APIs; see exact source line
core/css/css_math_expression_node.cc	4168	4169	0	scaffolding	Comments blanks preprocessor namespace or delimiter-only line
core/css/css_math_expression_node.cc	4170	4179	10	pending	Remaining source logic: typed exponent arithmetic/simplification/extended functions/anchor/progress/random or unported primitive APIs; see exact source line
core/css/css_math_expression_node.cc	4180	4180	0	scaffolding	Comments blanks preprocessor namespace or delimiter-only line
core/css/css_math_expression_node.cc	4181	4187	7	pending	Remaining source logic: typed exponent arithmetic/simplification/extended functions/anchor/progress/random or unported primitive APIs; see exact source line
core/css/css_math_expression_node.cc	4188	4188	0	scaffolding	Comments blanks preprocessor namespace or delimiter-only line
core/css/css_math_expression_node.cc	4189	4191	3	pending	Remaining source logic: typed exponent arithmetic/simplification/extended functions/anchor/progress/random or unported primitive APIs; see exact source line
core/css/css_math_expression_node.cc	4192	4193	0	scaffolding	Comments blanks preprocessor namespace or delimiter-only line
core/css/css_math_expression_node.cc	4194	4198	5	pending	Remaining source logic: typed exponent arithmetic/simplification/extended functions/anchor/progress/random or unported primitive APIs; see exact source line
core/css/css_math_expression_node.cc	4199	4199	0	scaffolding	Comments blanks preprocessor namespace or delimiter-only line
core/css/css_math_expression_node.cc	4200	4200	1	pending	Remaining source logic: typed exponent arithmetic/simplification/extended functions/anchor/progress/random or unported primitive APIs; see exact source line
core/css/css_math_expression_node.cc	4201	4202	0	scaffolding	Comments blanks preprocessor namespace or delimiter-only line
core/css/css_math_expression_node.cc	4203	4213	11	pending	Remaining source logic: typed exponent arithmetic/simplification/extended functions/anchor/progress/random or unported primitive APIs; see exact source line
core/css/css_math_expression_node.cc	4214	4217	0	scaffolding	Comments blanks preprocessor namespace or delimiter-only line
core/css/css_math_expression_node.cc	4218	4221	4	pending	Remaining source logic: typed exponent arithmetic/simplification/extended functions/anchor/progress/random or unported primitive APIs; see exact source line
core/css/css_math_expression_node.cc	4222	4223	0	scaffolding	Comments blanks preprocessor namespace or delimiter-only line
core/css/css_math_expression_node.cc	4224	4228	5	pending	Remaining source logic: typed exponent arithmetic/simplification/extended functions/anchor/progress/random or unported primitive APIs; see exact source line
core/css/css_math_expression_node.cc	4229	4231	0	scaffolding	Comments blanks preprocessor namespace or delimiter-only line
core/css/css_math_expression_node.cc	4232	4234	3	pending	Remaining source logic: typed exponent arithmetic/simplification/extended functions/anchor/progress/random or unported primitive APIs; see exact source line
core/css/css_math_expression_node.cc	4235	4235	0	scaffolding	Comments blanks preprocessor namespace or delimiter-only line
core/css/css_math_expression_node.cc	4236	4242	7	pending	Remaining source logic: typed exponent arithmetic/simplification/extended functions/anchor/progress/random or unported primitive APIs; see exact source line
core/css/css_math_expression_node.cc	4243	4243	0	scaffolding	Comments blanks preprocessor namespace or delimiter-only line
core/css/css_math_expression_node.cc	4244	4244	1	pending	Remaining source logic: typed exponent arithmetic/simplification/extended functions/anchor/progress/random or unported primitive APIs; see exact source line
core/css/css_math_expression_node.cc	4245	4245	0	scaffolding	Comments blanks preprocessor namespace or delimiter-only line
core/css/css_math_expression_node.cc	4246	4246	1	pending	Remaining source logic: typed exponent arithmetic/simplification/extended functions/anchor/progress/random or unported primitive APIs; see exact source line
core/css/css_math_expression_node.cc	4247	4247	0	scaffolding	Comments blanks preprocessor namespace or delimiter-only line
core/css/css_math_expression_node.cc	4248	4267	20	pending	Remaining source logic: typed exponent arithmetic/simplification/extended functions/anchor/progress/random or unported primitive APIs; see exact source line
core/css/css_math_expression_node.cc	4268	4268	0	scaffolding	Comments blanks preprocessor namespace or delimiter-only line
core/css/css_math_expression_node.cc	4269	4282	14	pending	Remaining source logic: typed exponent arithmetic/simplification/extended functions/anchor/progress/random or unported primitive APIs; see exact source line
core/css/css_math_expression_node.cc	4283	4285	0	scaffolding	Comments blanks preprocessor namespace or delimiter-only line
core/css/css_math_expression_node.cc	4286	4291	6	pending	Remaining source logic: typed exponent arithmetic/simplification/extended functions/anchor/progress/random or unported primitive APIs; see exact source line
core/css/css_math_expression_node.cc	4292	4292	0	scaffolding	Comments blanks preprocessor namespace or delimiter-only line
core/css/css_math_expression_node.cc	4293	4293	1	pending	Remaining source logic: typed exponent arithmetic/simplification/extended functions/anchor/progress/random or unported primitive APIs; see exact source line
core/css/css_math_expression_node.cc	4294	4297	0	scaffolding	Comments blanks preprocessor namespace or delimiter-only line
core/css/css_math_expression_node.cc	4298	4308	11	pending	Remaining source logic: typed exponent arithmetic/simplification/extended functions/anchor/progress/random or unported primitive APIs; see exact source line
core/css/css_math_expression_node.cc	4309	4309	0	scaffolding	Comments blanks preprocessor namespace or delimiter-only line
core/css/css_math_expression_node.cc	4310	4313	4	pending	Remaining source logic: typed exponent arithmetic/simplification/extended functions/anchor/progress/random or unported primitive APIs; see exact source line
core/css/css_math_expression_node.cc	4314	4316	0	scaffolding	Comments blanks preprocessor namespace or delimiter-only line
core/css/css_math_expression_node.cc	4317	4321	5	pending	Remaining source logic: typed exponent arithmetic/simplification/extended functions/anchor/progress/random or unported primitive APIs; see exact source line
core/css/css_math_expression_node.cc	4322	4323	0	scaffolding	Comments blanks preprocessor namespace or delimiter-only line
core/css/css_math_expression_node.cc	4324	4324	1	pending	Remaining source logic: typed exponent arithmetic/simplification/extended functions/anchor/progress/random or unported primitive APIs; see exact source line
core/css/css_math_expression_node.cc	4325	4325	0	scaffolding	Comments blanks preprocessor namespace or delimiter-only line
core/css/css_math_expression_node.cc	4326	4327	2	pending	Remaining source logic: typed exponent arithmetic/simplification/extended functions/anchor/progress/random or unported primitive APIs; see exact source line
core/css/css_math_expression_node.cc	4328	4330	0	scaffolding	Comments blanks preprocessor namespace or delimiter-only line
core/css/css_math_expression_node.cc	4331	4331	1	pending	Remaining source logic: typed exponent arithmetic/simplification/extended functions/anchor/progress/random or unported primitive APIs; see exact source line
core/css/css_math_expression_node.cc	4332	4333	0	scaffolding	Comments blanks preprocessor namespace or delimiter-only line
core/css/css_math_expression_node.cc	4334	4337	4	pending	Remaining source logic: typed exponent arithmetic/simplification/extended functions/anchor/progress/random or unported primitive APIs; see exact source line
core/css/css_math_expression_node.cc	4338	4338	0	scaffolding	Comments blanks preprocessor namespace or delimiter-only line
core/css/css_math_expression_node.cc	4339	4340	2	pending	Remaining source logic: typed exponent arithmetic/simplification/extended functions/anchor/progress/random or unported primitive APIs; see exact source line
core/css/css_math_expression_node.cc	4341	4346	0	scaffolding	Comments blanks preprocessor namespace or delimiter-only line
core/css/css_math_expression_node.cc	4347	4349	3	pending	Remaining source logic: typed exponent arithmetic/simplification/extended functions/anchor/progress/random or unported primitive APIs; see exact source line
core/css/css_math_expression_node.cc	4350	4350	0	scaffolding	Comments blanks preprocessor namespace or delimiter-only line
core/css/css_math_expression_node.cc	4351	4351	1	pending	Remaining source logic: typed exponent arithmetic/simplification/extended functions/anchor/progress/random or unported primitive APIs; see exact source line
core/css/css_math_expression_node.cc	4352	4352	0	scaffolding	Comments blanks preprocessor namespace or delimiter-only line
core/css/css_math_expression_node.cc	4353	4353	1	pending	Remaining source logic: typed exponent arithmetic/simplification/extended functions/anchor/progress/random or unported primitive APIs; see exact source line
core/css/css_math_expression_node.cc	4354	4355	0	scaffolding	Comments blanks preprocessor namespace or delimiter-only line
core/css/css_math_expression_node.cc	4356	4356	1	pending	Remaining source logic: typed exponent arithmetic/simplification/extended functions/anchor/progress/random or unported primitive APIs; see exact source line
core/css/css_math_expression_node.cc	4357	4358	0	scaffolding	Comments blanks preprocessor namespace or delimiter-only line
core/css/css_math_expression_node.cc	4359	4363	5	pending	Remaining source logic: typed exponent arithmetic/simplification/extended functions/anchor/progress/random or unported primitive APIs; see exact source line
core/css/css_math_expression_node.cc	4364	4367	0	scaffolding	Comments blanks preprocessor namespace or delimiter-only line
core/css/css_math_expression_node.cc	4368	4369	2	pending	Remaining source logic: typed exponent arithmetic/simplification/extended functions/anchor/progress/random or unported primitive APIs; see exact source line
core/css/css_math_expression_node.cc	4370	4370	0	scaffolding	Comments blanks preprocessor namespace or delimiter-only line
core/css/css_math_expression_node.cc	4371	4373	3	pending	Remaining source logic: typed exponent arithmetic/simplification/extended functions/anchor/progress/random or unported primitive APIs; see exact source line
core/css/css_math_expression_node.cc	4374	4375	0	scaffolding	Comments blanks preprocessor namespace or delimiter-only line
core/css/css_math_expression_node.cc	4376	4377	2	pending	Remaining source logic: typed exponent arithmetic/simplification/extended functions/anchor/progress/random or unported primitive APIs; see exact source line
core/css/css_math_expression_node.cc	4378	4378	0	scaffolding	Comments blanks preprocessor namespace or delimiter-only line
core/css/css_math_expression_node.cc	4379	4382	4	pending	Remaining source logic: typed exponent arithmetic/simplification/extended functions/anchor/progress/random or unported primitive APIs; see exact source line
core/css/css_math_expression_node.cc	4383	4383	0	scaffolding	Comments blanks preprocessor namespace or delimiter-only line
core/css/css_math_expression_node.cc	4384	4384	1	pending	Remaining source logic: typed exponent arithmetic/simplification/extended functions/anchor/progress/random or unported primitive APIs; see exact source line
core/css/css_math_expression_node.cc	4385	4385	0	scaffolding	Comments blanks preprocessor namespace or delimiter-only line
core/css/css_math_expression_node.cc	4386	4388	3	pending	Remaining source logic: typed exponent arithmetic/simplification/extended functions/anchor/progress/random or unported primitive APIs; see exact source line
core/css/css_math_expression_node.cc	4389	4390	0	scaffolding	Comments blanks preprocessor namespace or delimiter-only line
core/css/css_math_expression_node.cc	4391	4400	10	pending	Remaining source logic: typed exponent arithmetic/simplification/extended functions/anchor/progress/random or unported primitive APIs; see exact source line
core/css/css_math_expression_node.cc	4401	4401	0	scaffolding	Comments blanks preprocessor namespace or delimiter-only line
core/css/css_math_expression_node.cc	4402	4439	38	pending	Remaining source logic: typed exponent arithmetic/simplification/extended functions/anchor/progress/random or unported primitive APIs; see exact source line
core/css/css_math_expression_node.cc	4440	4440	0	scaffolding	Comments blanks preprocessor namespace or delimiter-only line
core/css/css_math_expression_node.cc	4441	4442	2	pending	Remaining source logic: typed exponent arithmetic/simplification/extended functions/anchor/progress/random or unported primitive APIs; see exact source line
core/css/css_math_expression_node.cc	4443	4445	0	scaffolding	Comments blanks preprocessor namespace or delimiter-only line
core/css/css_math_expression_node.cc	4446	4457	12	pending	Remaining source logic: typed exponent arithmetic/simplification/extended functions/anchor/progress/random or unported primitive APIs; see exact source line
core/css/css_math_expression_node.cc	4458	4459	0	scaffolding	Comments blanks preprocessor namespace or delimiter-only line
core/css/css_math_expression_node.cc	4460	4462	3	pending	Remaining source logic: typed exponent arithmetic/simplification/extended functions/anchor/progress/random or unported primitive APIs; see exact source line
core/css/css_math_expression_node.cc	4463	4465	0	scaffolding	Comments blanks preprocessor namespace or delimiter-only line
core/css/css_math_expression_node.cc	4466	4467	2	pending	Remaining source logic: typed exponent arithmetic/simplification/extended functions/anchor/progress/random or unported primitive APIs; see exact source line
core/css/css_math_expression_node.cc	4468	4468	0	scaffolding	Comments blanks preprocessor namespace or delimiter-only line
core/css/css_math_expression_node.cc	4469	4481	13	pending	Remaining source logic: typed exponent arithmetic/simplification/extended functions/anchor/progress/random or unported primitive APIs; see exact source line
core/css/css_math_expression_node.cc	4482	4482	0	scaffolding	Comments blanks preprocessor namespace or delimiter-only line
core/css/css_math_expression_node.cc	4483	4489	7	pending	Remaining source logic: typed exponent arithmetic/simplification/extended functions/anchor/progress/random or unported primitive APIs; see exact source line
core/css/css_math_expression_node.cc	4490	4490	0	scaffolding	Comments blanks preprocessor namespace or delimiter-only line
core/css/css_math_expression_node.cc	4491	4492	2	pending	Remaining source logic: typed exponent arithmetic/simplification/extended functions/anchor/progress/random or unported primitive APIs; see exact source line
core/css/css_math_expression_node.cc	4493	4494	0	scaffolding	Comments blanks preprocessor namespace or delimiter-only line
core/css/css_math_expression_node.cc	4495	4495	1	pending	Remaining source logic: typed exponent arithmetic/simplification/extended functions/anchor/progress/random or unported primitive APIs; see exact source line
core/css/css_math_expression_node.cc	4496	4496	0	scaffolding	Comments blanks preprocessor namespace or delimiter-only line
core/css/css_math_expression_node.cc	4497	4499	3	pending	Remaining source logic: typed exponent arithmetic/simplification/extended functions/anchor/progress/random or unported primitive APIs; see exact source line
core/css/css_math_expression_node.cc	4500	4501	0	scaffolding	Comments blanks preprocessor namespace or delimiter-only line
core/css/css_math_expression_node.cc	4502	4510	9	pending	Remaining source logic: typed exponent arithmetic/simplification/extended functions/anchor/progress/random or unported primitive APIs; see exact source line
core/css/css_math_expression_node.cc	4511	4513	0	scaffolding	Comments blanks preprocessor namespace or delimiter-only line
core/css/css_math_expression_node.cc	4514	4516	3	pending	Remaining source logic: typed exponent arithmetic/simplification/extended functions/anchor/progress/random or unported primitive APIs; see exact source line
core/css/css_math_expression_node.cc	4517	4517	0	scaffolding	Comments blanks preprocessor namespace or delimiter-only line
core/css/css_math_expression_node.cc	4518	4519	2	pending	Remaining source logic: typed exponent arithmetic/simplification/extended functions/anchor/progress/random or unported primitive APIs; see exact source line
core/css/css_math_expression_node.cc	4520	4521	0	scaffolding	Comments blanks preprocessor namespace or delimiter-only line
core/css/css_math_expression_node.cc	4522	4527	6	pending	Remaining source logic: typed exponent arithmetic/simplification/extended functions/anchor/progress/random or unported primitive APIs; see exact source line
core/css/css_math_expression_node.cc	4528	4528	0	scaffolding	Comments blanks preprocessor namespace or delimiter-only line
core/css/css_math_expression_node.cc	4529	4530	2	pending	Remaining source logic: typed exponent arithmetic/simplification/extended functions/anchor/progress/random or unported primitive APIs; see exact source line
core/css/css_math_expression_node.cc	4531	4531	0	scaffolding	Comments blanks preprocessor namespace or delimiter-only line
core/css/css_math_expression_node.cc	4532	4533	2	pending	Remaining source logic: typed exponent arithmetic/simplification/extended functions/anchor/progress/random or unported primitive APIs; see exact source line
core/css/css_math_expression_node.cc	4534	4534	0	scaffolding	Comments blanks preprocessor namespace or delimiter-only line
core/css/css_math_expression_node.cc	4535	4536	2	pending	Remaining source logic: typed exponent arithmetic/simplification/extended functions/anchor/progress/random or unported primitive APIs; see exact source line
core/css/css_math_expression_node.cc	4537	4537	0	scaffolding	Comments blanks preprocessor namespace or delimiter-only line
core/css/css_math_expression_node.cc	4538	4538	1	pending	Remaining source logic: typed exponent arithmetic/simplification/extended functions/anchor/progress/random or unported primitive APIs; see exact source line
core/css/css_math_expression_node.cc	4539	4543	0	scaffolding	Comments blanks preprocessor namespace or delimiter-only line
core/css/css_math_expression_node.cc	4544	4550	7	pending	Remaining source logic: typed exponent arithmetic/simplification/extended functions/anchor/progress/random or unported primitive APIs; see exact source line
core/css/css_math_expression_node.cc	4551	4553	0	scaffolding	Comments blanks preprocessor namespace or delimiter-only line
core/css/css_math_expression_node.cc	4554	4560	7	pending	Remaining source logic: typed exponent arithmetic/simplification/extended functions/anchor/progress/random or unported primitive APIs; see exact source line
core/css/css_math_expression_node.cc	4561	4561	0	scaffolding	Comments blanks preprocessor namespace or delimiter-only line
core/css/css_math_expression_node.cc	4562	4562	1	pending	Remaining source logic: typed exponent arithmetic/simplification/extended functions/anchor/progress/random or unported primitive APIs; see exact source line
core/css/css_math_expression_node.cc	4563	4564	0	scaffolding	Comments blanks preprocessor namespace or delimiter-only line
core/css/css_math_expression_node.cc	4565	4568	4	pending	Remaining source logic: typed exponent arithmetic/simplification/extended functions/anchor/progress/random or unported primitive APIs; see exact source line
core/css/css_math_expression_node.cc	4569	4569	0	scaffolding	Comments blanks preprocessor namespace or delimiter-only line
core/css/css_math_expression_node.cc	4570	4576	7	pending	Remaining source logic: typed exponent arithmetic/simplification/extended functions/anchor/progress/random or unported primitive APIs; see exact source line
core/css/css_math_expression_node.cc	4577	4577	0	scaffolding	Comments blanks preprocessor namespace or delimiter-only line
core/css/css_math_expression_node.cc	4578	4582	5	pending	Remaining source logic: typed exponent arithmetic/simplification/extended functions/anchor/progress/random or unported primitive APIs; see exact source line
core/css/css_math_expression_node.cc	4583	4583	0	scaffolding	Comments blanks preprocessor namespace or delimiter-only line
core/css/css_math_expression_node.cc	4584	4585	2	pending	Remaining source logic: typed exponent arithmetic/simplification/extended functions/anchor/progress/random or unported primitive APIs; see exact source line
core/css/css_math_expression_node.cc	4586	4586	0	scaffolding	Comments blanks preprocessor namespace or delimiter-only line
core/css/css_math_expression_node.cc	4587	4587	1	pending	Remaining source logic: typed exponent arithmetic/simplification/extended functions/anchor/progress/random or unported primitive APIs; see exact source line
core/css/css_math_expression_node.cc	4588	4588	0	scaffolding	Comments blanks preprocessor namespace or delimiter-only line
core/css/css_math_expression_node.cc	4589	4590	2	pending	Remaining source logic: typed exponent arithmetic/simplification/extended functions/anchor/progress/random or unported primitive APIs; see exact source line
core/css/css_math_expression_node.cc	4591	4591	0	scaffolding	Comments blanks preprocessor namespace or delimiter-only line
core/css/css_math_expression_node.cc	4592	4594	3	pending	Remaining source logic: typed exponent arithmetic/simplification/extended functions/anchor/progress/random or unported primitive APIs; see exact source line
core/css/css_math_expression_node.cc	4595	4599	0	scaffolding	Comments blanks preprocessor namespace or delimiter-only line
core/css/css_math_expression_node.cc	4600	4615	16	pending	Remaining source logic: typed exponent arithmetic/simplification/extended functions/anchor/progress/random or unported primitive APIs; see exact source line
core/css/css_math_expression_node.cc	4616	4617	0	scaffolding	Comments blanks preprocessor namespace or delimiter-only line
core/css/css_math_expression_node.cc	4618	4622	5	pending	Remaining source logic: typed exponent arithmetic/simplification/extended functions/anchor/progress/random or unported primitive APIs; see exact source line
core/css/css_math_expression_node.cc	4623	4623	0	scaffolding	Comments blanks preprocessor namespace or delimiter-only line
core/css/css_math_expression_node.cc	4624	4626	3	pending	Remaining source logic: typed exponent arithmetic/simplification/extended functions/anchor/progress/random or unported primitive APIs; see exact source line
core/css/css_math_expression_node.cc	4627	4628	0	scaffolding	Comments blanks preprocessor namespace or delimiter-only line
core/css/css_math_expression_node.cc	4629	4634	6	pending	Remaining source logic: typed exponent arithmetic/simplification/extended functions/anchor/progress/random or unported primitive APIs; see exact source line
core/css/css_math_expression_node.cc	4635	4636	0	scaffolding	Comments blanks preprocessor namespace or delimiter-only line
core/css/css_math_expression_node.cc	4637	4637	1	pending	Remaining source logic: typed exponent arithmetic/simplification/extended functions/anchor/progress/random or unported primitive APIs; see exact source line
core/css/css_math_expression_node.cc	4638	4638	0	scaffolding	Comments blanks preprocessor namespace or delimiter-only line
core/css/css_math_expression_node.cc	4639	4639	1	pending	Remaining source logic: typed exponent arithmetic/simplification/extended functions/anchor/progress/random or unported primitive APIs; see exact source line
core/css/css_math_expression_node.cc	4640	4640	0	scaffolding	Comments blanks preprocessor namespace or delimiter-only line
core/css/css_math_expression_node.cc	4641	4649	9	pending	Remaining source logic: typed exponent arithmetic/simplification/extended functions/anchor/progress/random or unported primitive APIs; see exact source line
core/css/css_math_expression_node.cc	4650	4653	0	scaffolding	Comments blanks preprocessor namespace or delimiter-only line
core/css/css_math_expression_node.cc	4654	4659	6	pending	Remaining source logic: typed exponent arithmetic/simplification/extended functions/anchor/progress/random or unported primitive APIs; see exact source line
core/css/css_math_expression_node.cc	4660	4663	0	scaffolding	Comments blanks preprocessor namespace or delimiter-only line
core/css/css_math_expression_node.cc	4664	4670	7	pending	Remaining source logic: typed exponent arithmetic/simplification/extended functions/anchor/progress/random or unported primitive APIs; see exact source line
core/css/css_math_expression_node.cc	4671	4673	0	scaffolding	Comments blanks preprocessor namespace or delimiter-only line
core/css/css_math_expression_node.cc	4674	4675	2	pending	Remaining source logic: typed exponent arithmetic/simplification/extended functions/anchor/progress/random or unported primitive APIs; see exact source line
core/css/css_math_expression_node.cc	4676	4677	0	scaffolding	Comments blanks preprocessor namespace or delimiter-only line
core/css/css_math_expression_node.cc	4678	4681	4	pending	Remaining source logic: typed exponent arithmetic/simplification/extended functions/anchor/progress/random or unported primitive APIs; see exact source line
core/css/css_math_expression_node.cc	4682	4683	0	scaffolding	Comments blanks preprocessor namespace or delimiter-only line
core/css/css_math_expression_node.cc	4684	4685	2	pending	Remaining source logic: typed exponent arithmetic/simplification/extended functions/anchor/progress/random or unported primitive APIs; see exact source line
core/css/css_math_expression_node.cc	4686	4687	0	scaffolding	Comments blanks preprocessor namespace or delimiter-only line
core/css/css_math_expression_node.cc	4688	4693	6	pending	Remaining source logic: typed exponent arithmetic/simplification/extended functions/anchor/progress/random or unported primitive APIs; see exact source line
core/css/css_math_expression_node.cc	4694	4694	0	scaffolding	Comments blanks preprocessor namespace or delimiter-only line
core/css/css_math_expression_node.cc	4695	4696	2	pending	Remaining source logic: typed exponent arithmetic/simplification/extended functions/anchor/progress/random or unported primitive APIs; see exact source line
core/css/css_math_expression_node.cc	4697	4697	0	scaffolding	Comments blanks preprocessor namespace or delimiter-only line
core/css/css_math_expression_node.cc	4698	4698	1	pending	Remaining source logic: typed exponent arithmetic/simplification/extended functions/anchor/progress/random or unported primitive APIs; see exact source line
core/css/css_math_expression_node.cc	4699	4699	0	scaffolding	Comments blanks preprocessor namespace or delimiter-only line
core/css/css_math_expression_node.cc	4700	4700	1	pending	Remaining source logic: typed exponent arithmetic/simplification/extended functions/anchor/progress/random or unported primitive APIs; see exact source line
core/css/css_math_expression_node.cc	4701	4701	0	scaffolding	Comments blanks preprocessor namespace or delimiter-only line
core/css/css_math_expression_node.cc	4702	4705	4	pending	Remaining source logic: typed exponent arithmetic/simplification/extended functions/anchor/progress/random or unported primitive APIs; see exact source line
core/css/css_math_expression_node.cc	4706	4707	0	scaffolding	Comments blanks preprocessor namespace or delimiter-only line
core/css/css_math_expression_node.cc	4708	4713	6	mapped	css_math_expression_node.rs Function basic dispatch/unsupported extended functions
core/css/css_math_expression_node.cc	4714	4714	0	scaffolding	Comments blanks preprocessor namespace or delimiter-only line
core/css/css_math_expression_node.cc	4715	4715	1	pending	Remaining source logic: typed exponent arithmetic/simplification/extended functions/anchor/progress/random or unported primitive APIs; see exact source line
core/css/css_math_expression_node.cc	4716	4716	1	omitted	WebFeature telemetry has no document UseCounter owner
core/css/css_math_expression_node.cc	4717	4717	1	pending	Remaining source logic: typed exponent arithmetic/simplification/extended functions/anchor/progress/random or unported primitive APIs; see exact source line
core/css/css_math_expression_node.cc	4718	4718	0	scaffolding	Comments blanks preprocessor namespace or delimiter-only line
core/css/css_math_expression_node.cc	4719	4722	4	pending	Remaining source logic: typed exponent arithmetic/simplification/extended functions/anchor/progress/random or unported primitive APIs; see exact source line
core/css/css_math_expression_node.cc	4723	4724	0	scaffolding	Comments blanks preprocessor namespace or delimiter-only line
core/css/css_math_expression_node.cc	4725	4726	2	pending	Remaining source logic: typed exponent arithmetic/simplification/extended functions/anchor/progress/random or unported primitive APIs; see exact source line
core/css/css_math_expression_node.cc	4727	4727	1	omitted	WebFeature telemetry has no document UseCounter owner
core/css/css_math_expression_node.cc	4728	4728	1	pending	Remaining source logic: typed exponent arithmetic/simplification/extended functions/anchor/progress/random or unported primitive APIs; see exact source line
core/css/css_math_expression_node.cc	4729	4729	0	scaffolding	Comments blanks preprocessor namespace or delimiter-only line
core/css/css_math_expression_node.cc	4730	4732	3	pending	Remaining source logic: typed exponent arithmetic/simplification/extended functions/anchor/progress/random or unported primitive APIs; see exact source line
core/css/css_math_expression_node.cc	4733	4735	0	scaffolding	Comments blanks preprocessor namespace or delimiter-only line
core/css/css_math_expression_node.cc	4736	4736	1	pending	Remaining source logic: typed exponent arithmetic/simplification/extended functions/anchor/progress/random or unported primitive APIs; see exact source line
core/css/css_math_expression_node.cc	4737	4737	1	mapped	css_math_expression_node.rs calc/min/max/clamp arity and top-level none bounds
core/css/css_math_expression_node.cc	4738	4738	0	scaffolding	Comments blanks preprocessor namespace or delimiter-only line
core/css/css_math_expression_node.cc	4739	4757	19	mapped	css_math_expression_node.rs calc/min/max/clamp arity and top-level none bounds
core/css/css_math_expression_node.cc	4758	4796	39	pending	Remaining source logic: typed exponent arithmetic/simplification/extended functions/anchor/progress/random or unported primitive APIs; see exact source line
core/css/css_math_expression_node.cc	4797	4797	0	scaffolding	Comments blanks preprocessor namespace or delimiter-only line
core/css/css_math_expression_node.cc	4798	4799	2	pending	Remaining source logic: typed exponent arithmetic/simplification/extended functions/anchor/progress/random or unported primitive APIs; see exact source line
core/css/css_math_expression_node.cc	4800	4801	0	scaffolding	Comments blanks preprocessor namespace or delimiter-only line
core/css/css_math_expression_node.cc	4802	4802	1	pending	Remaining source logic: typed exponent arithmetic/simplification/extended functions/anchor/progress/random or unported primitive APIs; see exact source line
core/css/css_math_expression_node.cc	4803	4804	0	scaffolding	Comments blanks preprocessor namespace or delimiter-only line
core/css/css_math_expression_node.cc	4805	4807	3	pending	Remaining source logic: typed exponent arithmetic/simplification/extended functions/anchor/progress/random or unported primitive APIs; see exact source line
core/css/css_math_expression_node.cc	4808	4809	0	scaffolding	Comments blanks preprocessor namespace or delimiter-only line
core/css/css_math_expression_node.cc	4810	4814	5	pending	Remaining source logic: typed exponent arithmetic/simplification/extended functions/anchor/progress/random or unported primitive APIs; see exact source line
core/css/css_math_expression_node.cc	4815	4817	0	scaffolding	Comments blanks preprocessor namespace or delimiter-only line
core/css/css_math_expression_node.cc	4818	4820	3	pending	Remaining source logic: typed exponent arithmetic/simplification/extended functions/anchor/progress/random or unported primitive APIs; see exact source line
core/css/css_math_expression_node.cc	4821	4821	0	scaffolding	Comments blanks preprocessor namespace or delimiter-only line
core/css/css_math_expression_node.cc	4822	4823	2	pending	Remaining source logic: typed exponent arithmetic/simplification/extended functions/anchor/progress/random or unported primitive APIs; see exact source line
core/css/css_math_expression_node.cc	4824	4825	0	scaffolding	Comments blanks preprocessor namespace or delimiter-only line
core/css/css_math_expression_node.cc	4826	4830	5	pending	Remaining source logic: typed exponent arithmetic/simplification/extended functions/anchor/progress/random or unported primitive APIs; see exact source line
core/css/css_math_expression_node.cc	4831	4831	0	scaffolding	Comments blanks preprocessor namespace or delimiter-only line
core/css/css_math_expression_node.cc	4832	4834	3	pending	Remaining source logic: typed exponent arithmetic/simplification/extended functions/anchor/progress/random or unported primitive APIs; see exact source line
core/css/css_math_expression_node.cc	4835	4835	0	scaffolding	Comments blanks preprocessor namespace or delimiter-only line
core/css/css_math_expression_node.cc	4836	4836	1	pending	Remaining source logic: typed exponent arithmetic/simplification/extended functions/anchor/progress/random or unported primitive APIs; see exact source line
core/css/css_math_expression_node.cc	4837	4837	0	scaffolding	Comments blanks preprocessor namespace or delimiter-only line
core/css/css_math_expression_node.cc	4838	4839	2	pending	Remaining source logic: typed exponent arithmetic/simplification/extended functions/anchor/progress/random or unported primitive APIs; see exact source line
core/css/css_math_expression_node.cc	4840	4841	0	scaffolding	Comments blanks preprocessor namespace or delimiter-only line
core/css/css_math_expression_node.cc	4842	4845	4	mapped	css_math_expression_node.rs Function arguments/arity and comparison construction; eager simplification remains pending
core/css/css_math_expression_node.cc	4846	4848	0	scaffolding	Comments blanks preprocessor namespace or delimiter-only line
core/css/css_math_expression_node.cc	4849	4852	4	mapped	css_math_expression_node.rs Function arguments/arity and comparison construction; eager simplification remains pending
core/css/css_math_expression_node.cc	4853	4854	0	scaffolding	Comments blanks preprocessor namespace or delimiter-only line
core/css/css_math_expression_node.cc	4855	4855	1	mapped	css_math_expression_node.rs Function arguments/arity and comparison construction; eager simplification remains pending
core/css/css_math_expression_node.cc	4856	4857	0	scaffolding	Comments blanks preprocessor namespace or delimiter-only line
core/css/css_math_expression_node.cc	4858	4859	2	mapped	css_math_expression_node.rs Function arguments/arity and comparison construction; eager simplification remains pending
core/css/css_math_expression_node.cc	4860	4861	0	scaffolding	Comments blanks preprocessor namespace or delimiter-only line
core/css/css_math_expression_node.cc	4862	4867	6	mapped	css_math_expression_node.rs Function arguments/arity and comparison construction; eager simplification remains pending
core/css/css_math_expression_node.cc	4868	4868	0	scaffolding	Comments blanks preprocessor namespace or delimiter-only line
core/css/css_math_expression_node.cc	4869	4869	1	mapped	css_math_expression_node.rs Function arguments/arity and comparison construction; eager simplification remains pending
core/css/css_math_expression_node.cc	4870	4870	0	scaffolding	Comments blanks preprocessor namespace or delimiter-only line
core/css/css_math_expression_node.cc	4871	4876	6	mapped	css_math_expression_node.rs Function arguments/arity and comparison construction; eager simplification remains pending
core/css/css_math_expression_node.cc	4877	4877	0	scaffolding	Comments blanks preprocessor namespace or delimiter-only line
core/css/css_math_expression_node.cc	4878	4879	2	mapped	css_math_expression_node.rs Function arguments/arity and comparison construction; eager simplification remains pending
core/css/css_math_expression_node.cc	4880	4880	0	scaffolding	Comments blanks preprocessor namespace or delimiter-only line
core/css/css_math_expression_node.cc	4881	4883	3	mapped	css_math_expression_node.rs Function arguments/arity and comparison construction; eager simplification remains pending
core/css/css_math_expression_node.cc	4884	4884	1	omitted	WebFeature telemetry has no document UseCounter owner; no observable evaluation semantics omitted
core/css/css_math_expression_node.cc	4885	4885	1	omitted	WebFeature telemetry has no document UseCounter owner
core/css/css_math_expression_node.cc	4886	4886	0	scaffolding	Comments blanks preprocessor namespace or delimiter-only line
core/css/css_math_expression_node.cc	4887	4887	1	mapped	css_math_expression_node.rs Function returns typed node
core/css/css_math_expression_node.cc	4888	4888	0	scaffolding	Comments blanks preprocessor namespace or delimiter-only line
core/css/css_math_expression_node.cc	4889	4899	11	pending	Remaining source logic: typed exponent arithmetic/simplification/extended functions/anchor/progress/random or unported primitive APIs; see exact source line
core/css/css_math_expression_node.cc	4900	4900	1	omitted	WebFeature telemetry has no document UseCounter owner
core/css/css_math_expression_node.cc	4901	4901	0	scaffolding	Comments blanks preprocessor namespace or delimiter-only line
core/css/css_math_expression_node.cc	4902	4902	1	pending	Remaining source logic: typed exponent arithmetic/simplification/extended functions/anchor/progress/random or unported primitive APIs; see exact source line
core/css/css_math_expression_node.cc	4903	4903	0	scaffolding	Comments blanks preprocessor namespace or delimiter-only line
core/css/css_math_expression_node.cc	4904	4912	9	pending	Remaining source logic: typed exponent arithmetic/simplification/extended functions/anchor/progress/random or unported primitive APIs; see exact source line
core/css/css_math_expression_node.cc	4913	4913	1	omitted	WebFeature telemetry has no document UseCounter owner
core/css/css_math_expression_node.cc	4914	4914	0	scaffolding	Comments blanks preprocessor namespace or delimiter-only line
core/css/css_math_expression_node.cc	4915	4915	1	pending	Remaining source logic: typed exponent arithmetic/simplification/extended functions/anchor/progress/random or unported primitive APIs; see exact source line
core/css/css_math_expression_node.cc	4916	4916	0	scaffolding	Comments blanks preprocessor namespace or delimiter-only line
core/css/css_math_expression_node.cc	4917	4928	12	pending	Remaining source logic: typed exponent arithmetic/simplification/extended functions/anchor/progress/random or unported primitive APIs; see exact source line
core/css/css_math_expression_node.cc	4929	4929	0	scaffolding	Comments blanks preprocessor namespace or delimiter-only line
core/css/css_math_expression_node.cc	4930	4933	4	pending	Remaining source logic: typed exponent arithmetic/simplification/extended functions/anchor/progress/random or unported primitive APIs; see exact source line
core/css/css_math_expression_node.cc	4934	4934	0	scaffolding	Comments blanks preprocessor namespace or delimiter-only line
core/css/css_math_expression_node.cc	4935	4935	1	pending	Remaining source logic: typed exponent arithmetic/simplification/extended functions/anchor/progress/random or unported primitive APIs; see exact source line
core/css/css_math_expression_node.cc	4936	4936	1	omitted	WebFeature telemetry has no document UseCounter owner
core/css/css_math_expression_node.cc	4937	4938	2	pending	Remaining source logic: typed exponent arithmetic/simplification/extended functions/anchor/progress/random or unported primitive APIs; see exact source line
core/css/css_math_expression_node.cc	4939	4939	0	scaffolding	Comments blanks preprocessor namespace or delimiter-only line
core/css/css_math_expression_node.cc	4940	4943	4	pending	Remaining source logic: typed exponent arithmetic/simplification/extended functions/anchor/progress/random or unported primitive APIs; see exact source line
core/css/css_math_expression_node.cc	4944	4944	0	scaffolding	Comments blanks preprocessor namespace or delimiter-only line
core/css/css_math_expression_node.cc	4945	4946	2	pending	Remaining source logic: typed exponent arithmetic/simplification/extended functions/anchor/progress/random or unported primitive APIs; see exact source line
core/css/css_math_expression_node.cc	4947	4947	0	scaffolding	Comments blanks preprocessor namespace or delimiter-only line
core/css/css_math_expression_node.cc	4948	4954	7	pending	Remaining source logic: typed exponent arithmetic/simplification/extended functions/anchor/progress/random or unported primitive APIs; see exact source line
core/css/css_math_expression_node.cc	4955	4955	0	scaffolding	Comments blanks preprocessor namespace or delimiter-only line
core/css/css_math_expression_node.cc	4956	4961	6	pending	Remaining source logic: typed exponent arithmetic/simplification/extended functions/anchor/progress/random or unported primitive APIs; see exact source line
core/css/css_math_expression_node.cc	4962	4963	0	scaffolding	Comments blanks preprocessor namespace or delimiter-only line
core/css/css_math_expression_node.cc	4964	4965	2	pending	Remaining source logic: typed exponent arithmetic/simplification/extended functions/anchor/progress/random or unported primitive APIs; see exact source line
core/css/css_math_expression_node.cc	4966	4968	0	scaffolding	Comments blanks preprocessor namespace or delimiter-only line
core/css/css_math_expression_node.cc	4969	4969	1	pending	Remaining source logic: typed exponent arithmetic/simplification/extended functions/anchor/progress/random or unported primitive APIs; see exact source line
core/css/css_math_expression_node.cc	4970	4976	7	mapped	css_math_expression_node.rs Term numeric values/constants and exact whitespace requirement
core/css/css_math_expression_node.cc	4977	4977	1	omitted	WebFeature telemetry has no document UseCounter owner
core/css/css_math_expression_node.cc	4978	4980	3	mapped	css_math_expression_node.rs Term numeric values/constants and exact whitespace requirement
core/css/css_math_expression_node.cc	4981	4981	0	scaffolding	Comments blanks preprocessor namespace or delimiter-only line
core/css/css_math_expression_node.cc	4982	4982	1	mapped	css_math_expression_node.rs Term numeric values/constants and exact whitespace requirement
core/css/css_math_expression_node.cc	4983	4983	1	omitted	WebFeature telemetry has no document UseCounter owner
core/css/css_math_expression_node.cc	4984	4986	3	mapped	css_math_expression_node.rs Term numeric values/constants and exact whitespace requirement
core/css/css_math_expression_node.cc	4987	4987	0	scaffolding	Comments blanks preprocessor namespace or delimiter-only line
core/css/css_math_expression_node.cc	4988	4988	1	mapped	css_math_expression_node.rs Term numeric values/constants and exact whitespace requirement
core/css/css_math_expression_node.cc	4989	4989	1	omitted	WebFeature telemetry has no document UseCounter owner
core/css/css_math_expression_node.cc	4990	4992	3	mapped	css_math_expression_node.rs Term numeric values/constants and exact whitespace requirement
core/css/css_math_expression_node.cc	4993	4993	0	scaffolding	Comments blanks preprocessor namespace or delimiter-only line
core/css/css_math_expression_node.cc	4994	4994	1	mapped	css_math_expression_node.rs Term numeric values/constants and exact whitespace requirement
core/css/css_math_expression_node.cc	4995	4995	1	omitted	WebFeature telemetry has no document UseCounter owner
core/css/css_math_expression_node.cc	4996	4997	2	mapped	css_math_expression_node.rs Term numeric values/constants and exact whitespace requirement
core/css/css_math_expression_node.cc	4998	4998	0	scaffolding	Comments blanks preprocessor namespace or delimiter-only line
core/css/css_math_expression_node.cc	4999	4999	1	mapped	css_math_expression_node.rs Term numeric values/constants and exact whitespace requirement
core/css/css_math_expression_node.cc	5000	5000	1	omitted	WebFeature telemetry has no document UseCounter owner
core/css/css_math_expression_node.cc	5001	5002	2	mapped	css_math_expression_node.rs Term numeric values/constants and exact whitespace requirement
core/css/css_math_expression_node.cc	5003	5003	0	scaffolding	Comments blanks preprocessor namespace or delimiter-only line
core/css/css_math_expression_node.cc	5004	5007	4	pending	Remaining source logic: typed exponent arithmetic/simplification/extended functions/anchor/progress/random or unported primitive APIs; see exact source line
core/css/css_math_expression_node.cc	5008	5008	0	scaffolding	Comments blanks preprocessor namespace or delimiter-only line
core/css/css_math_expression_node.cc	5009	5009	1	pending	Remaining source logic: typed exponent arithmetic/simplification/extended functions/anchor/progress/random or unported primitive APIs; see exact source line
core/css/css_math_expression_node.cc	5010	5011	2	mapped	css_math_expression_node.rs clamp none endpoint consumed only at top level
core/css/css_math_expression_node.cc	5012	5012	0	scaffolding	Comments blanks preprocessor namespace or delimiter-only line
core/css/css_math_expression_node.cc	5013	5013	1	mapped	css_math_expression_node.rs clamp none endpoint consumed only at top level
core/css/css_math_expression_node.cc	5014	5016	3	mapped	css_math_expression_node.rs numeric token-domain validation
core/css/css_math_expression_node.cc	5017	5022	0	scaffolding	Comments blanks preprocessor namespace or delimiter-only line
core/css/css_math_expression_node.cc	5023	5032	10	pending	Remaining source logic: typed exponent arithmetic/simplification/extended functions/anchor/progress/random or unported primitive APIs; see exact source line
core/css/css_math_expression_node.cc	5033	5034	0	scaffolding	Comments blanks preprocessor namespace or delimiter-only line
core/css/css_math_expression_node.cc	5035	5035	1	pending	Remaining source logic: typed exponent arithmetic/simplification/extended functions/anchor/progress/random or unported primitive APIs; see exact source line
core/css/css_math_expression_node.cc	5036	5037	0	scaffolding	Comments blanks preprocessor namespace or delimiter-only line
core/css/css_math_expression_node.cc	5038	5040	3	mapped	css_math_expression_node.rs UnitCategory validation and typed literal construction
core/css/css_math_expression_node.cc	5041	5042	0	scaffolding	Comments blanks preprocessor namespace or delimiter-only line
core/css/css_math_expression_node.cc	5043	5044	2	mapped	css_math_expression_node.rs UnitCategory validation and typed literal construction
core/css/css_math_expression_node.cc	5045	5046	0	scaffolding	Comments blanks preprocessor namespace or delimiter-only line
core/css/css_math_expression_node.cc	5047	5064	18	pending	Remaining source logic: typed exponent arithmetic/simplification/extended functions/anchor/progress/random or unported primitive APIs; see exact source line
core/css/css_math_expression_node.cc	5065	5065	0	scaffolding	Comments blanks preprocessor namespace or delimiter-only line
core/css/css_math_expression_node.cc	5066	5067	2	pending	Remaining source logic: typed exponent arithmetic/simplification/extended functions/anchor/progress/random or unported primitive APIs; see exact source line
core/css/css_math_expression_node.cc	5068	5069	0	scaffolding	Comments blanks preprocessor namespace or delimiter-only line
core/css/css_math_expression_node.cc	5070	5074	5	mapped	css_math_expression_node.rs Term nested stream BlockGuard and end validation
core/css/css_math_expression_node.cc	5075	5076	0	scaffolding	Comments blanks preprocessor namespace or delimiter-only line
core/css/css_math_expression_node.cc	5077	5079	3	mapped	css_math_expression_node.rs Term nested stream BlockGuard and end validation
core/css/css_math_expression_node.cc	5080	5080	0	scaffolding	Comments blanks preprocessor namespace or delimiter-only line
core/css/css_math_expression_node.cc	5081	5083	3	mapped	css_math_expression_node.rs Term nested stream BlockGuard and end validation
core/css/css_math_expression_node.cc	5084	5085	0	scaffolding	Comments blanks preprocessor namespace or delimiter-only line
core/css/css_math_expression_node.cc	5086	5087	2	mapped	css_math_expression_node.rs Term nested stream BlockGuard and end validation
core/css/css_math_expression_node.cc	5088	5088	0	scaffolding	Comments blanks preprocessor namespace or delimiter-only line
core/css/css_math_expression_node.cc	5089	5089	1	pending	Remaining source logic: typed exponent arithmetic/simplification/extended functions/anchor/progress/random or unported primitive APIs; see exact source line
core/css/css_math_expression_node.cc	5090	5090	0	scaffolding	Comments blanks preprocessor namespace or delimiter-only line
core/css/css_math_expression_node.cc	5091	5093	3	mapped	css_math_expression_node.rs Term/Product function/block/whitespace/multiplication grammar
core/css/css_math_expression_node.cc	5094	5095	0	scaffolding	Comments blanks preprocessor namespace or delimiter-only line
core/css/css_math_expression_node.cc	5096	5098	3	mapped	css_math_expression_node.rs Term/Product function/block/whitespace/multiplication grammar
core/css/css_math_expression_node.cc	5099	5099	0	scaffolding	Comments blanks preprocessor namespace or delimiter-only line
core/css/css_math_expression_node.cc	5100	5102	3	mapped	css_math_expression_node.rs Term/Product function/block/whitespace/multiplication grammar
core/css/css_math_expression_node.cc	5103	5103	0	scaffolding	Comments blanks preprocessor namespace or delimiter-only line
core/css/css_math_expression_node.cc	5104	5106	3	mapped	css_math_expression_node.rs Term/Product function/block/whitespace/multiplication grammar
core/css/css_math_expression_node.cc	5107	5108	0	scaffolding	Comments blanks preprocessor namespace or delimiter-only line
core/css/css_math_expression_node.cc	5109	5110	2	mapped	css_math_expression_node.rs Term/Product function/block/whitespace/multiplication grammar
core/css/css_math_expression_node.cc	5111	5112	0	scaffolding	Comments blanks preprocessor namespace or delimiter-only line
core/css/css_math_expression_node.cc	5113	5113	1	mapped	css_math_expression_node.rs Term/Product function/block/whitespace/multiplication grammar
core/css/css_math_expression_node.cc	5114	5115	0	scaffolding	Comments blanks preprocessor namespace or delimiter-only line
core/css/css_math_expression_node.cc	5116	5121	6	mapped	css_math_expression_node.rs Term/Product function/block/whitespace/multiplication grammar
core/css/css_math_expression_node.cc	5122	5123	0	scaffolding	Comments blanks preprocessor namespace or delimiter-only line
core/css/css_math_expression_node.cc	5124	5127	4	mapped	css_math_expression_node.rs Term/Product function/block/whitespace/multiplication grammar
core/css/css_math_expression_node.cc	5128	5133	0	scaffolding	Comments blanks preprocessor namespace or delimiter-only line
core/css/css_math_expression_node.cc	5134	5134	1	mapped	css_math_expression_node.rs Term/Product function/block/whitespace/multiplication grammar
core/css/css_math_expression_node.cc	5135	5135	0	scaffolding	Comments blanks preprocessor namespace or delimiter-only line
core/css/css_math_expression_node.cc	5136	5140	5	mapped	css_math_expression_node.rs Term/Product function/block/whitespace/multiplication grammar
core/css/css_math_expression_node.cc	5141	5141	0	scaffolding	Comments blanks preprocessor namespace or delimiter-only line
core/css/css_math_expression_node.cc	5142	5142	1	mapped	css_math_expression_node.rs Term/Product function/block/whitespace/multiplication grammar
core/css/css_math_expression_node.cc	5143	5143	0	scaffolding	Comments blanks preprocessor namespace or delimiter-only line
core/css/css_math_expression_node.cc	5144	5147	4	mapped	css_math_expression_node.rs Term/Product function/block/whitespace/multiplication grammar
core/css/css_math_expression_node.cc	5148	5149	0	scaffolding	Comments blanks preprocessor namespace or delimiter-only line
core/css/css_math_expression_node.cc	5150	5151	2	pending	Remaining source logic: typed exponent arithmetic/simplification/extended functions/anchor/progress/random or unported primitive APIs; see exact source line
core/css/css_math_expression_node.cc	5152	5152	0	scaffolding	Comments blanks preprocessor namespace or delimiter-only line
core/css/css_math_expression_node.cc	5153	5154	2	mapped	css_math_expression_node.rs operation errors and exact 100-node depth guard
core/css/css_math_expression_node.cc	5155	5156	0	scaffolding	Comments blanks preprocessor namespace or delimiter-only line
core/css/css_math_expression_node.cc	5157	5157	1	mapped	css_math_expression_node.rs operation errors and exact 100-node depth guard
core/css/css_math_expression_node.cc	5158	5158	0	scaffolding	Comments blanks preprocessor namespace or delimiter-only line
core/css/css_math_expression_node.cc	5159	5161	3	mapped	css_math_expression_node.rs operation errors and exact 100-node depth guard
core/css/css_math_expression_node.cc	5162	5162	0	scaffolding	Comments blanks preprocessor namespace or delimiter-only line
core/css/css_math_expression_node.cc	5163	5163	1	mapped	css_math_expression_node.rs operation errors and exact 100-node depth guard
core/css/css_math_expression_node.cc	5164	5166	0	scaffolding	Comments blanks preprocessor namespace or delimiter-only line
core/css/css_math_expression_node.cc	5167	5167	1	mapped	css_math_expression_node.rs operation errors and exact 100-node depth guard
core/css/css_math_expression_node.cc	5168	5170	0	scaffolding	Comments blanks preprocessor namespace or delimiter-only line
core/css/css_math_expression_node.cc	5171	5171	1	mapped	css_math_expression_node.rs operation errors and exact 100-node depth guard
core/css/css_math_expression_node.cc	5172	5174	3	pending	Remaining source logic: typed exponent arithmetic/simplification/extended functions/anchor/progress/random or unported primitive APIs; see exact source line
core/css/css_math_expression_node.cc	5175	5177	0	scaffolding	Comments blanks preprocessor namespace or delimiter-only line
core/css/css_math_expression_node.cc	5178	5178	1	mapped	css_math_expression_node.rs Product returns typed node
core/css/css_math_expression_node.cc	5179	5180	0	scaffolding	Comments blanks preprocessor namespace or delimiter-only line
core/css/css_math_expression_node.cc	5181	5185	5	mapped	css_math_expression_node.rs Sum plus/minus whitespace and precedence
core/css/css_math_expression_node.cc	5186	5187	0	scaffolding	Comments blanks preprocessor namespace or delimiter-only line
core/css/css_math_expression_node.cc	5188	5192	5	mapped	css_math_expression_node.rs Sum plus/minus whitespace and precedence
core/css/css_math_expression_node.cc	5193	5198	0	scaffolding	Comments blanks preprocessor namespace or delimiter-only line
core/css/css_math_expression_node.cc	5199	5199	1	mapped	css_math_expression_node.rs Sum plus/minus whitespace and precedence
core/css/css_math_expression_node.cc	5200	5200	0	scaffolding	Comments blanks preprocessor namespace or delimiter-only line
core/css/css_math_expression_node.cc	5201	5205	5	mapped	css_math_expression_node.rs Sum plus/minus whitespace and precedence
core/css/css_math_expression_node.cc	5206	5206	0	scaffolding	Comments blanks preprocessor namespace or delimiter-only line
core/css/css_math_expression_node.cc	5207	5208	2	mapped	css_math_expression_node.rs Sum plus/minus whitespace and precedence
core/css/css_math_expression_node.cc	5209	5209	0	scaffolding	Comments blanks preprocessor namespace or delimiter-only line
core/css/css_math_expression_node.cc	5210	5212	3	mapped	css_math_expression_node.rs Sum plus/minus whitespace and precedence
core/css/css_math_expression_node.cc	5213	5213	0	scaffolding	Comments blanks preprocessor namespace or delimiter-only line
core/css/css_math_expression_node.cc	5214	5214	1	mapped	css_math_expression_node.rs Sum plus/minus whitespace and precedence
core/css/css_math_expression_node.cc	5215	5215	0	scaffolding	Comments blanks preprocessor namespace or delimiter-only line
core/css/css_math_expression_node.cc	5216	5219	4	mapped	css_math_expression_node.rs Sum plus/minus whitespace and precedence
core/css/css_math_expression_node.cc	5220	5221	0	scaffolding	Comments blanks preprocessor namespace or delimiter-only line
core/css/css_math_expression_node.cc	5222	5223	2	pending	Remaining source logic: typed exponent arithmetic/simplification/extended functions/anchor/progress/random or unported primitive APIs; see exact source line
core/css/css_math_expression_node.cc	5224	5224	0	scaffolding	Comments blanks preprocessor namespace or delimiter-only line
core/css/css_math_expression_node.cc	5225	5226	2	mapped	css_math_expression_node.rs Sum category errors and exact 100-node depth guard
core/css/css_math_expression_node.cc	5227	5228	0	scaffolding	Comments blanks preprocessor namespace or delimiter-only line
core/css/css_math_expression_node.cc	5229	5229	1	mapped	css_math_expression_node.rs Sum category errors and exact 100-node depth guard
core/css/css_math_expression_node.cc	5230	5230	0	scaffolding	Comments blanks preprocessor namespace or delimiter-only line
core/css/css_math_expression_node.cc	5231	5233	3	mapped	css_math_expression_node.rs Sum category errors and exact 100-node depth guard
core/css/css_math_expression_node.cc	5234	5234	0	scaffolding	Comments blanks preprocessor namespace or delimiter-only line
core/css/css_math_expression_node.cc	5235	5235	1	mapped	css_math_expression_node.rs Sum category errors and exact 100-node depth guard
core/css/css_math_expression_node.cc	5236	5238	0	scaffolding	Comments blanks preprocessor namespace or delimiter-only line
core/css/css_math_expression_node.cc	5239	5239	1	mapped	css_math_expression_node.rs Sum category errors and exact 100-node depth guard
core/css/css_math_expression_node.cc	5240	5242	0	scaffolding	Comments blanks preprocessor namespace or delimiter-only line
core/css/css_math_expression_node.cc	5243	5243	1	mapped	css_math_expression_node.rs Sum category errors and exact 100-node depth guard
core/css/css_math_expression_node.cc	5244	5246	3	pending	Remaining source logic: typed exponent arithmetic/simplification/extended functions/anchor/progress/random or unported primitive APIs; see exact source line
core/css/css_math_expression_node.cc	5247	5249	0	scaffolding	Comments blanks preprocessor namespace or delimiter-only line
core/css/css_math_expression_node.cc	5250	5250	1	pending	Remaining source logic: typed exponent arithmetic/simplification/extended functions/anchor/progress/random or unported primitive APIs; see exact source line
core/css/css_math_expression_node.cc	5251	5252	0	scaffolding	Comments blanks preprocessor namespace or delimiter-only line
core/css/css_math_expression_node.cc	5253	5254	2	mapped	css_math_expression_node.rs Sum returns typed node
core/css/css_math_expression_node.cc	5255	5259	5	pending	Remaining source logic: typed exponent arithmetic/simplification/extended functions/anchor/progress/random or unported primitive APIs; see exact source line
core/css/css_math_expression_node.cc	5260	5260	0	scaffolding	Comments blanks preprocessor namespace or delimiter-only line
core/css/css_math_expression_node.cc	5261	5261	1	pending	Remaining source logic: typed exponent arithmetic/simplification/extended functions/anchor/progress/random or unported primitive APIs; see exact source line
core/css/css_math_expression_node.cc	5262	5263	0	scaffolding	Comments blanks preprocessor namespace or delimiter-only line
core/css/css_math_expression_node.cc	5264	5267	4	mapped	css_math_expression_node.rs recursive expression depth guard
core/css/css_math_expression_node.cc	5268	5268	0	scaffolding	Comments blanks preprocessor namespace or delimiter-only line
core/css/css_math_expression_node.cc	5269	5269	1	mapped	css_math_expression_node.rs recursive expression depth guard
core/css/css_math_expression_node.cc	5270	5271	0	scaffolding	Comments blanks preprocessor namespace or delimiter-only line
core/css/css_math_expression_node.cc	5272	5276	5	pending	Remaining source logic: typed exponent arithmetic/simplification/extended functions/anchor/progress/random or unported primitive APIs; see exact source line
core/css/css_math_expression_node.cc	5277	5278	0	scaffolding	Comments blanks preprocessor namespace or delimiter-only line
core/css/css_math_expression_node.cc	5279	5283	5	pending	Remaining source logic: typed exponent arithmetic/simplification/extended functions/anchor/progress/random or unported primitive APIs; see exact source line
core/css/css_math_expression_node.cc	5284	5286	0	scaffolding	Comments blanks preprocessor namespace or delimiter-only line
core/css/css_math_expression_node.cc	5287	5295	9	pending	Remaining source logic: typed exponent arithmetic/simplification/extended functions/anchor/progress/random or unported primitive APIs; see exact source line
core/css/css_math_expression_node.cc	5296	5296	0	scaffolding	Comments blanks preprocessor namespace or delimiter-only line
core/css/css_math_expression_node.cc	5297	5298	2	pending	Remaining source logic: typed exponent arithmetic/simplification/extended functions/anchor/progress/random or unported primitive APIs; see exact source line
core/css/css_math_expression_node.cc	5299	5300	0	scaffolding	Comments blanks preprocessor namespace or delimiter-only line
core/css/css_math_expression_node.cc	5301	5306	6	pending	Remaining source logic: typed exponent arithmetic/simplification/extended functions/anchor/progress/random or unported primitive APIs; see exact source line
core/css/css_math_expression_node.cc	5307	5307	0	scaffolding	Comments blanks preprocessor namespace or delimiter-only line
core/css/css_math_expression_node.cc	5308	5308	1	pending	Remaining source logic: typed exponent arithmetic/simplification/extended functions/anchor/progress/random or unported primitive APIs; see exact source line
core/css/css_math_expression_node.cc	5309	5311	0	scaffolding	Comments blanks preprocessor namespace or delimiter-only line
core/css/css_math_expression_node.cc	5312	5315	4	pending	Remaining source logic: typed exponent arithmetic/simplification/extended functions/anchor/progress/random or unported primitive APIs; see exact source line
core/css/css_math_expression_node.cc	5316	5316	0	scaffolding	Comments blanks preprocessor namespace or delimiter-only line
core/css/css_math_expression_node.cc	5317	5317	1	pending	Remaining source logic: typed exponent arithmetic/simplification/extended functions/anchor/progress/random or unported primitive APIs; see exact source line
core/css/css_math_expression_node.cc	5318	5320	0	scaffolding	Comments blanks preprocessor namespace or delimiter-only line
core/css/css_math_expression_node.cc	5321	5327	7	pending	Remaining source logic: typed exponent arithmetic/simplification/extended functions/anchor/progress/random or unported primitive APIs; see exact source line
core/css/css_math_expression_node.cc	5328	5328	0	scaffolding	Comments blanks preprocessor namespace or delimiter-only line
core/css/css_math_expression_node.cc	5329	5332	4	pending	Remaining source logic: typed exponent arithmetic/simplification/extended functions/anchor/progress/random or unported primitive APIs; see exact source line
core/css/css_math_expression_node.cc	5333	5333	0	scaffolding	Comments blanks preprocessor namespace or delimiter-only line
core/css/css_math_expression_node.cc	5334	5337	4	pending	Remaining source logic: typed exponent arithmetic/simplification/extended functions/anchor/progress/random or unported primitive APIs; see exact source line
core/css/css_math_expression_node.cc	5338	5338	0	scaffolding	Comments blanks preprocessor namespace or delimiter-only line
core/css/css_math_expression_node.cc	5339	5344	6	pending	Remaining source logic: typed exponent arithmetic/simplification/extended functions/anchor/progress/random or unported primitive APIs; see exact source line
core/css/css_math_expression_node.cc	5345	5347	0	scaffolding	Comments blanks preprocessor namespace or delimiter-only line
core/css/css_math_expression_node.cc	5348	5352	5	pending	Remaining source logic: typed exponent arithmetic/simplification/extended functions/anchor/progress/random or unported primitive APIs; see exact source line
core/css/css_math_expression_node.cc	5353	5354	0	scaffolding	Comments blanks preprocessor namespace or delimiter-only line
core/css/css_math_expression_node.cc	5355	5357	3	pending	Remaining source logic: typed exponent arithmetic/simplification/extended functions/anchor/progress/random or unported primitive APIs; see exact source line
core/css/css_math_expression_node.cc	5358	5359	0	scaffolding	Comments blanks preprocessor namespace or delimiter-only line
core/css/css_math_expression_node.cc	5360	5364	5	pending	Remaining source logic: typed exponent arithmetic/simplification/extended functions/anchor/progress/random or unported primitive APIs; see exact source line
core/css/css_math_expression_node.cc	5365	5366	0	scaffolding	Comments blanks preprocessor namespace or delimiter-only line
core/css/css_math_expression_node.cc	5367	5371	5	pending	Remaining source logic: typed exponent arithmetic/simplification/extended functions/anchor/progress/random or unported primitive APIs; see exact source line
core/css/css_math_expression_node.cc	5372	5373	0	scaffolding	Comments blanks preprocessor namespace or delimiter-only line
core/css/css_math_expression_node.cc	5374	5376	3	pending	Remaining source logic: typed exponent arithmetic/simplification/extended functions/anchor/progress/random or unported primitive APIs; see exact source line
core/css/css_math_expression_node.cc	5377	5378	0	scaffolding	Comments blanks preprocessor namespace or delimiter-only line
core/css/css_math_expression_node.cc	5379	5379	1	pending	Remaining source logic: typed exponent arithmetic/simplification/extended functions/anchor/progress/random or unported primitive APIs; see exact source line
core/css/css_math_expression_node.cc	5380	5380	0	scaffolding	Comments blanks preprocessor namespace or delimiter-only line
core/css/css_math_expression_node.cc	5381	5389	9	pending	Remaining source logic: typed exponent arithmetic/simplification/extended functions/anchor/progress/random or unported primitive APIs; see exact source line
core/css/css_math_expression_node.cc	5390	5390	0	scaffolding	Comments blanks preprocessor namespace or delimiter-only line
core/css/css_math_expression_node.cc	5391	5394	4	pending	Remaining source logic: typed exponent arithmetic/simplification/extended functions/anchor/progress/random or unported primitive APIs; see exact source line
core/css/css_math_expression_node.cc	5395	5395	0	scaffolding	Comments blanks preprocessor namespace or delimiter-only line
core/css/css_math_expression_node.cc	5396	5405	10	pending	Remaining source logic: typed exponent arithmetic/simplification/extended functions/anchor/progress/random or unported primitive APIs; see exact source line
core/css/css_math_expression_node.cc	5406	5406	0	scaffolding	Comments blanks preprocessor namespace or delimiter-only line
core/css/css_math_expression_node.cc	5407	5412	6	pending	Remaining source logic: typed exponent arithmetic/simplification/extended functions/anchor/progress/random or unported primitive APIs; see exact source line
core/css/css_math_expression_node.cc	5413	5413	0	scaffolding	Comments blanks preprocessor namespace or delimiter-only line
core/css/css_math_expression_node.cc	5414	5418	5	pending	Remaining source logic: typed exponent arithmetic/simplification/extended functions/anchor/progress/random or unported primitive APIs; see exact source line
core/css/css_math_expression_node.cc	5419	5419	0	scaffolding	Comments blanks preprocessor namespace or delimiter-only line
core/css/css_math_expression_node.cc	5420	5424	5	pending	Remaining source logic: typed exponent arithmetic/simplification/extended functions/anchor/progress/random or unported primitive APIs; see exact source line
core/css/css_math_expression_node.cc	5425	5425	0	scaffolding	Comments blanks preprocessor namespace or delimiter-only line
core/css/css_math_expression_node.cc	5426	5427	2	pending	Remaining source logic: typed exponent arithmetic/simplification/extended functions/anchor/progress/random or unported primitive APIs; see exact source line
core/css/css_math_expression_node.cc	5428	5428	0	scaffolding	Comments blanks preprocessor namespace or delimiter-only line
core/css/css_math_expression_node.cc	5429	5438	10	pending	Remaining source logic: typed exponent arithmetic/simplification/extended functions/anchor/progress/random or unported primitive APIs; see exact source line
core/css/css_math_expression_node.cc	5439	5439	0	scaffolding	Comments blanks preprocessor namespace or delimiter-only line
core/css/css_math_expression_node.cc	5440	5452	13	pending	Remaining source logic: typed exponent arithmetic/simplification/extended functions/anchor/progress/random or unported primitive APIs; see exact source line
core/css/css_math_expression_node.cc	5453	5453	0	scaffolding	Comments blanks preprocessor namespace or delimiter-only line
core/css/css_math_expression_node.cc	5454	5455	2	pending	Remaining source logic: typed exponent arithmetic/simplification/extended functions/anchor/progress/random or unported primitive APIs; see exact source line
core/css/css_math_expression_node.cc	5456	5456	0	scaffolding	Comments blanks preprocessor namespace or delimiter-only line
core/css/css_math_expression_node.cc	5457	5461	5	pending	Remaining source logic: typed exponent arithmetic/simplification/extended functions/anchor/progress/random or unported primitive APIs; see exact source line
core/css/css_math_expression_node.cc	5462	5462	0	scaffolding	Comments blanks preprocessor namespace or delimiter-only line
core/css/css_math_expression_node.cc	5463	5464	2	pending	Remaining source logic: typed exponent arithmetic/simplification/extended functions/anchor/progress/random or unported primitive APIs; see exact source line
core/css/css_math_expression_node.cc	5465	5465	0	scaffolding	Comments blanks preprocessor namespace or delimiter-only line
core/css/css_math_expression_node.cc	5466	5471	6	pending	Remaining source logic: typed exponent arithmetic/simplification/extended functions/anchor/progress/random or unported primitive APIs; see exact source line
core/css/css_math_expression_node.cc	5472	5472	0	scaffolding	Comments blanks preprocessor namespace or delimiter-only line
core/css/css_math_expression_node.cc	5473	5474	2	pending	Remaining source logic: typed exponent arithmetic/simplification/extended functions/anchor/progress/random or unported primitive APIs; see exact source line
core/css/css_math_expression_node.cc	5475	5475	0	scaffolding	Comments blanks preprocessor namespace or delimiter-only line
core/css/css_math_expression_node.cc	5476	5481	6	pending	Remaining source logic: typed exponent arithmetic/simplification/extended functions/anchor/progress/random or unported primitive APIs; see exact source line
core/css/css_math_expression_node.cc	5482	5482	0	scaffolding	Comments blanks preprocessor namespace or delimiter-only line
core/css/css_math_expression_node.cc	5483	5488	6	pending	Remaining source logic: typed exponent arithmetic/simplification/extended functions/anchor/progress/random or unported primitive APIs; see exact source line
core/css/css_math_expression_node.cc	5489	5489	0	scaffolding	Comments blanks preprocessor namespace or delimiter-only line
core/css/css_math_expression_node.cc	5490	5498	9	pending	Remaining source logic: typed exponent arithmetic/simplification/extended functions/anchor/progress/random or unported primitive APIs; see exact source line
core/css/css_math_expression_node.cc	5499	5499	0	scaffolding	Comments blanks preprocessor namespace or delimiter-only line
core/css/css_math_expression_node.cc	5500	5513	14	pending	Remaining source logic: typed exponent arithmetic/simplification/extended functions/anchor/progress/random or unported primitive APIs; see exact source line
core/css/css_math_expression_node.cc	5514	5514	0	scaffolding	Comments blanks preprocessor namespace or delimiter-only line
core/css/css_math_expression_node.cc	5515	5518	4	pending	Remaining source logic: typed exponent arithmetic/simplification/extended functions/anchor/progress/random or unported primitive APIs; see exact source line
core/css/css_math_expression_node.cc	5519	5519	0	scaffolding	Comments blanks preprocessor namespace or delimiter-only line
core/css/css_math_expression_node.cc	5520	5526	7	pending	Remaining source logic: typed exponent arithmetic/simplification/extended functions/anchor/progress/random or unported primitive APIs; see exact source line
core/css/css_math_expression_node.cc	5527	5527	0	scaffolding	Comments blanks preprocessor namespace or delimiter-only line
core/css/css_math_expression_node.cc	5528	5540	13	pending	Remaining source logic: typed exponent arithmetic/simplification/extended functions/anchor/progress/random or unported primitive APIs; see exact source line
core/css/css_math_expression_node.cc	5541	5541	0	scaffolding	Comments blanks preprocessor namespace or delimiter-only line
core/css/css_math_expression_node.cc	5542	5548	7	pending	Remaining source logic: typed exponent arithmetic/simplification/extended functions/anchor/progress/random or unported primitive APIs; see exact source line
core/css/css_math_expression_node.cc	5549	5549	0	scaffolding	Comments blanks preprocessor namespace or delimiter-only line
core/css/css_math_expression_node.cc	5550	5558	9	pending	Remaining source logic: typed exponent arithmetic/simplification/extended functions/anchor/progress/random or unported primitive APIs; see exact source line
core/css/css_math_expression_node.cc	5559	5560	0	scaffolding	Comments blanks preprocessor namespace or delimiter-only line
core/css/css_math_expression_node.cc	5561	5562	2	pending	Remaining source logic: typed exponent arithmetic/simplification/extended functions/anchor/progress/random or unported primitive APIs; see exact source line
core/css/css_math_expression_node.cc	5563	5567	0	scaffolding	Comments blanks preprocessor namespace or delimiter-only line
core/css/css_math_expression_node.cc	5568	5580	13	pending	Remaining source logic: typed exponent arithmetic/simplification/extended functions/anchor/progress/random or unported primitive APIs; see exact source line
core/css/css_math_expression_node.cc	5581	5582	0	scaffolding	Comments blanks preprocessor namespace or delimiter-only line
core/css/css_math_expression_node.cc	5583	5583	1	pending	Remaining source logic: typed exponent arithmetic/simplification/extended functions/anchor/progress/random or unported primitive APIs; see exact source line
core/css/css_math_expression_node.cc	5584	5585	0	scaffolding	Comments blanks preprocessor namespace or delimiter-only line
core/css/css_math_expression_node.cc	5586	5589	4	pending	Remaining source logic: typed exponent arithmetic/simplification/extended functions/anchor/progress/random or unported primitive APIs; see exact source line
core/css/css_math_expression_node.cc	5590	5591	0	scaffolding	Comments blanks preprocessor namespace or delimiter-only line
core/css/css_math_expression_node.cc	5592	5596	5	pending	Remaining source logic: typed exponent arithmetic/simplification/extended functions/anchor/progress/random or unported primitive APIs; see exact source line
core/css/css_math_expression_node.cc	5597	5598	0	scaffolding	Comments blanks preprocessor namespace or delimiter-only line
core/css/css_math_expression_node.cc	5599	5602	4	pending	Remaining source logic: typed exponent arithmetic/simplification/extended functions/anchor/progress/random or unported primitive APIs; see exact source line
core/css/css_math_expression_node.cc	5603	5604	0	scaffolding	Comments blanks preprocessor namespace or delimiter-only line
core/css/css_math_expression_node.cc	5605	5611	7	pending	Remaining source logic: typed exponent arithmetic/simplification/extended functions/anchor/progress/random or unported primitive APIs; see exact source line
core/css/css_math_expression_node.cc	5612	5613	0	scaffolding	Comments blanks preprocessor namespace or delimiter-only line
core/css/css_math_expression_node.cc	5614	5629	16	pending	Remaining source logic: typed exponent arithmetic/simplification/extended functions/anchor/progress/random or unported primitive APIs; see exact source line
core/css/css_math_expression_node.cc	5630	5632	0	scaffolding	Comments blanks preprocessor namespace or delimiter-only line
core/css/css_math_expression_node.cc	5633	5638	6	pending	Remaining source logic: typed exponent arithmetic/simplification/extended functions/anchor/progress/random or unported primitive APIs; see exact source line
core/css/css_math_expression_node.cc	5639	5640	0	scaffolding	Comments blanks preprocessor namespace or delimiter-only line
core/css/css_math_expression_node.cc	5641	5645	5	pending	Remaining source logic: typed exponent arithmetic/simplification/extended functions/anchor/progress/random or unported primitive APIs; see exact source line
core/css/css_math_expression_node.cc	5646	5646	0	scaffolding	Comments blanks preprocessor namespace or delimiter-only line
core/css/css_math_expression_node.cc	5647	5647	1	pending	Remaining source logic: typed exponent arithmetic/simplification/extended functions/anchor/progress/random or unported primitive APIs; see exact source line
core/css/css_math_expression_node.cc	5648	5649	0	scaffolding	Comments blanks preprocessor namespace or delimiter-only line
core/css/css_math_expression_node.cc	5650	5652	3	pending	Remaining source logic: typed exponent arithmetic/simplification/extended functions/anchor/progress/random or unported primitive APIs; see exact source line
core/css/css_math_expression_node.cc	5653	5654	0	scaffolding	Comments blanks preprocessor namespace or delimiter-only line
core/css/css_math_expression_node.cc	5655	5656	2	pending	Remaining source logic: typed exponent arithmetic/simplification/extended functions/anchor/progress/random or unported primitive APIs; see exact source line
core/css/css_math_expression_node.cc	5657	5657	0	scaffolding	Comments blanks preprocessor namespace or delimiter-only line
core/css/css_math_expression_node.cc	5658	5660	3	pending	Remaining source logic: typed exponent arithmetic/simplification/extended functions/anchor/progress/random or unported primitive APIs; see exact source line
core/css/css_math_expression_node.cc	5661	5661	0	scaffolding	Comments blanks preprocessor namespace or delimiter-only line
core/css/css_math_expression_node.cc	5662	5664	3	pending	Remaining source logic: typed exponent arithmetic/simplification/extended functions/anchor/progress/random or unported primitive APIs; see exact source line
core/css/css_math_expression_node.cc	5665	5665	0	scaffolding	Comments blanks preprocessor namespace or delimiter-only line
core/css/css_math_expression_node.cc	5666	5669	4	pending	Remaining source logic: typed exponent arithmetic/simplification/extended functions/anchor/progress/random or unported primitive APIs; see exact source line
core/css/css_math_expression_node.cc	5670	5670	0	scaffolding	Comments blanks preprocessor namespace or delimiter-only line
core/css/css_math_expression_node.cc	5671	5673	3	pending	Remaining source logic: typed exponent arithmetic/simplification/extended functions/anchor/progress/random or unported primitive APIs; see exact source line
core/css/css_math_expression_node.cc	5674	5674	0	scaffolding	Comments blanks preprocessor namespace or delimiter-only line
core/css/css_math_expression_node.cc	5675	5675	1	pending	Remaining source logic: typed exponent arithmetic/simplification/extended functions/anchor/progress/random or unported primitive APIs; see exact source line
core/css/css_math_expression_node.cc	5676	5677	0	scaffolding	Comments blanks preprocessor namespace or delimiter-only line
core/css/css_math_expression_node.cc	5678	5678	1	pending	Remaining source logic: typed exponent arithmetic/simplification/extended functions/anchor/progress/random or unported primitive APIs; see exact source line
core/css/css_math_expression_node.cc	5679	5679	0	scaffolding	Comments blanks preprocessor namespace or delimiter-only line
core/css/css_math_expression_node.cc	5680	5682	3	pending	Remaining source logic: typed exponent arithmetic/simplification/extended functions/anchor/progress/random or unported primitive APIs; see exact source line
core/css/css_math_expression_node.cc	5683	5684	0	scaffolding	Comments blanks preprocessor namespace or delimiter-only line
core/css/css_math_expression_node.cc	5685	5690	6	pending	Remaining source logic: typed exponent arithmetic/simplification/extended functions/anchor/progress/random or unported primitive APIs; see exact source line
core/css/css_math_expression_node.cc	5691	5692	0	scaffolding	Comments blanks preprocessor namespace or delimiter-only line
core/css/css_math_expression_node.cc	5693	5696	4	pending	Remaining source logic: typed exponent arithmetic/simplification/extended functions/anchor/progress/random or unported primitive APIs; see exact source line
core/css/css_math_expression_node.cc	5697	5697	0	scaffolding	Comments blanks preprocessor namespace or delimiter-only line
core/css/css_math_expression_node.cc	5698	5702	5	pending	Remaining source logic: typed exponent arithmetic/simplification/extended functions/anchor/progress/random or unported primitive APIs; see exact source line
core/css/css_math_expression_node.cc	5703	5703	0	scaffolding	Comments blanks preprocessor namespace or delimiter-only line
core/css/css_math_expression_node.cc	5704	5710	7	pending	Remaining source logic: typed exponent arithmetic/simplification/extended functions/anchor/progress/random or unported primitive APIs; see exact source line
core/css/css_math_expression_node.cc	5711	5711	0	scaffolding	Comments blanks preprocessor namespace or delimiter-only line
core/css/css_math_expression_node.cc	5712	5714	3	pending	Remaining source logic: typed exponent arithmetic/simplification/extended functions/anchor/progress/random or unported primitive APIs; see exact source line
core/css/css_math_expression_node.cc	5715	5716	0	scaffolding	Comments blanks preprocessor namespace or delimiter-only line
core/css/css_math_expression_node.cc	5717	5717	1	pending	Remaining source logic: typed exponent arithmetic/simplification/extended functions/anchor/progress/random or unported primitive APIs; see exact source line
core/css/css_math_expression_node.cc	5718	5719	0	scaffolding	Comments blanks preprocessor namespace or delimiter-only line
core/css/css_math_expression_node.cc	5720	5722	3	pending	Remaining source logic: typed exponent arithmetic/simplification/extended functions/anchor/progress/random or unported primitive APIs; see exact source line
core/css/css_math_expression_node.cc	5723	5724	0	scaffolding	Comments blanks preprocessor namespace or delimiter-only line
core/css/css_math_expression_node.cc	5725	5734	10	pending	Remaining source logic: typed exponent arithmetic/simplification/extended functions/anchor/progress/random or unported primitive APIs; see exact source line
core/css/css_math_expression_node.cc	5735	5735	0	scaffolding	Comments blanks preprocessor namespace or delimiter-only line
core/css/css_math_expression_node.cc	5736	5739	4	pending	Remaining source logic: typed exponent arithmetic/simplification/extended functions/anchor/progress/random or unported primitive APIs; see exact source line
core/css/css_math_expression_node.cc	5740	5740	0	scaffolding	Comments blanks preprocessor namespace or delimiter-only line
core/css/css_math_expression_node.cc	5741	5748	8	pending	Remaining source logic: typed exponent arithmetic/simplification/extended functions/anchor/progress/random or unported primitive APIs; see exact source line
core/css/css_math_expression_node.cc	5749	5749	0	scaffolding	Comments blanks preprocessor namespace or delimiter-only line
core/css/css_math_expression_node.cc	5750	5751	2	pending	Remaining source logic: typed exponent arithmetic/simplification/extended functions/anchor/progress/random or unported primitive APIs; see exact source line
core/css/css_math_expression_node.cc	5752	5752	0	scaffolding	Comments blanks preprocessor namespace or delimiter-only line
core/css/css_math_expression_node.cc	5753	5756	4	pending	Remaining source logic: typed exponent arithmetic/simplification/extended functions/anchor/progress/random or unported primitive APIs; see exact source line
core/css/css_math_expression_node.cc	5757	5759	0	scaffolding	Comments blanks preprocessor namespace or delimiter-only line
core/css/css_math_expression_node.cc	5760	5760	1	pending	Remaining source logic: typed exponent arithmetic/simplification/extended functions/anchor/progress/random or unported primitive APIs; see exact source line
core/css/css_math_expression_node.cc	5761	5762	0	scaffolding	Comments blanks preprocessor namespace or delimiter-only line
core/css/css_math_expression_node.cc	5763	5765	3	pending	Remaining source logic: typed exponent arithmetic/simplification/extended functions/anchor/progress/random or unported primitive APIs; see exact source line
core/css/css_math_expression_node.cc	5766	5767	0	scaffolding	Comments blanks preprocessor namespace or delimiter-only line
core/css/css_math_expression_node.cc	5768	5773	6	pending	Remaining source logic: typed exponent arithmetic/simplification/extended functions/anchor/progress/random or unported primitive APIs; see exact source line
core/css/css_math_expression_node.cc	5774	5774	0	scaffolding	Comments blanks preprocessor namespace or delimiter-only line
core/css/css_math_expression_node.cc	5775	5779	5	pending	Remaining source logic: typed exponent arithmetic/simplification/extended functions/anchor/progress/random or unported primitive APIs; see exact source line
core/css/css_math_expression_node.cc	5780	5780	0	scaffolding	Comments blanks preprocessor namespace or delimiter-only line
core/css/css_math_expression_node.cc	5781	5784	4	pending	Remaining source logic: typed exponent arithmetic/simplification/extended functions/anchor/progress/random or unported primitive APIs; see exact source line
core/css/css_math_expression_node.cc	5785	5785	0	scaffolding	Comments blanks preprocessor namespace or delimiter-only line
core/css/css_math_expression_node.cc	5786	5786	1	pending	Remaining source logic: typed exponent arithmetic/simplification/extended functions/anchor/progress/random or unported primitive APIs; see exact source line
core/css/css_math_expression_node.cc	5787	5788	0	scaffolding	Comments blanks preprocessor namespace or delimiter-only line
core/css/css_math_expression_node.cc	5789	5793	5	pending	Remaining source logic: typed exponent arithmetic/simplification/extended functions/anchor/progress/random or unported primitive APIs; see exact source line
core/css/css_math_expression_node.cc	5794	5795	0	scaffolding	Comments blanks preprocessor namespace or delimiter-only line
core/css/css_math_expression_node.cc	5796	5798	3	pending	Remaining source logic: typed exponent arithmetic/simplification/extended functions/anchor/progress/random or unported primitive APIs; see exact source line
core/css/css_math_expression_node.cc	5799	5800	0	scaffolding	Comments blanks preprocessor namespace or delimiter-only line
core/css/css_math_expression_node.cc	5801	5810	10	pending	Remaining source logic: typed exponent arithmetic/simplification/extended functions/anchor/progress/random or unported primitive APIs; see exact source line
core/css/css_math_expression_node.cc	5811	5812	0	scaffolding	Comments blanks preprocessor namespace or delimiter-only line
core/css/css_math_expression_node.cc	5813	5815	3	pending	Remaining source logic: typed exponent arithmetic/simplification/extended functions/anchor/progress/random or unported primitive APIs; see exact source line
core/css/css_math_expression_node.cc	5816	5818	0	scaffolding	Comments blanks preprocessor namespace or delimiter-only line
core/css/css_math_expression_node.cc	5819	5824	6	pending	Remaining source logic: typed exponent arithmetic/simplification/extended functions/anchor/progress/random or unported primitive APIs; see exact source line
core/css/css_math_expression_node.cc	5825	5825	0	scaffolding	Comments blanks preprocessor namespace or delimiter-only line
core/css/css_math_expression_node.cc	5826	5827	2	pending	Remaining source logic: typed exponent arithmetic/simplification/extended functions/anchor/progress/random or unported primitive APIs; see exact source line
core/css/css_math_expression_node.cc	5828	5829	0	scaffolding	Comments blanks preprocessor namespace or delimiter-only line
core/css/css_math_expression_node.cc	5830	5833	4	pending	Remaining source logic: typed exponent arithmetic/simplification/extended functions/anchor/progress/random or unported primitive APIs; see exact source line
core/css/css_math_expression_node.cc	5834	5834	0	scaffolding	Comments blanks preprocessor namespace or delimiter-only line
core/css/css_math_expression_node.cc	5835	5839	5	pending	Remaining source logic: typed exponent arithmetic/simplification/extended functions/anchor/progress/random or unported primitive APIs; see exact source line
core/css/css_math_expression_node.cc	5840	5840	0	scaffolding	Comments blanks preprocessor namespace or delimiter-only line
core/css/css_math_expression_node.cc	5841	5841	1	pending	Remaining source logic: typed exponent arithmetic/simplification/extended functions/anchor/progress/random or unported primitive APIs; see exact source line
core/css/css_math_expression_node.cc	5842	5843	0	scaffolding	Comments blanks preprocessor namespace or delimiter-only line
core/css/css_math_expression_node.cc	5844	5860	17	pending	Remaining source logic: typed exponent arithmetic/simplification/extended functions/anchor/progress/random or unported primitive APIs; see exact source line
core/css/css_math_expression_node.cc	5861	5861	0	scaffolding	Comments blanks preprocessor namespace or delimiter-only line
core/css/css_math_expression_node.cc	5862	5864	3	pending	Remaining source logic: typed exponent arithmetic/simplification/extended functions/anchor/progress/random or unported primitive APIs; see exact source line
core/css/css_math_expression_node.cc	5865	5865	0	scaffolding	Comments blanks preprocessor namespace or delimiter-only line
core/css/css_math_expression_node.cc	5866	5868	3	pending	Remaining source logic: typed exponent arithmetic/simplification/extended functions/anchor/progress/random or unported primitive APIs; see exact source line
core/css/css_math_expression_node.cc	5869	5869	0	scaffolding	Comments blanks preprocessor namespace or delimiter-only line
core/css/css_math_expression_node.cc	5870	5872	3	pending	Remaining source logic: typed exponent arithmetic/simplification/extended functions/anchor/progress/random or unported primitive APIs; see exact source line
core/css/css_math_expression_node.cc	5873	5873	0	scaffolding	Comments blanks preprocessor namespace or delimiter-only line
core/css/css_math_expression_node.cc	5874	5877	4	pending	Remaining source logic: typed exponent arithmetic/simplification/extended functions/anchor/progress/random or unported primitive APIs; see exact source line
core/css/css_math_expression_node.cc	5878	5878	0	scaffolding	Comments blanks preprocessor namespace or delimiter-only line
core/css/css_math_expression_node.cc	5879	5880	2	pending	Remaining source logic: typed exponent arithmetic/simplification/extended functions/anchor/progress/random or unported primitive APIs; see exact source line
core/css/css_math_expression_node.cc	5881	5883	0	scaffolding	Comments blanks preprocessor namespace or delimiter-only line
core/css/css_math_expression_node.cc	5884	5890	7	pending	Remaining source logic: typed exponent arithmetic/simplification/extended functions/anchor/progress/random or unported primitive APIs; see exact source line
core/css/css_math_expression_node.cc	5891	5891	0	scaffolding	Comments blanks preprocessor namespace or delimiter-only line
core/css/css_math_expression_node.cc	5892	5897	6	pending	Remaining source logic: typed exponent arithmetic/simplification/extended functions/anchor/progress/random or unported primitive APIs; see exact source line
core/css/css_math_expression_node.cc	5898	5899	0	scaffolding	Comments blanks preprocessor namespace or delimiter-only line
core/css/css_math_expression_node.cc	5900	5903	4	pending	Remaining source logic: typed exponent arithmetic/simplification/extended functions/anchor/progress/random or unported primitive APIs; see exact source line
core/css/css_math_expression_node.cc	5904	5905	0	scaffolding	Comments blanks preprocessor namespace or delimiter-only line
core/css/css_math_expression_node.cc	5906	5908	3	pending	Remaining source logic: typed exponent arithmetic/simplification/extended functions/anchor/progress/random or unported primitive APIs; see exact source line
core/css/css_math_expression_node.cc	5909	5909	0	scaffolding	Comments blanks preprocessor namespace or delimiter-only line
core/css/css_math_expression_node.cc	5910	5912	3	pending	Remaining source logic: typed exponent arithmetic/simplification/extended functions/anchor/progress/random or unported primitive APIs; see exact source line
core/css/css_math_expression_node.cc	5913	5914	0	scaffolding	Comments blanks preprocessor namespace or delimiter-only line
core/css/css_math_expression_node.cc	5915	5916	2	pending	Remaining source logic: typed exponent arithmetic/simplification/extended functions/anchor/progress/random or unported primitive APIs; see exact source line
core/css/css_math_expression_node.cc	5917	5918	0	scaffolding	Comments blanks preprocessor namespace or delimiter-only line
core/css/css_math_expression_node.cc	5919	5923	5	pending	Remaining source logic: typed exponent arithmetic/simplification/extended functions/anchor/progress/random or unported primitive APIs; see exact source line
core/css/css_math_expression_node.cc	5924	5925	0	scaffolding	Comments blanks preprocessor namespace or delimiter-only line
core/css/css_math_expression_node.cc	5926	5938	13	pending	Remaining source logic: typed exponent arithmetic/simplification/extended functions/anchor/progress/random or unported primitive APIs; see exact source line
core/css/css_math_expression_node.cc	5939	5940	0	scaffolding	Comments blanks preprocessor namespace or delimiter-only line
core/css/css_math_expression_node.cc	5941	5958	18	pending	Remaining source logic: typed exponent arithmetic/simplification/extended functions/anchor/progress/random or unported primitive APIs; see exact source line
core/css/css_math_expression_node.cc	5959	5959	0	scaffolding	Comments blanks preprocessor namespace or delimiter-only line
core/css/css_math_expression_node.cc	5960	5960	1	pending	Remaining source logic: typed exponent arithmetic/simplification/extended functions/anchor/progress/random or unported primitive APIs; see exact source line
core/css/css_math_expression_node.cc	5961	5962	0	scaffolding	Comments blanks preprocessor namespace or delimiter-only line
core/css/css_math_expression_node.cc	5963	5965	3	pending	Remaining source logic: typed exponent arithmetic/simplification/extended functions/anchor/progress/random or unported primitive APIs; see exact source line
core/css/css_math_expression_node.cc	5966	5967	0	scaffolding	Comments blanks preprocessor namespace or delimiter-only line
core/css/css_math_expression_node.cc	5968	5973	6	pending	Remaining source logic: typed exponent arithmetic/simplification/extended functions/anchor/progress/random or unported primitive APIs; see exact source line
core/css/css_math_expression_node.cc	5974	5978	0	scaffolding	Comments blanks preprocessor namespace or delimiter-only line
core/css/css_math_expression_node.cc	5979	5988	10	pending	Remaining source logic: typed exponent arithmetic/simplification/extended functions/anchor/progress/random or unported primitive APIs; see exact source line
core/css/css_math_expression_node.cc	5989	5989	0	scaffolding	Comments blanks preprocessor namespace or delimiter-only line
core/css/css_math_expression_node.cc	5990	5990	1	pending	Remaining source logic: typed exponent arithmetic/simplification/extended functions/anchor/progress/random or unported primitive APIs; see exact source line
core/css/css_math_expression_node.cc	5991	5991	0	scaffolding	Comments blanks preprocessor namespace or delimiter-only line
core/css/css_math_expression_node.cc	5992	5993	2	pending	Remaining source logic: typed exponent arithmetic/simplification/extended functions/anchor/progress/random or unported primitive APIs; see exact source line
core/css/css_math_expression_node.cc	5994	5997	0	scaffolding	Comments blanks preprocessor namespace or delimiter-only line
core/css/css_math_expression_node.cc	5998	6002	5	pending	Remaining source logic: typed exponent arithmetic/simplification/extended functions/anchor/progress/random or unported primitive APIs; see exact source line
core/css/css_math_expression_node.cc	6003	6003	0	scaffolding	Comments blanks preprocessor namespace or delimiter-only line
core/css/css_math_expression_node.cc	6004	6005	2	pending	Remaining source logic: typed exponent arithmetic/simplification/extended functions/anchor/progress/random or unported primitive APIs; see exact source line
core/css/css_math_expression_node.cc	6006	6006	0	scaffolding	Comments blanks preprocessor namespace or delimiter-only line
core/css/css_math_expression_node.cc	6007	6013	7	pending	Remaining source logic: typed exponent arithmetic/simplification/extended functions/anchor/progress/random or unported primitive APIs; see exact source line
core/css/css_math_expression_node.cc	6014	6014	0	scaffolding	Comments blanks preprocessor namespace or delimiter-only line
core/css/css_math_expression_node.cc	6015	6016	2	pending	Remaining source logic: typed exponent arithmetic/simplification/extended functions/anchor/progress/random or unported primitive APIs; see exact source line
core/css/css_math_expression_node.cc	6017	6018	0	scaffolding	Comments blanks preprocessor namespace or delimiter-only line
core/css/css_math_expression_node.cc	6019	6022	4	pending	Remaining source logic: typed exponent arithmetic/simplification/extended functions/anchor/progress/random or unported primitive APIs; see exact source line
core/css/css_math_expression_node.cc	6023	6023	0	scaffolding	Comments blanks preprocessor namespace or delimiter-only line
core/css/css_math_expression_node.cc	6024	6030	7	pending	Remaining source logic: typed exponent arithmetic/simplification/extended functions/anchor/progress/random or unported primitive APIs; see exact source line
core/css/css_math_expression_node.cc	6031	6031	0	scaffolding	Comments blanks preprocessor namespace or delimiter-only line
core/css/css_math_expression_node.cc	6032	6032	1	pending	Remaining source logic: typed exponent arithmetic/simplification/extended functions/anchor/progress/random or unported primitive APIs; see exact source line
core/css/css_math_expression_node.cc	6033	6034	0	scaffolding	Comments blanks preprocessor namespace or delimiter-only line
core/css/css_math_expression_node.cc	6035	6038	4	pending	Remaining source logic: typed exponent arithmetic/simplification/extended functions/anchor/progress/random or unported primitive APIs; see exact source line
core/css/css_math_expression_node.cc	6039	6039	0	scaffolding	Comments blanks preprocessor namespace or delimiter-only line
core/css/css_math_expression_node.cc	6040	6040	1	pending	Remaining source logic: typed exponent arithmetic/simplification/extended functions/anchor/progress/random or unported primitive APIs; see exact source line
core/css/css_math_expression_node.cc	6041	6042	0	scaffolding	Comments blanks preprocessor namespace or delimiter-only line
core/css/css_math_expression_node.cc	6043	6043	1	pending	Remaining source logic: typed exponent arithmetic/simplification/extended functions/anchor/progress/random or unported primitive APIs; see exact source line
core/css/css_math_expression_node.cc	6044	6044	0	scaffolding	Comments blanks preprocessor namespace or delimiter-only line
core/css/css_math_expression_node.cc	6045	6048	4	pending	Remaining source logic: typed exponent arithmetic/simplification/extended functions/anchor/progress/random or unported primitive APIs; see exact source line
core/css/css_math_expression_node.cc	6049	6049	0	scaffolding	Comments blanks preprocessor namespace or delimiter-only line
core/css/css_math_expression_node.cc	6050	6052	3	pending	Remaining source logic: typed exponent arithmetic/simplification/extended functions/anchor/progress/random or unported primitive APIs; see exact source line
core/css/css_math_expression_node.cc	6053	6054	0	scaffolding	Comments blanks preprocessor namespace or delimiter-only line
core/css/css_math_expression_node.cc	6055	6057	3	pending	Remaining source logic: typed exponent arithmetic/simplification/extended functions/anchor/progress/random or unported primitive APIs; see exact source line
core/css/css_math_expression_node.cc	6058	6058	0	scaffolding	Comments blanks preprocessor namespace or delimiter-only line
core/css/css_math_expression_node.cc	6059	6061	3	pending	Remaining source logic: typed exponent arithmetic/simplification/extended functions/anchor/progress/random or unported primitive APIs; see exact source line
core/css/css_math_expression_node.cc	6062	6062	0	scaffolding	Comments blanks preprocessor namespace or delimiter-only line
core/css/css_math_expression_node.cc	6063	6067	5	pending	Remaining source logic: typed exponent arithmetic/simplification/extended functions/anchor/progress/random or unported primitive APIs; see exact source line
core/css/css_math_expression_node.cc	6068	6069	0	scaffolding	Comments blanks preprocessor namespace or delimiter-only line
core/css/css_math_expression_node.cc	6070	6070	1	pending	Remaining source logic: typed exponent arithmetic/simplification/extended functions/anchor/progress/random or unported primitive APIs; see exact source line
core/css/css_math_expression_node.cc	6071	6072	0	scaffolding	Comments blanks preprocessor namespace or delimiter-only line
core/css/css_math_expression_node.cc	6073	6077	5	pending	Remaining source logic: typed exponent arithmetic/simplification/extended functions/anchor/progress/random or unported primitive APIs; see exact source line
core/css/css_math_expression_node.cc	6078	6078	0	scaffolding	Comments blanks preprocessor namespace or delimiter-only line
core/css/css_math_expression_node.cc	6079	6080	2	pending	Remaining source logic: typed exponent arithmetic/simplification/extended functions/anchor/progress/random or unported primitive APIs; see exact source line
core/css/css_math_expression_node.cc	6081	6081	0	scaffolding	Comments blanks preprocessor namespace or delimiter-only line
core/css/css_math_expression_node.cc	6082	6087	6	pending	Remaining source logic: typed exponent arithmetic/simplification/extended functions/anchor/progress/random or unported primitive APIs; see exact source line
core/css/css_math_expression_node.cc	6088	6088	0	scaffolding	Comments blanks preprocessor namespace or delimiter-only line
core/css/css_math_expression_node.cc	6089	6092	4	pending	Remaining source logic: typed exponent arithmetic/simplification/extended functions/anchor/progress/random or unported primitive APIs; see exact source line
core/css/css_math_expression_node.cc	6093	6093	0	scaffolding	Comments blanks preprocessor namespace or delimiter-only line
core/css/css_math_expression_node.cc	6094	6098	5	pending	Remaining source logic: typed exponent arithmetic/simplification/extended functions/anchor/progress/random or unported primitive APIs; see exact source line
core/css/css_math_expression_node.cc	6099	6100	0	scaffolding	Comments blanks preprocessor namespace or delimiter-only line
core/css/css_math_expression_node.cc	6101	6101	1	pending	Remaining source logic: typed exponent arithmetic/simplification/extended functions/anchor/progress/random or unported primitive APIs; see exact source line
core/css/css_math_expression_node.cc	6102	6103	0	scaffolding	Comments blanks preprocessor namespace or delimiter-only line
core/css/css_math_expression_node.cc	6104	6111	8	pending	Remaining source logic: typed exponent arithmetic/simplification/extended functions/anchor/progress/random or unported primitive APIs; see exact source line
core/css/css_math_expression_node.cc	6112	6112	0	scaffolding	Comments blanks preprocessor namespace or delimiter-only line
core/css/css_math_expression_node.cc	6113	6114	2	pending	Remaining source logic: typed exponent arithmetic/simplification/extended functions/anchor/progress/random or unported primitive APIs; see exact source line
core/css/css_math_expression_node.cc	6115	6115	0	scaffolding	Comments blanks preprocessor namespace or delimiter-only line
core/css/css_math_expression_node.cc	6116	6116	1	pending	Remaining source logic: typed exponent arithmetic/simplification/extended functions/anchor/progress/random or unported primitive APIs; see exact source line
core/css/css_math_expression_node.cc	6117	6117	0	scaffolding	Comments blanks preprocessor namespace or delimiter-only line
core/css/css_math_expression_node.cc	6118	6120	3	pending	Remaining source logic: typed exponent arithmetic/simplification/extended functions/anchor/progress/random or unported primitive APIs; see exact source line
core/css/css_math_expression_node.cc	6121	6121	0	scaffolding	Comments blanks preprocessor namespace or delimiter-only line
core/css/css_math_expression_node.cc	6122	6122	1	pending	Remaining source logic: typed exponent arithmetic/simplification/extended functions/anchor/progress/random or unported primitive APIs; see exact source line
core/css/css_math_expression_node.cc	6123	6124	0	scaffolding	Comments blanks preprocessor namespace or delimiter-only line
core/css/css_math_expression_node.cc	6125	6129	5	pending	Remaining source logic: typed exponent arithmetic/simplification/extended functions/anchor/progress/random or unported primitive APIs; see exact source line
core/css/css_math_expression_node.cc	6130	6131	0	scaffolding	Comments blanks preprocessor namespace or delimiter-only line
core/css/css_math_expression_node.cc	6132	6138	7	pending	Remaining source logic: typed exponent arithmetic/simplification/extended functions/anchor/progress/random or unported primitive APIs; see exact source line
core/css/css_math_expression_node.cc	6139	6139	0	scaffolding	Comments blanks preprocessor namespace or delimiter-only line
core/css/css_math_expression_node.cc	6140	6145	6	pending	Remaining source logic: typed exponent arithmetic/simplification/extended functions/anchor/progress/random or unported primitive APIs; see exact source line
core/css/css_math_expression_node.cc	6146	6146	0	scaffolding	Comments blanks preprocessor namespace or delimiter-only line
core/css/css_math_expression_node.cc	6147	6148	2	pending	Remaining source logic: typed exponent arithmetic/simplification/extended functions/anchor/progress/random or unported primitive APIs; see exact source line
core/css/css_math_expression_node.cc	6149	6150	0	scaffolding	Comments blanks preprocessor namespace or delimiter-only line
core/css/css_math_expression_node.cc	6151	6154	4	pending	Remaining source logic: typed exponent arithmetic/simplification/extended functions/anchor/progress/random or unported primitive APIs; see exact source line
core/css/css_math_expression_node.cc	6155	6155	0	scaffolding	Comments blanks preprocessor namespace or delimiter-only line
core/css/css_math_expression_node.cc	6156	6161	6	pending	Remaining source logic: typed exponent arithmetic/simplification/extended functions/anchor/progress/random or unported primitive APIs; see exact source line
core/css/css_math_expression_node.cc	6162	6163	0	scaffolding	Comments blanks preprocessor namespace or delimiter-only line
core/css/css_math_expression_node.cc	6164	6169	6	pending	Remaining source logic: typed exponent arithmetic/simplification/extended functions/anchor/progress/random or unported primitive APIs; see exact source line
core/css/css_math_expression_node.cc	6170	6173	0	scaffolding	Comments blanks preprocessor namespace or delimiter-only line
core/css/css_math_expression_node.cc	6174	6175	2	pending	Remaining source logic: typed exponent arithmetic/simplification/extended functions/anchor/progress/random or unported primitive APIs; see exact source line
core/css/css_math_expression_node.h	1	60	0	scaffolding	Comments blanks preprocessor namespace or delimiter-only line
core/css/css_math_expression_node.h	61	61	1	mapped	css_math_expression_node.rs 100-node expression depth limit
core/css/css_math_expression_node.h	62	62	0	scaffolding	Comments blanks preprocessor namespace or delimiter-only line
core/css/css_math_expression_node.h	63	70	8	pending	Remaining source logic: typed exponent arithmetic/simplification/extended functions/anchor/progress/random or unported primitive APIs; see exact source line
core/css/css_math_expression_node.h	71	73	0	scaffolding	Comments blanks preprocessor namespace or delimiter-only line
core/css/css_math_expression_node.h	74	77	4	mapped	CalculationResultCategory enum
core/css/css_math_expression_node.h	78	85	0	scaffolding	Comments blanks preprocessor namespace or delimiter-only line
core/css/css_math_expression_node.h	86	86	1	mapped	CalculationResultCategory::LengthFunction
core/css/css_math_expression_node.h	87	89	0	scaffolding	Comments blanks preprocessor namespace or delimiter-only line
core/css/css_math_expression_node.h	90	90	1	pending	Remaining source logic: typed exponent arithmetic/simplification/extended functions/anchor/progress/random or unported primitive APIs; see exact source line
core/css/css_math_expression_node.h	91	94	4	mapped	CalculationResultCategory dimension domains
core/css/css_math_expression_node.h	95	95	1	pending	Remaining source logic: typed exponent arithmetic/simplification/extended functions/anchor/progress/random or unported primitive APIs; see exact source line
core/css/css_math_expression_node.h	96	99	0	scaffolding	Comments blanks preprocessor namespace or delimiter-only line
core/css/css_math_expression_node.h	100	101	2	pending	Remaining source logic: typed exponent arithmetic/simplification/extended functions/anchor/progress/random or unported primitive APIs; see exact source line
core/css/css_math_expression_node.h	102	102	0	scaffolding	Comments blanks preprocessor namespace or delimiter-only line
core/css/css_math_expression_node.h	103	106	4	pending	Remaining source logic: typed exponent arithmetic/simplification/extended functions/anchor/progress/random or unported primitive APIs; see exact source line
core/css/css_math_expression_node.h	107	107	0	scaffolding	Comments blanks preprocessor namespace or delimiter-only line
core/css/css_math_expression_node.h	108	109	2	pending	Remaining source logic: typed exponent arithmetic/simplification/extended functions/anchor/progress/random or unported primitive APIs; see exact source line
core/css/css_math_expression_node.h	110	113	0	scaffolding	Comments blanks preprocessor namespace or delimiter-only line
core/css/css_math_expression_node.h	114	122	9	pending	Remaining source logic: typed exponent arithmetic/simplification/extended functions/anchor/progress/random or unported primitive APIs; see exact source line
core/css/css_math_expression_node.h	123	124	0	scaffolding	Comments blanks preprocessor namespace or delimiter-only line
core/css/css_math_expression_node.h	125	126	2	pending	Remaining source logic: typed exponent arithmetic/simplification/extended functions/anchor/progress/random or unported primitive APIs; see exact source line
core/css/css_math_expression_node.h	127	127	0	scaffolding	Comments blanks preprocessor namespace or delimiter-only line
core/css/css_math_expression_node.h	128	128	1	pending	Remaining source logic: typed exponent arithmetic/simplification/extended functions/anchor/progress/random or unported primitive APIs; see exact source line
core/css/css_math_expression_node.h	129	129	0	scaffolding	Comments blanks preprocessor namespace or delimiter-only line
core/css/css_math_expression_node.h	130	130	1	pending	Remaining source logic: typed exponent arithmetic/simplification/extended functions/anchor/progress/random or unported primitive APIs; see exact source line
core/css/css_math_expression_node.h	131	131	0	scaffolding	Comments blanks preprocessor namespace or delimiter-only line
core/css/css_math_expression_node.h	132	135	4	pending	Remaining source logic: typed exponent arithmetic/simplification/extended functions/anchor/progress/random or unported primitive APIs; see exact source line
core/css/css_math_expression_node.h	136	136	0	scaffolding	Comments blanks preprocessor namespace or delimiter-only line
core/css/css_math_expression_node.h	137	137	1	pending	Remaining source logic: typed exponent arithmetic/simplification/extended functions/anchor/progress/random or unported primitive APIs; see exact source line
core/css/css_math_expression_node.h	138	138	0	scaffolding	Comments blanks preprocessor namespace or delimiter-only line
core/css/css_math_expression_node.h	139	141	3	pending	Remaining source logic: typed exponent arithmetic/simplification/extended functions/anchor/progress/random or unported primitive APIs; see exact source line
core/css/css_math_expression_node.h	142	142	0	scaffolding	Comments blanks preprocessor namespace or delimiter-only line
core/css/css_math_expression_node.h	143	144	2	pending	Remaining source logic: typed exponent arithmetic/simplification/extended functions/anchor/progress/random or unported primitive APIs; see exact source line
core/css/css_math_expression_node.h	145	145	0	scaffolding	Comments blanks preprocessor namespace or delimiter-only line
core/css/css_math_expression_node.h	146	147	2	pending	Remaining source logic: typed exponent arithmetic/simplification/extended functions/anchor/progress/random or unported primitive APIs; see exact source line
core/css/css_math_expression_node.h	148	148	0	scaffolding	Comments blanks preprocessor namespace or delimiter-only line
core/css/css_math_expression_node.h	149	153	5	pending	Remaining source logic: typed exponent arithmetic/simplification/extended functions/anchor/progress/random or unported primitive APIs; see exact source line
core/css/css_math_expression_node.h	154	154	0	scaffolding	Comments blanks preprocessor namespace or delimiter-only line
core/css/css_math_expression_node.h	155	155	1	pending	Remaining source logic: typed exponent arithmetic/simplification/extended functions/anchor/progress/random or unported primitive APIs; see exact source line
core/css/css_math_expression_node.h	156	157	0	scaffolding	Comments blanks preprocessor namespace or delimiter-only line
core/css/css_math_expression_node.h	158	161	4	pending	Remaining source logic: typed exponent arithmetic/simplification/extended functions/anchor/progress/random or unported primitive APIs; see exact source line
core/css/css_math_expression_node.h	162	162	0	scaffolding	Comments blanks preprocessor namespace or delimiter-only line
core/css/css_math_expression_node.h	163	164	2	pending	Remaining source logic: typed exponent arithmetic/simplification/extended functions/anchor/progress/random or unported primitive APIs; see exact source line
core/css/css_math_expression_node.h	165	165	0	scaffolding	Comments blanks preprocessor namespace or delimiter-only line
core/css/css_math_expression_node.h	166	169	4	pending	Remaining source logic: typed exponent arithmetic/simplification/extended functions/anchor/progress/random or unported primitive APIs; see exact source line
core/css/css_math_expression_node.h	170	171	0	scaffolding	Comments blanks preprocessor namespace or delimiter-only line
core/css/css_math_expression_node.h	172	172	1	pending	Remaining source logic: typed exponent arithmetic/simplification/extended functions/anchor/progress/random or unported primitive APIs; see exact source line
core/css/css_math_expression_node.h	173	174	0	scaffolding	Comments blanks preprocessor namespace or delimiter-only line
core/css/css_math_expression_node.h	175	175	1	pending	Remaining source logic: typed exponent arithmetic/simplification/extended functions/anchor/progress/random or unported primitive APIs; see exact source line
core/css/css_math_expression_node.h	176	176	0	scaffolding	Comments blanks preprocessor namespace or delimiter-only line
core/css/css_math_expression_node.h	177	177	1	pending	Remaining source logic: typed exponent arithmetic/simplification/extended functions/anchor/progress/random or unported primitive APIs; see exact source line
core/css/css_math_expression_node.h	178	178	0	scaffolding	Comments blanks preprocessor namespace or delimiter-only line
core/css/css_math_expression_node.h	179	179	1	pending	Remaining source logic: typed exponent arithmetic/simplification/extended functions/anchor/progress/random or unported primitive APIs; see exact source line
core/css/css_math_expression_node.h	180	181	0	scaffolding	Comments blanks preprocessor namespace or delimiter-only line
core/css/css_math_expression_node.h	182	187	6	pending	Remaining source logic: typed exponent arithmetic/simplification/extended functions/anchor/progress/random or unported primitive APIs; see exact source line
core/css/css_math_expression_node.h	188	192	0	scaffolding	Comments blanks preprocessor namespace or delimiter-only line
core/css/css_math_expression_node.h	193	194	2	pending	Remaining source logic: typed exponent arithmetic/simplification/extended functions/anchor/progress/random or unported primitive APIs; see exact source line
core/css/css_math_expression_node.h	195	195	0	scaffolding	Comments blanks preprocessor namespace or delimiter-only line
core/css/css_math_expression_node.h	196	200	5	pending	Remaining source logic: typed exponent arithmetic/simplification/extended functions/anchor/progress/random or unported primitive APIs; see exact source line
core/css/css_math_expression_node.h	201	201	0	scaffolding	Comments blanks preprocessor namespace or delimiter-only line
core/css/css_math_expression_node.h	202	203	2	pending	Remaining source logic: typed exponent arithmetic/simplification/extended functions/anchor/progress/random or unported primitive APIs; see exact source line
core/css/css_math_expression_node.h	204	205	0	scaffolding	Comments blanks preprocessor namespace or delimiter-only line
core/css/css_math_expression_node.h	206	206	1	pending	Remaining source logic: typed exponent arithmetic/simplification/extended functions/anchor/progress/random or unported primitive APIs; see exact source line
core/css/css_math_expression_node.h	207	207	0	scaffolding	Comments blanks preprocessor namespace or delimiter-only line
core/css/css_math_expression_node.h	208	214	7	pending	Remaining source logic: typed exponent arithmetic/simplification/extended functions/anchor/progress/random or unported primitive APIs; see exact source line
core/css/css_math_expression_node.h	215	216	0	scaffolding	Comments blanks preprocessor namespace or delimiter-only line
core/css/css_math_expression_node.h	217	217	1	pending	Remaining source logic: typed exponent arithmetic/simplification/extended functions/anchor/progress/random or unported primitive APIs; see exact source line
core/css/css_math_expression_node.h	218	218	0	scaffolding	Comments blanks preprocessor namespace or delimiter-only line
core/css/css_math_expression_node.h	219	219	1	pending	Remaining source logic: typed exponent arithmetic/simplification/extended functions/anchor/progress/random or unported primitive APIs; see exact source line
core/css/css_math_expression_node.h	220	220	0	scaffolding	Comments blanks preprocessor namespace or delimiter-only line
core/css/css_math_expression_node.h	221	229	9	pending	Remaining source logic: typed exponent arithmetic/simplification/extended functions/anchor/progress/random or unported primitive APIs; see exact source line
core/css/css_math_expression_node.h	230	230	0	scaffolding	Comments blanks preprocessor namespace or delimiter-only line
core/css/css_math_expression_node.h	231	231	1	pending	Remaining source logic: typed exponent arithmetic/simplification/extended functions/anchor/progress/random or unported primitive APIs; see exact source line
core/css/css_math_expression_node.h	232	232	0	scaffolding	Comments blanks preprocessor namespace or delimiter-only line
core/css/css_math_expression_node.h	233	233	1	pending	Remaining source logic: typed exponent arithmetic/simplification/extended functions/anchor/progress/random or unported primitive APIs; see exact source line
core/css/css_math_expression_node.h	234	236	0	scaffolding	Comments blanks preprocessor namespace or delimiter-only line
core/css/css_math_expression_node.h	237	237	1	pending	Remaining source logic: typed exponent arithmetic/simplification/extended functions/anchor/progress/random or unported primitive APIs; see exact source line
core/css/css_math_expression_node.h	238	238	0	scaffolding	Comments blanks preprocessor namespace or delimiter-only line
core/css/css_math_expression_node.h	239	240	2	pending	Remaining source logic: typed exponent arithmetic/simplification/extended functions/anchor/progress/random or unported primitive APIs; see exact source line
core/css/css_math_expression_node.h	241	241	0	scaffolding	Comments blanks preprocessor namespace or delimiter-only line
core/css/css_math_expression_node.h	242	243	2	pending	Remaining source logic: typed exponent arithmetic/simplification/extended functions/anchor/progress/random or unported primitive APIs; see exact source line
core/css/css_math_expression_node.h	244	244	0	scaffolding	Comments blanks preprocessor namespace or delimiter-only line
core/css/css_math_expression_node.h	245	253	9	pending	Remaining source logic: typed exponent arithmetic/simplification/extended functions/anchor/progress/random or unported primitive APIs; see exact source line
core/css/css_math_expression_node.h	254	254	0	scaffolding	Comments blanks preprocessor namespace or delimiter-only line
core/css/css_math_expression_node.h	255	258	4	pending	Remaining source logic: typed exponent arithmetic/simplification/extended functions/anchor/progress/random or unported primitive APIs; see exact source line
core/css/css_math_expression_node.h	259	270	0	scaffolding	Comments blanks preprocessor namespace or delimiter-only line
core/css/css_math_expression_node.h	271	271	1	pending	Remaining source logic: typed exponent arithmetic/simplification/extended functions/anchor/progress/random or unported primitive APIs; see exact source line
core/css/css_math_expression_node.h	272	272	0	scaffolding	Comments blanks preprocessor namespace or delimiter-only line
core/css/css_math_expression_node.h	273	274	2	pending	Remaining source logic: typed exponent arithmetic/simplification/extended functions/anchor/progress/random or unported primitive APIs; see exact source line
core/css/css_math_expression_node.h	275	275	0	scaffolding	Comments blanks preprocessor namespace or delimiter-only line
core/css/css_math_expression_node.h	276	278	3	pending	Remaining source logic: typed exponent arithmetic/simplification/extended functions/anchor/progress/random or unported primitive APIs; see exact source line
core/css/css_math_expression_node.h	279	280	0	scaffolding	Comments blanks preprocessor namespace or delimiter-only line
core/css/css_math_expression_node.h	281	283	3	pending	Remaining source logic: typed exponent arithmetic/simplification/extended functions/anchor/progress/random or unported primitive APIs; see exact source line
core/css/css_math_expression_node.h	284	284	0	scaffolding	Comments blanks preprocessor namespace or delimiter-only line
core/css/css_math_expression_node.h	285	285	1	pending	Remaining source logic: typed exponent arithmetic/simplification/extended functions/anchor/progress/random or unported primitive APIs; see exact source line
core/css/css_math_expression_node.h	286	292	0	scaffolding	Comments blanks preprocessor namespace or delimiter-only line
core/css/css_math_expression_node.h	293	293	1	pending	Remaining source logic: typed exponent arithmetic/simplification/extended functions/anchor/progress/random or unported primitive APIs; see exact source line
core/css/css_math_expression_node.h	294	298	0	scaffolding	Comments blanks preprocessor namespace or delimiter-only line
core/css/css_math_expression_node.h	299	300	2	pending	Remaining source logic: typed exponent arithmetic/simplification/extended functions/anchor/progress/random or unported primitive APIs; see exact source line
core/css/css_math_expression_node.h	301	305	0	scaffolding	Comments blanks preprocessor namespace or delimiter-only line
core/css/css_math_expression_node.h	306	306	1	pending	Remaining source logic: typed exponent arithmetic/simplification/extended functions/anchor/progress/random or unported primitive APIs; see exact source line
core/css/css_math_expression_node.h	307	307	0	scaffolding	Comments blanks preprocessor namespace or delimiter-only line
core/css/css_math_expression_node.h	308	313	6	pending	Remaining source logic: typed exponent arithmetic/simplification/extended functions/anchor/progress/random or unported primitive APIs; see exact source line
core/css/css_math_expression_node.h	314	316	0	scaffolding	Comments blanks preprocessor namespace or delimiter-only line
core/css/css_math_expression_node.h	317	318	2	pending	Remaining source logic: typed exponent arithmetic/simplification/extended functions/anchor/progress/random or unported primitive APIs; see exact source line
core/css/css_math_expression_node.h	319	319	0	scaffolding	Comments blanks preprocessor namespace or delimiter-only line
core/css/css_math_expression_node.h	320	321	2	pending	Remaining source logic: typed exponent arithmetic/simplification/extended functions/anchor/progress/random or unported primitive APIs; see exact source line
core/css/css_math_expression_node.h	322	322	0	scaffolding	Comments blanks preprocessor namespace or delimiter-only line
core/css/css_math_expression_node.h	323	324	2	pending	Remaining source logic: typed exponent arithmetic/simplification/extended functions/anchor/progress/random or unported primitive APIs; see exact source line
core/css/css_math_expression_node.h	325	325	0	scaffolding	Comments blanks preprocessor namespace or delimiter-only line
core/css/css_math_expression_node.h	326	327	2	pending	Remaining source logic: typed exponent arithmetic/simplification/extended functions/anchor/progress/random or unported primitive APIs; see exact source line
core/css/css_math_expression_node.h	328	328	0	scaffolding	Comments blanks preprocessor namespace or delimiter-only line
core/css/css_math_expression_node.h	329	331	3	pending	Remaining source logic: typed exponent arithmetic/simplification/extended functions/anchor/progress/random or unported primitive APIs; see exact source line
core/css/css_math_expression_node.h	332	332	0	scaffolding	Comments blanks preprocessor namespace or delimiter-only line
core/css/css_math_expression_node.h	333	334	2	pending	Remaining source logic: typed exponent arithmetic/simplification/extended functions/anchor/progress/random or unported primitive APIs; see exact source line
core/css/css_math_expression_node.h	335	336	0	scaffolding	Comments blanks preprocessor namespace or delimiter-only line
core/css/css_math_expression_node.h	337	340	4	pending	Remaining source logic: typed exponent arithmetic/simplification/extended functions/anchor/progress/random or unported primitive APIs; see exact source line
core/css/css_math_expression_node.h	341	341	0	scaffolding	Comments blanks preprocessor namespace or delimiter-only line
core/css/css_math_expression_node.h	342	342	1	pending	Remaining source logic: typed exponent arithmetic/simplification/extended functions/anchor/progress/random or unported primitive APIs; see exact source line
core/css/css_math_expression_node.h	343	343	0	scaffolding	Comments blanks preprocessor namespace or delimiter-only line
core/css/css_math_expression_node.h	344	345	2	pending	Remaining source logic: typed exponent arithmetic/simplification/extended functions/anchor/progress/random or unported primitive APIs; see exact source line
core/css/css_math_expression_node.h	346	351	0	scaffolding	Comments blanks preprocessor namespace or delimiter-only line
core/css/css_math_expression_node.h	352	355	4	pending	Remaining source logic: typed exponent arithmetic/simplification/extended functions/anchor/progress/random or unported primitive APIs; see exact source line
core/css/css_math_expression_node.h	356	356	0	scaffolding	Comments blanks preprocessor namespace or delimiter-only line
core/css/css_math_expression_node.h	357	357	1	pending	Remaining source logic: typed exponent arithmetic/simplification/extended functions/anchor/progress/random or unported primitive APIs; see exact source line
core/css/css_math_expression_node.h	358	358	0	scaffolding	Comments blanks preprocessor namespace or delimiter-only line
core/css/css_math_expression_node.h	359	359	1	pending	Remaining source logic: typed exponent arithmetic/simplification/extended functions/anchor/progress/random or unported primitive APIs; see exact source line
core/css/css_math_expression_node.h	360	360	0	scaffolding	Comments blanks preprocessor namespace or delimiter-only line
core/css/css_math_expression_node.h	361	369	9	pending	Remaining source logic: typed exponent arithmetic/simplification/extended functions/anchor/progress/random or unported primitive APIs; see exact source line
core/css/css_math_expression_node.h	370	370	0	scaffolding	Comments blanks preprocessor namespace or delimiter-only line
core/css/css_math_expression_node.h	371	371	1	pending	Remaining source logic: typed exponent arithmetic/simplification/extended functions/anchor/progress/random or unported primitive APIs; see exact source line
core/css/css_math_expression_node.h	372	372	0	scaffolding	Comments blanks preprocessor namespace or delimiter-only line
core/css/css_math_expression_node.h	373	375	3	pending	Remaining source logic: typed exponent arithmetic/simplification/extended functions/anchor/progress/random or unported primitive APIs; see exact source line
core/css/css_math_expression_node.h	376	377	0	scaffolding	Comments blanks preprocessor namespace or delimiter-only line
core/css/css_math_expression_node.h	378	382	5	pending	Remaining source logic: typed exponent arithmetic/simplification/extended functions/anchor/progress/random or unported primitive APIs; see exact source line
core/css/css_math_expression_node.h	383	384	0	scaffolding	Comments blanks preprocessor namespace or delimiter-only line
core/css/css_math_expression_node.h	385	386	2	pending	Remaining source logic: typed exponent arithmetic/simplification/extended functions/anchor/progress/random or unported primitive APIs; see exact source line
core/css/css_math_expression_node.h	387	388	0	scaffolding	Comments blanks preprocessor namespace or delimiter-only line
core/css/css_math_expression_node.h	389	396	8	pending	Remaining source logic: typed exponent arithmetic/simplification/extended functions/anchor/progress/random or unported primitive APIs; see exact source line
core/css/css_math_expression_node.h	397	397	0	scaffolding	Comments blanks preprocessor namespace or delimiter-only line
core/css/css_math_expression_node.h	398	398	1	pending	Remaining source logic: typed exponent arithmetic/simplification/extended functions/anchor/progress/random or unported primitive APIs; see exact source line
core/css/css_math_expression_node.h	399	399	0	scaffolding	Comments blanks preprocessor namespace or delimiter-only line
core/css/css_math_expression_node.h	400	400	1	pending	Remaining source logic: typed exponent arithmetic/simplification/extended functions/anchor/progress/random or unported primitive APIs; see exact source line
core/css/css_math_expression_node.h	401	401	0	scaffolding	Comments blanks preprocessor namespace or delimiter-only line
core/css/css_math_expression_node.h	402	402	1	pending	Remaining source logic: typed exponent arithmetic/simplification/extended functions/anchor/progress/random or unported primitive APIs; see exact source line
core/css/css_math_expression_node.h	403	403	0	scaffolding	Comments blanks preprocessor namespace or delimiter-only line
core/css/css_math_expression_node.h	404	404	1	pending	Remaining source logic: typed exponent arithmetic/simplification/extended functions/anchor/progress/random or unported primitive APIs; see exact source line
core/css/css_math_expression_node.h	405	405	0	scaffolding	Comments blanks preprocessor namespace or delimiter-only line
core/css/css_math_expression_node.h	406	408	3	pending	Remaining source logic: typed exponent arithmetic/simplification/extended functions/anchor/progress/random or unported primitive APIs; see exact source line
core/css/css_math_expression_node.h	409	409	0	scaffolding	Comments blanks preprocessor namespace or delimiter-only line
core/css/css_math_expression_node.h	410	414	5	pending	Remaining source logic: typed exponent arithmetic/simplification/extended functions/anchor/progress/random or unported primitive APIs; see exact source line
core/css/css_math_expression_node.h	415	416	0	scaffolding	Comments blanks preprocessor namespace or delimiter-only line
core/css/css_math_expression_node.h	417	418	2	pending	Remaining source logic: typed exponent arithmetic/simplification/extended functions/anchor/progress/random or unported primitive APIs; see exact source line
core/css/css_math_expression_node.h	419	420	0	scaffolding	Comments blanks preprocessor namespace or delimiter-only line
core/css/css_math_expression_node.h	421	441	21	pending	Remaining source logic: typed exponent arithmetic/simplification/extended functions/anchor/progress/random or unported primitive APIs; see exact source line
core/css/css_math_expression_node.h	442	442	0	scaffolding	Comments blanks preprocessor namespace or delimiter-only line
core/css/css_math_expression_node.h	443	446	4	pending	Remaining source logic: typed exponent arithmetic/simplification/extended functions/anchor/progress/random or unported primitive APIs; see exact source line
core/css/css_math_expression_node.h	447	448	0	scaffolding	Comments blanks preprocessor namespace or delimiter-only line
core/css/css_math_expression_node.h	449	450	2	pending	Remaining source logic: typed exponent arithmetic/simplification/extended functions/anchor/progress/random or unported primitive APIs; see exact source line
core/css/css_math_expression_node.h	451	452	0	scaffolding	Comments blanks preprocessor namespace or delimiter-only line
core/css/css_math_expression_node.h	453	456	4	pending	Remaining source logic: typed exponent arithmetic/simplification/extended functions/anchor/progress/random or unported primitive APIs; see exact source line
core/css/css_math_expression_node.h	457	461	0	scaffolding	Comments blanks preprocessor namespace or delimiter-only line
core/css/css_math_expression_node.h	462	467	6	pending	Remaining source logic: typed exponent arithmetic/simplification/extended functions/anchor/progress/random or unported primitive APIs; see exact source line
core/css/css_math_expression_node.h	468	469	0	scaffolding	Comments blanks preprocessor namespace or delimiter-only line
core/css/css_math_expression_node.h	470	470	1	pending	Remaining source logic: typed exponent arithmetic/simplification/extended functions/anchor/progress/random or unported primitive APIs; see exact source line
core/css/css_math_expression_node.h	471	471	0	scaffolding	Comments blanks preprocessor namespace or delimiter-only line
core/css/css_math_expression_node.h	472	472	1	pending	Remaining source logic: typed exponent arithmetic/simplification/extended functions/anchor/progress/random or unported primitive APIs; see exact source line
core/css/css_math_expression_node.h	473	473	0	scaffolding	Comments blanks preprocessor namespace or delimiter-only line
core/css/css_math_expression_node.h	474	474	1	pending	Remaining source logic: typed exponent arithmetic/simplification/extended functions/anchor/progress/random or unported primitive APIs; see exact source line
core/css/css_math_expression_node.h	475	475	0	scaffolding	Comments blanks preprocessor namespace or delimiter-only line
core/css/css_math_expression_node.h	476	476	1	pending	Remaining source logic: typed exponent arithmetic/simplification/extended functions/anchor/progress/random or unported primitive APIs; see exact source line
core/css/css_math_expression_node.h	477	477	0	scaffolding	Comments blanks preprocessor namespace or delimiter-only line
core/css/css_math_expression_node.h	478	480	3	pending	Remaining source logic: typed exponent arithmetic/simplification/extended functions/anchor/progress/random or unported primitive APIs; see exact source line
core/css/css_math_expression_node.h	481	481	0	scaffolding	Comments blanks preprocessor namespace or delimiter-only line
core/css/css_math_expression_node.h	482	486	5	pending	Remaining source logic: typed exponent arithmetic/simplification/extended functions/anchor/progress/random or unported primitive APIs; see exact source line
core/css/css_math_expression_node.h	487	488	0	scaffolding	Comments blanks preprocessor namespace or delimiter-only line
core/css/css_math_expression_node.h	489	490	2	pending	Remaining source logic: typed exponent arithmetic/simplification/extended functions/anchor/progress/random or unported primitive APIs; see exact source line
core/css/css_math_expression_node.h	491	492	0	scaffolding	Comments blanks preprocessor namespace or delimiter-only line
core/css/css_math_expression_node.h	493	495	3	pending	Remaining source logic: typed exponent arithmetic/simplification/extended functions/anchor/progress/random or unported primitive APIs; see exact source line
core/css/css_math_expression_node.h	496	496	0	scaffolding	Comments blanks preprocessor namespace or delimiter-only line
core/css/css_math_expression_node.h	497	502	6	pending	Remaining source logic: typed exponent arithmetic/simplification/extended functions/anchor/progress/random or unported primitive APIs; see exact source line
core/css/css_math_expression_node.h	503	503	0	scaffolding	Comments blanks preprocessor namespace or delimiter-only line
core/css/css_math_expression_node.h	504	506	3	pending	Remaining source logic: typed exponent arithmetic/simplification/extended functions/anchor/progress/random or unported primitive APIs; see exact source line
core/css/css_math_expression_node.h	507	507	0	scaffolding	Comments blanks preprocessor namespace or delimiter-only line
core/css/css_math_expression_node.h	508	510	3	pending	Remaining source logic: typed exponent arithmetic/simplification/extended functions/anchor/progress/random or unported primitive APIs; see exact source line
core/css/css_math_expression_node.h	511	511	0	scaffolding	Comments blanks preprocessor namespace or delimiter-only line
core/css/css_math_expression_node.h	512	513	2	pending	Remaining source logic: typed exponent arithmetic/simplification/extended functions/anchor/progress/random or unported primitive APIs; see exact source line
core/css/css_math_expression_node.h	514	514	0	scaffolding	Comments blanks preprocessor namespace or delimiter-only line
core/css/css_math_expression_node.h	515	517	3	pending	Remaining source logic: typed exponent arithmetic/simplification/extended functions/anchor/progress/random or unported primitive APIs; see exact source line
core/css/css_math_expression_node.h	518	518	0	scaffolding	Comments blanks preprocessor namespace or delimiter-only line
core/css/css_math_expression_node.h	519	526	8	pending	Remaining source logic: typed exponent arithmetic/simplification/extended functions/anchor/progress/random or unported primitive APIs; see exact source line
core/css/css_math_expression_node.h	527	527	0	scaffolding	Comments blanks preprocessor namespace or delimiter-only line
core/css/css_math_expression_node.h	528	529	2	pending	Remaining source logic: typed exponent arithmetic/simplification/extended functions/anchor/progress/random or unported primitive APIs; see exact source line
core/css/css_math_expression_node.h	530	530	0	scaffolding	Comments blanks preprocessor namespace or delimiter-only line
core/css/css_math_expression_node.h	531	532	2	pending	Remaining source logic: typed exponent arithmetic/simplification/extended functions/anchor/progress/random or unported primitive APIs; see exact source line
core/css/css_math_expression_node.h	533	534	0	scaffolding	Comments blanks preprocessor namespace or delimiter-only line
core/css/css_math_expression_node.h	535	537	3	pending	Remaining source logic: typed exponent arithmetic/simplification/extended functions/anchor/progress/random or unported primitive APIs; see exact source line
core/css/css_math_expression_node.h	538	538	0	scaffolding	Comments blanks preprocessor namespace or delimiter-only line
core/css/css_math_expression_node.h	539	539	1	pending	Remaining source logic: typed exponent arithmetic/simplification/extended functions/anchor/progress/random or unported primitive APIs; see exact source line
core/css/css_math_expression_node.h	540	540	0	scaffolding	Comments blanks preprocessor namespace or delimiter-only line
core/css/css_math_expression_node.h	541	542	2	pending	Remaining source logic: typed exponent arithmetic/simplification/extended functions/anchor/progress/random or unported primitive APIs; see exact source line
core/css/css_math_expression_node.h	543	544	0	scaffolding	Comments blanks preprocessor namespace or delimiter-only line
core/css/css_math_expression_node.h	545	548	4	pending	Remaining source logic: typed exponent arithmetic/simplification/extended functions/anchor/progress/random or unported primitive APIs; see exact source line
core/css/css_math_expression_node.h	549	554	0	scaffolding	Comments blanks preprocessor namespace or delimiter-only line
core/css/css_math_expression_node.h	555	558	4	pending	Remaining source logic: typed exponent arithmetic/simplification/extended functions/anchor/progress/random or unported primitive APIs; see exact source line
core/css/css_math_expression_node.h	559	559	0	scaffolding	Comments blanks preprocessor namespace or delimiter-only line
core/css/css_math_expression_node.h	560	563	4	pending	Remaining source logic: typed exponent arithmetic/simplification/extended functions/anchor/progress/random or unported primitive APIs; see exact source line
core/css/css_math_expression_node.h	564	565	0	scaffolding	Comments blanks preprocessor namespace or delimiter-only line
core/css/css_math_expression_node.h	566	566	1	pending	Remaining source logic: typed exponent arithmetic/simplification/extended functions/anchor/progress/random or unported primitive APIs; see exact source line
core/css/css_math_expression_node.h	567	567	0	scaffolding	Comments blanks preprocessor namespace or delimiter-only line
core/css/css_math_expression_node.h	568	569	2	pending	Remaining source logic: typed exponent arithmetic/simplification/extended functions/anchor/progress/random or unported primitive APIs; see exact source line
core/css/css_math_expression_node.h	570	571	0	scaffolding	Comments blanks preprocessor namespace or delimiter-only line
core/css/css_math_expression_node.h	572	573	2	pending	Remaining source logic: typed exponent arithmetic/simplification/extended functions/anchor/progress/random or unported primitive APIs; see exact source line
core/css/css_math_expression_node.h	574	574	0	scaffolding	Comments blanks preprocessor namespace or delimiter-only line
core/css/css_math_expression_node.h	575	575	1	pending	Remaining source logic: typed exponent arithmetic/simplification/extended functions/anchor/progress/random or unported primitive APIs; see exact source line
core/css/css_math_expression_node.h	576	576	0	scaffolding	Comments blanks preprocessor namespace or delimiter-only line
core/css/css_math_expression_node.h	577	579	3	pending	Remaining source logic: typed exponent arithmetic/simplification/extended functions/anchor/progress/random or unported primitive APIs; see exact source line
core/css/css_math_expression_node.h	580	580	0	scaffolding	Comments blanks preprocessor namespace or delimiter-only line
core/css/css_math_expression_node.h	581	585	5	pending	Remaining source logic: typed exponent arithmetic/simplification/extended functions/anchor/progress/random or unported primitive APIs; see exact source line
core/css/css_math_expression_node.h	586	587	0	scaffolding	Comments blanks preprocessor namespace or delimiter-only line
core/css/css_math_expression_node.h	588	589	2	pending	Remaining source logic: typed exponent arithmetic/simplification/extended functions/anchor/progress/random or unported primitive APIs; see exact source line
core/css/css_math_expression_node.h	590	591	0	scaffolding	Comments blanks preprocessor namespace or delimiter-only line
core/css/css_math_expression_node.h	592	594	3	pending	Remaining source logic: typed exponent arithmetic/simplification/extended functions/anchor/progress/random or unported primitive APIs; see exact source line
core/css/css_math_expression_node.h	595	595	0	scaffolding	Comments blanks preprocessor namespace or delimiter-only line
core/css/css_math_expression_node.h	596	597	2	pending	Remaining source logic: typed exponent arithmetic/simplification/extended functions/anchor/progress/random or unported primitive APIs; see exact source line
core/css/css_math_expression_node.h	598	598	0	scaffolding	Comments blanks preprocessor namespace or delimiter-only line
core/css/css_math_expression_node.h	599	605	7	pending	Remaining source logic: typed exponent arithmetic/simplification/extended functions/anchor/progress/random or unported primitive APIs; see exact source line
core/css/css_math_expression_node.h	606	606	0	scaffolding	Comments blanks preprocessor namespace or delimiter-only line
core/css/css_math_expression_node.h	607	609	3	pending	Remaining source logic: typed exponent arithmetic/simplification/extended functions/anchor/progress/random or unported primitive APIs; see exact source line
core/css/css_math_expression_node.h	610	610	0	scaffolding	Comments blanks preprocessor namespace or delimiter-only line
core/css/css_math_expression_node.h	611	612	2	pending	Remaining source logic: typed exponent arithmetic/simplification/extended functions/anchor/progress/random or unported primitive APIs; see exact source line
core/css/css_math_expression_node.h	613	613	0	scaffolding	Comments blanks preprocessor namespace or delimiter-only line
core/css/css_math_expression_node.h	614	616	3	pending	Remaining source logic: typed exponent arithmetic/simplification/extended functions/anchor/progress/random or unported primitive APIs; see exact source line
core/css/css_math_expression_node.h	617	617	0	scaffolding	Comments blanks preprocessor namespace or delimiter-only line
core/css/css_math_expression_node.h	618	625	8	pending	Remaining source logic: typed exponent arithmetic/simplification/extended functions/anchor/progress/random or unported primitive APIs; see exact source line
core/css/css_math_expression_node.h	626	626	0	scaffolding	Comments blanks preprocessor namespace or delimiter-only line
core/css/css_math_expression_node.h	627	628	2	pending	Remaining source logic: typed exponent arithmetic/simplification/extended functions/anchor/progress/random or unported primitive APIs; see exact source line
core/css/css_math_expression_node.h	629	629	0	scaffolding	Comments blanks preprocessor namespace or delimiter-only line
core/css/css_math_expression_node.h	630	631	2	pending	Remaining source logic: typed exponent arithmetic/simplification/extended functions/anchor/progress/random or unported primitive APIs; see exact source line
core/css/css_math_expression_node.h	632	633	0	scaffolding	Comments blanks preprocessor namespace or delimiter-only line
core/css/css_math_expression_node.h	634	636	3	pending	Remaining source logic: typed exponent arithmetic/simplification/extended functions/anchor/progress/random or unported primitive APIs; see exact source line
core/css/css_math_expression_node.h	637	637	0	scaffolding	Comments blanks preprocessor namespace or delimiter-only line
core/css/css_math_expression_node.h	638	640	3	pending	Remaining source logic: typed exponent arithmetic/simplification/extended functions/anchor/progress/random or unported primitive APIs; see exact source line
core/css/css_math_expression_node.h	641	642	0	scaffolding	Comments blanks preprocessor namespace or delimiter-only line
core/css/css_math_expression_node.h	643	646	4	pending	Remaining source logic: typed exponent arithmetic/simplification/extended functions/anchor/progress/random or unported primitive APIs; see exact source line
core/css/css_math_expression_node.h	647	649	0	scaffolding	Comments blanks preprocessor namespace or delimiter-only line
core/css/css_math_expression_node.h	650	653	4	pending	Remaining source logic: typed exponent arithmetic/simplification/extended functions/anchor/progress/random or unported primitive APIs; see exact source line
core/css/css_math_expression_node.h	654	654	0	scaffolding	Comments blanks preprocessor namespace or delimiter-only line
core/css/css_math_expression_node.h	655	658	4	pending	Remaining source logic: typed exponent arithmetic/simplification/extended functions/anchor/progress/random or unported primitive APIs; see exact source line
core/css/css_math_expression_node.h	659	659	0	scaffolding	Comments blanks preprocessor namespace or delimiter-only line
core/css/css_math_expression_node.h	660	661	2	pending	Remaining source logic: typed exponent arithmetic/simplification/extended functions/anchor/progress/random or unported primitive APIs; see exact source line
core/css/css_math_expression_node.h	662	662	0	scaffolding	Comments blanks preprocessor namespace or delimiter-only line
core/css/css_math_expression_node.h	663	665	3	pending	Remaining source logic: typed exponent arithmetic/simplification/extended functions/anchor/progress/random or unported primitive APIs; see exact source line
core/css/css_math_expression_node.h	666	666	0	scaffolding	Comments blanks preprocessor namespace or delimiter-only line
core/css/css_math_expression_node.h	667	668	2	pending	Remaining source logic: typed exponent arithmetic/simplification/extended functions/anchor/progress/random or unported primitive APIs; see exact source line
core/css/css_math_expression_node.h	669	669	0	scaffolding	Comments blanks preprocessor namespace or delimiter-only line
core/css/css_math_expression_node.h	670	672	3	pending	Remaining source logic: typed exponent arithmetic/simplification/extended functions/anchor/progress/random or unported primitive APIs; see exact source line
core/css/css_math_expression_node.h	673	673	0	scaffolding	Comments blanks preprocessor namespace or delimiter-only line
core/css/css_math_expression_node.h	674	677	4	pending	Remaining source logic: typed exponent arithmetic/simplification/extended functions/anchor/progress/random or unported primitive APIs; see exact source line
core/css/css_math_expression_node.h	678	686	0	scaffolding	Comments blanks preprocessor namespace or delimiter-only line
core/css/css_math_expression_node.h	687	691	5	pending	Remaining source logic: typed exponent arithmetic/simplification/extended functions/anchor/progress/random or unported primitive APIs; see exact source line
core/css/css_math_expression_node.h	692	692	0	scaffolding	Comments blanks preprocessor namespace or delimiter-only line
core/css/css_math_expression_node.h	693	695	3	pending	Remaining source logic: typed exponent arithmetic/simplification/extended functions/anchor/progress/random or unported primitive APIs; see exact source line
core/css/css_math_expression_node.h	696	696	0	scaffolding	Comments blanks preprocessor namespace or delimiter-only line
core/css/css_math_expression_node.h	697	698	2	pending	Remaining source logic: typed exponent arithmetic/simplification/extended functions/anchor/progress/random or unported primitive APIs; see exact source line
core/css/css_math_expression_node.h	699	699	0	scaffolding	Comments blanks preprocessor namespace or delimiter-only line
core/css/css_math_expression_node.h	700	702	3	pending	Remaining source logic: typed exponent arithmetic/simplification/extended functions/anchor/progress/random or unported primitive APIs; see exact source line
core/css/css_math_expression_node.h	703	704	0	scaffolding	Comments blanks preprocessor namespace or delimiter-only line
core/css/css_math_expression_node.h	705	709	5	pending	Remaining source logic: typed exponent arithmetic/simplification/extended functions/anchor/progress/random or unported primitive APIs; see exact source line
core/css/css_math_expression_node.h	710	711	0	scaffolding	Comments blanks preprocessor namespace or delimiter-only line
core/css/css_math_expression_node.h	712	715	4	pending	Remaining source logic: typed exponent arithmetic/simplification/extended functions/anchor/progress/random or unported primitive APIs; see exact source line
core/css/css_math_expression_node.h	716	716	0	scaffolding	Comments blanks preprocessor namespace or delimiter-only line
core/css/css_math_expression_node.h	717	720	4	pending	Remaining source logic: typed exponent arithmetic/simplification/extended functions/anchor/progress/random or unported primitive APIs; see exact source line
core/css/css_math_expression_node.h	721	722	0	scaffolding	Comments blanks preprocessor namespace or delimiter-only line
core/css/css_math_expression_node.h	723	724	2	pending	Remaining source logic: typed exponent arithmetic/simplification/extended functions/anchor/progress/random or unported primitive APIs; see exact source line
core/css/css_math_expression_node.h	725	725	0	scaffolding	Comments blanks preprocessor namespace or delimiter-only line
core/css/css_math_expression_node.h	726	729	4	pending	Remaining source logic: typed exponent arithmetic/simplification/extended functions/anchor/progress/random or unported primitive APIs; see exact source line
core/css/css_math_expression_node.h	730	730	0	scaffolding	Comments blanks preprocessor namespace or delimiter-only line
core/css/css_math_expression_node.h	731	733	3	pending	Remaining source logic: typed exponent arithmetic/simplification/extended functions/anchor/progress/random or unported primitive APIs; see exact source line
core/css/css_math_expression_node.h	734	734	0	scaffolding	Comments blanks preprocessor namespace or delimiter-only line
core/css/css_math_expression_node.h	735	736	2	pending	Remaining source logic: typed exponent arithmetic/simplification/extended functions/anchor/progress/random or unported primitive APIs; see exact source line
core/css/css_math_expression_node.h	737	737	0	scaffolding	Comments blanks preprocessor namespace or delimiter-only line
core/css/css_math_expression_node.h	738	741	4	pending	Remaining source logic: typed exponent arithmetic/simplification/extended functions/anchor/progress/random or unported primitive APIs; see exact source line
core/css/css_math_expression_node.h	742	742	0	scaffolding	Comments blanks preprocessor namespace or delimiter-only line
core/css/css_math_expression_node.h	743	746	4	pending	Remaining source logic: typed exponent arithmetic/simplification/extended functions/anchor/progress/random or unported primitive APIs; see exact source line
core/css/css_math_expression_node.h	747	747	0	scaffolding	Comments blanks preprocessor namespace or delimiter-only line
core/css/css_math_expression_node.h	748	750	3	pending	Remaining source logic: typed exponent arithmetic/simplification/extended functions/anchor/progress/random or unported primitive APIs; see exact source line
core/css/css_math_expression_node.h	751	751	0	scaffolding	Comments blanks preprocessor namespace or delimiter-only line
core/css/css_math_expression_node.h	752	753	2	pending	Remaining source logic: typed exponent arithmetic/simplification/extended functions/anchor/progress/random or unported primitive APIs; see exact source line
core/css/css_math_expression_node.h	754	754	0	scaffolding	Comments blanks preprocessor namespace or delimiter-only line
core/css/css_math_expression_node.h	755	757	3	pending	Remaining source logic: typed exponent arithmetic/simplification/extended functions/anchor/progress/random or unported primitive APIs; see exact source line
core/css/css_math_expression_node.h	758	758	0	scaffolding	Comments blanks preprocessor namespace or delimiter-only line
core/css/css_math_expression_node.h	759	760	2	pending	Remaining source logic: typed exponent arithmetic/simplification/extended functions/anchor/progress/random or unported primitive APIs; see exact source line
core/css/css_math_expression_node.h	761	761	0	scaffolding	Comments blanks preprocessor namespace or delimiter-only line
core/css/css_math_expression_node.h	762	765	4	pending	Remaining source logic: typed exponent arithmetic/simplification/extended functions/anchor/progress/random or unported primitive APIs; see exact source line
core/css/css_math_expression_node.h	766	766	0	scaffolding	Comments blanks preprocessor namespace or delimiter-only line
core/css/css_math_expression_node.h	767	767	1	pending	Remaining source logic: typed exponent arithmetic/simplification/extended functions/anchor/progress/random or unported primitive APIs; see exact source line
core/css/css_math_expression_node.h	768	769	0	scaffolding	Comments blanks preprocessor namespace or delimiter-only line
core/css/css_math_expression_node.h	770	773	4	pending	Remaining source logic: typed exponent arithmetic/simplification/extended functions/anchor/progress/random or unported primitive APIs; see exact source line
core/css/css_math_expression_node.h	774	775	0	scaffolding	Comments blanks preprocessor namespace or delimiter-only line
core/css/css_math_expression_node.h	776	777	2	pending	Remaining source logic: typed exponent arithmetic/simplification/extended functions/anchor/progress/random or unported primitive APIs; see exact source line
core/css/css_math_expression_node.h	778	778	0	scaffolding	Comments blanks preprocessor namespace or delimiter-only line
core/css/css_math_expression_node.h	779	780	2	pending	Remaining source logic: typed exponent arithmetic/simplification/extended functions/anchor/progress/random or unported primitive APIs; see exact source line
core/css/css_math_expression_node.h	781	782	0	scaffolding	Comments blanks preprocessor namespace or delimiter-only line
core/css/css_math_expression_node.h	783	783	1	pending	Remaining source logic: typed exponent arithmetic/simplification/extended functions/anchor/progress/random or unported primitive APIs; see exact source line
core/css/css_math_expression_node.h	784	784	0	scaffolding	Comments blanks preprocessor namespace or delimiter-only line
core/css/css_math_expression_node.h	785	785	1	pending	Remaining source logic: typed exponent arithmetic/simplification/extended functions/anchor/progress/random or unported primitive APIs; see exact source line
core/css/css_math_expression_node.h	786	786	0	scaffolding	Comments blanks preprocessor namespace or delimiter-only line
core/css/css_math_expression_node.h	787	815	29	pending	Remaining source logic: typed exponent arithmetic/simplification/extended functions/anchor/progress/random or unported primitive APIs; see exact source line
core/css/css_math_expression_node.h	816	816	0	scaffolding	Comments blanks preprocessor namespace or delimiter-only line
core/css/css_math_expression_node.h	817	820	4	pending	Remaining source logic: typed exponent arithmetic/simplification/extended functions/anchor/progress/random or unported primitive APIs; see exact source line
core/css/css_math_expression_node.h	821	822	0	scaffolding	Comments blanks preprocessor namespace or delimiter-only line
core/css/css_math_expression_node.h	823	826	4	pending	Remaining source logic: typed exponent arithmetic/simplification/extended functions/anchor/progress/random or unported primitive APIs; see exact source line
core/css/css_math_expression_node.h	827	827	0	scaffolding	Comments blanks preprocessor namespace or delimiter-only line
core/css/css_math_expression_node.h	828	829	2	pending	Remaining source logic: typed exponent arithmetic/simplification/extended functions/anchor/progress/random or unported primitive APIs; see exact source line
core/css/css_math_expression_node.h	830	831	0	scaffolding	Comments blanks preprocessor namespace or delimiter-only line
core/css/css_math_expression_node.h	832	833	2	pending	Remaining source logic: typed exponent arithmetic/simplification/extended functions/anchor/progress/random or unported primitive APIs; see exact source line
core/css/css_math_expression_node.h	834	835	0	scaffolding	Comments blanks preprocessor namespace or delimiter-only line
core/css/css_math_expression_node.h	836	838	3	pending	Remaining source logic: typed exponent arithmetic/simplification/extended functions/anchor/progress/random or unported primitive APIs; see exact source line
core/css/css_math_expression_node.h	839	843	0	scaffolding	Comments blanks preprocessor namespace or delimiter-only line
core/css/css_math_expression_node.h	844	847	4	pending	Remaining source logic: typed exponent arithmetic/simplification/extended functions/anchor/progress/random or unported primitive APIs; see exact source line
core/css/css_math_expression_node.h	848	849	0	scaffolding	Comments blanks preprocessor namespace or delimiter-only line
core/css/css_math_expression_node.h	850	853	4	pending	Remaining source logic: typed exponent arithmetic/simplification/extended functions/anchor/progress/random or unported primitive APIs; see exact source line
core/css/css_math_expression_node.h	854	856	0	scaffolding	Comments blanks preprocessor namespace or delimiter-only line
core/css/css_math_expression_node.h	857	861	5	pending	Remaining source logic: typed exponent arithmetic/simplification/extended functions/anchor/progress/random or unported primitive APIs; see exact source line
core/css/css_math_expression_node.h	862	862	0	scaffolding	Comments blanks preprocessor namespace or delimiter-only line
core/css/css_math_expression_node.h	863	865	3	pending	Remaining source logic: typed exponent arithmetic/simplification/extended functions/anchor/progress/random or unported primitive APIs; see exact source line
core/css/css_math_expression_node.h	866	867	0	scaffolding	Comments blanks preprocessor namespace or delimiter-only line
core/css/css_math_expression_node.h	868	868	1	pending	Remaining source logic: typed exponent arithmetic/simplification/extended functions/anchor/progress/random or unported primitive APIs; see exact source line
core/css/css_math_expression_node.h	869	869	0	scaffolding	Comments blanks preprocessor namespace or delimiter-only line
core/css/css_math_expression_node.h	870	877	8	pending	Remaining source logic: typed exponent arithmetic/simplification/extended functions/anchor/progress/random or unported primitive APIs; see exact source line
core/css/css_math_expression_node.h	878	878	0	scaffolding	Comments blanks preprocessor namespace or delimiter-only line
core/css/css_math_expression_node.h	879	883	5	pending	Remaining source logic: typed exponent arithmetic/simplification/extended functions/anchor/progress/random or unported primitive APIs; see exact source line
core/css/css_math_expression_node.h	884	884	0	scaffolding	Comments blanks preprocessor namespace or delimiter-only line
core/css/css_math_expression_node.h	885	886	2	pending	Remaining source logic: typed exponent arithmetic/simplification/extended functions/anchor/progress/random or unported primitive APIs; see exact source line
core/css/css_math_expression_node.h	887	888	0	scaffolding	Comments blanks preprocessor namespace or delimiter-only line
core/css/css_math_expression_node.h	889	889	1	pending	Remaining source logic: typed exponent arithmetic/simplification/extended functions/anchor/progress/random or unported primitive APIs; see exact source line
core/css/css_math_expression_node.h	890	890	0	scaffolding	Comments blanks preprocessor namespace or delimiter-only line
core/css/css_math_expression_node.h	891	893	3	pending	Remaining source logic: typed exponent arithmetic/simplification/extended functions/anchor/progress/random or unported primitive APIs; see exact source line
core/css/css_math_expression_node.h	894	894	0	scaffolding	Comments blanks preprocessor namespace or delimiter-only line
core/css/css_math_expression_node.h	895	902	8	pending	Remaining source logic: typed exponent arithmetic/simplification/extended functions/anchor/progress/random or unported primitive APIs; see exact source line
core/css/css_math_expression_node.h	903	903	0	scaffolding	Comments blanks preprocessor namespace or delimiter-only line
core/css/css_math_expression_node.h	904	906	3	pending	Remaining source logic: typed exponent arithmetic/simplification/extended functions/anchor/progress/random or unported primitive APIs; see exact source line
core/css/css_math_expression_node.h	907	907	0	scaffolding	Comments blanks preprocessor namespace or delimiter-only line
core/css/css_math_expression_node.h	908	909	2	pending	Remaining source logic: typed exponent arithmetic/simplification/extended functions/anchor/progress/random or unported primitive APIs; see exact source line
core/css/css_math_expression_node.h	910	910	0	scaffolding	Comments blanks preprocessor namespace or delimiter-only line
core/css/css_math_expression_node.h	911	913	3	pending	Remaining source logic: typed exponent arithmetic/simplification/extended functions/anchor/progress/random or unported primitive APIs; see exact source line
core/css/css_math_expression_node.h	914	914	0	scaffolding	Comments blanks preprocessor namespace or delimiter-only line
core/css/css_math_expression_node.h	915	925	11	pending	Remaining source logic: typed exponent arithmetic/simplification/extended functions/anchor/progress/random or unported primitive APIs; see exact source line
core/css/css_math_expression_node.h	926	926	0	scaffolding	Comments blanks preprocessor namespace or delimiter-only line
core/css/css_math_expression_node.h	927	928	2	pending	Remaining source logic: typed exponent arithmetic/simplification/extended functions/anchor/progress/random or unported primitive APIs; see exact source line
core/css/css_math_expression_node.h	929	929	0	scaffolding	Comments blanks preprocessor namespace or delimiter-only line
core/css/css_math_expression_node.h	930	933	4	pending	Remaining source logic: typed exponent arithmetic/simplification/extended functions/anchor/progress/random or unported primitive APIs; see exact source line
core/css/css_math_expression_node.h	934	935	0	scaffolding	Comments blanks preprocessor namespace or delimiter-only line
core/css/css_math_expression_node.h	936	938	3	pending	Remaining source logic: typed exponent arithmetic/simplification/extended functions/anchor/progress/random or unported primitive APIs; see exact source line
core/css/css_math_expression_node.h	939	939	0	scaffolding	Comments blanks preprocessor namespace or delimiter-only line
core/css/css_math_expression_node.h	940	942	3	pending	Remaining source logic: typed exponent arithmetic/simplification/extended functions/anchor/progress/random or unported primitive APIs; see exact source line
core/css/css_math_expression_node.h	943	944	0	scaffolding	Comments blanks preprocessor namespace or delimiter-only line
core/css/css_math_expression_node.h	945	948	4	pending	Remaining source logic: typed exponent arithmetic/simplification/extended functions/anchor/progress/random or unported primitive APIs; see exact source line
core/css/css_math_expression_node.h	949	952	0	scaffolding	Comments blanks preprocessor namespace or delimiter-only line
core/css/css_math_expression_node.h	953	959	7	pending	Remaining source logic: typed exponent arithmetic/simplification/extended functions/anchor/progress/random or unported primitive APIs; see exact source line
core/css/css_math_expression_node.h	960	960	0	scaffolding	Comments blanks preprocessor namespace or delimiter-only line
core/css/css_math_expression_node.h	961	963	3	pending	Remaining source logic: typed exponent arithmetic/simplification/extended functions/anchor/progress/random or unported primitive APIs; see exact source line
core/css/css_math_expression_node.h	964	965	0	scaffolding	Comments blanks preprocessor namespace or delimiter-only line
core/css/css_math_expression_node.h	966	967	2	pending	Remaining source logic: typed exponent arithmetic/simplification/extended functions/anchor/progress/random or unported primitive APIs; see exact source line
core/css/css_math_expression_node.h	968	972	0	scaffolding	Comments blanks preprocessor namespace or delimiter-only line
core/css/css_math_expression_node.h	973	973	1	pending	Remaining source logic: typed exponent arithmetic/simplification/extended functions/anchor/progress/random or unported primitive APIs; see exact source line
core/css/css_math_expression_node.h	974	974	0	scaffolding	Comments blanks preprocessor namespace or delimiter-only line
core/css/css_math_expression_node.h	975	978	4	pending	Remaining source logic: typed exponent arithmetic/simplification/extended functions/anchor/progress/random or unported primitive APIs; see exact source line
core/css/css_math_expression_node.h	979	979	0	scaffolding	Comments blanks preprocessor namespace or delimiter-only line
core/css/css_math_expression_node.h	980	981	2	pending	Remaining source logic: typed exponent arithmetic/simplification/extended functions/anchor/progress/random or unported primitive APIs; see exact source line
core/css/css_math_expression_node.h	982	982	0	scaffolding	Comments blanks preprocessor namespace or delimiter-only line
core/css/css_math_expression_node.h	983	984	2	pending	Remaining source logic: typed exponent arithmetic/simplification/extended functions/anchor/progress/random or unported primitive APIs; see exact source line
core/css/css_math_expression_node.h	985	985	0	scaffolding	Comments blanks preprocessor namespace or delimiter-only line
core/css/css_math_expression_node.h	986	988	3	pending	Remaining source logic: typed exponent arithmetic/simplification/extended functions/anchor/progress/random or unported primitive APIs; see exact source line
core/css/css_math_expression_node.h	989	989	0	scaffolding	Comments blanks preprocessor namespace or delimiter-only line
core/css/css_math_expression_node.h	990	992	3	pending	Remaining source logic: typed exponent arithmetic/simplification/extended functions/anchor/progress/random or unported primitive APIs; see exact source line
core/css/css_math_expression_node.h	993	993	0	scaffolding	Comments blanks preprocessor namespace or delimiter-only line
core/css/css_math_expression_node.h	994	996	3	pending	Remaining source logic: typed exponent arithmetic/simplification/extended functions/anchor/progress/random or unported primitive APIs; see exact source line
core/css/css_math_expression_node.h	997	997	0	scaffolding	Comments blanks preprocessor namespace or delimiter-only line
core/css/css_math_expression_node.h	998	1003	6	pending	Remaining source logic: typed exponent arithmetic/simplification/extended functions/anchor/progress/random or unported primitive APIs; see exact source line
core/css/css_math_expression_node.h	1004	1005	0	scaffolding	Comments blanks preprocessor namespace or delimiter-only line
core/css/css_math_expression_node.h	1006	1006	1	pending	Remaining source logic: typed exponent arithmetic/simplification/extended functions/anchor/progress/random or unported primitive APIs; see exact source line
core/css/css_math_expression_node.h	1007	1008	0	scaffolding	Comments blanks preprocessor namespace or delimiter-only line
core/css/css_math_expression_node.h	1009	1015	7	pending	Remaining source logic: typed exponent arithmetic/simplification/extended functions/anchor/progress/random or unported primitive APIs; see exact source line
core/css/css_math_expression_node.h	1016	1016	0	scaffolding	Comments blanks preprocessor namespace or delimiter-only line
core/css/css_math_expression_node.h	1017	1021	5	pending	Remaining source logic: typed exponent arithmetic/simplification/extended functions/anchor/progress/random or unported primitive APIs; see exact source line
core/css/css_math_expression_node.h	1022	1022	0	scaffolding	Comments blanks preprocessor namespace or delimiter-only line
core/css/css_math_expression_node.h	1023	1025	3	pending	Remaining source logic: typed exponent arithmetic/simplification/extended functions/anchor/progress/random or unported primitive APIs; see exact source line
core/css/css_math_expression_node.h	1026	1026	0	scaffolding	Comments blanks preprocessor namespace or delimiter-only line
core/css/css_math_expression_node.h	1027	1030	4	pending	Remaining source logic: typed exponent arithmetic/simplification/extended functions/anchor/progress/random or unported primitive APIs; see exact source line
core/css/css_math_expression_node.h	1031	1031	0	scaffolding	Comments blanks preprocessor namespace or delimiter-only line
core/css/css_math_expression_node.h	1032	1035	4	pending	Remaining source logic: typed exponent arithmetic/simplification/extended functions/anchor/progress/random or unported primitive APIs; see exact source line
core/css/css_math_expression_node.h	1036	1037	0	scaffolding	Comments blanks preprocessor namespace or delimiter-only line
core/css/css_math_expression_node.h	1038	1041	4	pending	Remaining source logic: typed exponent arithmetic/simplification/extended functions/anchor/progress/random or unported primitive APIs; see exact source line
core/css/css_math_expression_node.h	1042	1045	0	scaffolding	Comments blanks preprocessor namespace or delimiter-only line
core/css/css_math_expression_node.h	1046	1052	7	pending	Remaining source logic: typed exponent arithmetic/simplification/extended functions/anchor/progress/random or unported primitive APIs; see exact source line
core/css/css_math_expression_node.h	1053	1058	0	scaffolding	Comments blanks preprocessor namespace or delimiter-only line
core/css/css_math_expression_node.h	1059	1059	1	pending	Remaining source logic: typed exponent arithmetic/simplification/extended functions/anchor/progress/random or unported primitive APIs; see exact source line
core/css/css_math_expression_node.h	1060	1060	0	scaffolding	Comments blanks preprocessor namespace or delimiter-only line
core/css/css_math_expression_node.h	1061	1062	2	pending	Remaining source logic: typed exponent arithmetic/simplification/extended functions/anchor/progress/random or unported primitive APIs; see exact source line
core/css/css_math_expression_node.h	1063	1064	0	scaffolding	Comments blanks preprocessor namespace or delimiter-only line
core/css/css_math_expression_node.h	1065	1065	1	pending	Remaining source logic: typed exponent arithmetic/simplification/extended functions/anchor/progress/random or unported primitive APIs; see exact source line
core/css/css_math_expression_node.h	1066	1066	0	scaffolding	Comments blanks preprocessor namespace or delimiter-only line
core/css/css_math_expression_node.h	1067	1069	3	pending	Remaining source logic: typed exponent arithmetic/simplification/extended functions/anchor/progress/random or unported primitive APIs; see exact source line
core/css/css_math_expression_node.h	1070	1070	0	scaffolding	Comments blanks preprocessor namespace or delimiter-only line
core/css/css_math_expression_node.h	1071	1072	2	pending	Remaining source logic: typed exponent arithmetic/simplification/extended functions/anchor/progress/random or unported primitive APIs; see exact source line
core/css/css_math_expression_node.h	1073	1073	0	scaffolding	Comments blanks preprocessor namespace or delimiter-only line
core/css/css_math_expression_node.h	1074	1075	2	pending	Remaining source logic: typed exponent arithmetic/simplification/extended functions/anchor/progress/random or unported primitive APIs; see exact source line
core/css/css_math_expression_node.h	1076	1076	0	scaffolding	Comments blanks preprocessor namespace or delimiter-only line
core/css/css_math_expression_node.h	1077	1081	5	pending	Remaining source logic: typed exponent arithmetic/simplification/extended functions/anchor/progress/random or unported primitive APIs; see exact source line
core/css/css_math_expression_node.h	1082	1082	0	scaffolding	Comments blanks preprocessor namespace or delimiter-only line
core/css/css_math_expression_node.h	1083	1085	3	pending	Remaining source logic: typed exponent arithmetic/simplification/extended functions/anchor/progress/random or unported primitive APIs; see exact source line
core/css/css_math_expression_node.h	1086	1086	0	scaffolding	Comments blanks preprocessor namespace or delimiter-only line
core/css/css_math_expression_node.h	1087	1092	6	pending	Remaining source logic: typed exponent arithmetic/simplification/extended functions/anchor/progress/random or unported primitive APIs; see exact source line
core/css/css_math_expression_node.h	1093	1093	0	scaffolding	Comments blanks preprocessor namespace or delimiter-only line
core/css/css_math_expression_node.h	1094	1095	2	pending	Remaining source logic: typed exponent arithmetic/simplification/extended functions/anchor/progress/random or unported primitive APIs; see exact source line
core/css/css_math_expression_node.h	1096	1096	0	scaffolding	Comments blanks preprocessor namespace or delimiter-only line
core/css/css_math_expression_node.h	1097	1102	6	pending	Remaining source logic: typed exponent arithmetic/simplification/extended functions/anchor/progress/random or unported primitive APIs; see exact source line
core/css/css_math_expression_node.h	1103	1103	0	scaffolding	Comments blanks preprocessor namespace or delimiter-only line
core/css/css_math_expression_node.h	1104	1108	5	pending	Remaining source logic: typed exponent arithmetic/simplification/extended functions/anchor/progress/random or unported primitive APIs; see exact source line
core/css/css_math_expression_node.h	1109	1110	0	scaffolding	Comments blanks preprocessor namespace or delimiter-only line
core/css/css_math_expression_node.h	1111	1112	2	pending	Remaining source logic: typed exponent arithmetic/simplification/extended functions/anchor/progress/random or unported primitive APIs; see exact source line
core/css/css_math_expression_node.h	1113	1114	0	scaffolding	Comments blanks preprocessor namespace or delimiter-only line
core/css/css_math_expression_node.h	1115	1115	1	pending	Remaining source logic: typed exponent arithmetic/simplification/extended functions/anchor/progress/random or unported primitive APIs; see exact source line
core/css/css_math_expression_node.h	1116	1116	0	scaffolding	Comments blanks preprocessor namespace or delimiter-only line
core/css/css_math_expression_node.h	1117	1119	3	pending	Remaining source logic: typed exponent arithmetic/simplification/extended functions/anchor/progress/random or unported primitive APIs; see exact source line
core/css/css_math_expression_node.h	1120	1120	0	scaffolding	Comments blanks preprocessor namespace or delimiter-only line
core/css/css_math_expression_node.h	1121	1124	4	pending	Remaining source logic: typed exponent arithmetic/simplification/extended functions/anchor/progress/random or unported primitive APIs; see exact source line
core/css/css_math_expression_node.h	1125	1125	0	scaffolding	Comments blanks preprocessor namespace or delimiter-only line
core/css/css_math_expression_node.h	1126	1126	1	pending	Remaining source logic: typed exponent arithmetic/simplification/extended functions/anchor/progress/random or unported primitive APIs; see exact source line
core/css/css_math_expression_node.h	1127	1128	0	scaffolding	Comments blanks preprocessor namespace or delimiter-only line
core/css/css_math_expression_node.h	1129	1132	4	pending	Remaining source logic: typed exponent arithmetic/simplification/extended functions/anchor/progress/random or unported primitive APIs; see exact source line
core/css/css_math_expression_node.h	1133	1137	0	scaffolding	Comments blanks preprocessor namespace or delimiter-only line
core/css/css_math_expression_node.h	1138	1144	7	pending	Remaining source logic: typed exponent arithmetic/simplification/extended functions/anchor/progress/random or unported primitive APIs; see exact source line
core/css/css_math_expression_node.h	1145	1145	0	scaffolding	Comments blanks preprocessor namespace or delimiter-only line
core/css/css_math_expression_node.h	1146	1153	8	pending	Remaining source logic: typed exponent arithmetic/simplification/extended functions/anchor/progress/random or unported primitive APIs; see exact source line
core/css/css_math_expression_node.h	1154	1154	0	scaffolding	Comments blanks preprocessor namespace or delimiter-only line
core/css/css_math_expression_node.h	1155	1157	3	pending	Remaining source logic: typed exponent arithmetic/simplification/extended functions/anchor/progress/random or unported primitive APIs; see exact source line
core/css/css_math_expression_node.h	1158	1161	0	scaffolding	Comments blanks preprocessor namespace or delimiter-only line
core/css/css_math_expression_node.h	1162	1162	1	pending	Remaining source logic: typed exponent arithmetic/simplification/extended functions/anchor/progress/random or unported primitive APIs; see exact source line
core/css/css_math_expression_node.h	1163	1163	0	scaffolding	Comments blanks preprocessor namespace or delimiter-only line
core/css/css_math_expression_node.h	1164	1166	3	pending	Remaining source logic: typed exponent arithmetic/simplification/extended functions/anchor/progress/random or unported primitive APIs; see exact source line
core/css/css_math_expression_node.h	1167	1167	0	scaffolding	Comments blanks preprocessor namespace or delimiter-only line
core/css/css_math_expression_node.h	1168	1168	1	pending	Remaining source logic: typed exponent arithmetic/simplification/extended functions/anchor/progress/random or unported primitive APIs; see exact source line
core/css/css_math_expression_node.h	1169	1174	0	scaffolding	Comments blanks preprocessor namespace or delimiter-only line
core/css/css_math_expression_node.h	1175	1186	12	pending	Remaining source logic: typed exponent arithmetic/simplification/extended functions/anchor/progress/random or unported primitive APIs; see exact source line
core/css/css_math_expression_node.h	1187	1187	0	scaffolding	Comments blanks preprocessor namespace or delimiter-only line
core/css/css_math_expression_node.h	1188	1191	4	pending	Remaining source logic: typed exponent arithmetic/simplification/extended functions/anchor/progress/random or unported primitive APIs; see exact source line
core/css/css_math_expression_node.h	1192	1192	0	scaffolding	Comments blanks preprocessor namespace or delimiter-only line
core/css/css_math_expression_node.h	1193	1195	3	pending	Remaining source logic: typed exponent arithmetic/simplification/extended functions/anchor/progress/random or unported primitive APIs; see exact source line
core/css/css_math_expression_node.h	1196	1196	0	scaffolding	Comments blanks preprocessor namespace or delimiter-only line
core/css/css_math_expression_node.h	1197	1197	1	pending	Remaining source logic: typed exponent arithmetic/simplification/extended functions/anchor/progress/random or unported primitive APIs; see exact source line
core/css/css_math_expression_node.h	1198	1198	0	scaffolding	Comments blanks preprocessor namespace or delimiter-only line
core/css/css_math_expression_node.h	1199	1201	3	pending	Remaining source logic: typed exponent arithmetic/simplification/extended functions/anchor/progress/random or unported primitive APIs; see exact source line
core/css/css_math_expression_node.h	1202	1202	0	scaffolding	Comments blanks preprocessor namespace or delimiter-only line
core/css/css_math_expression_node.h	1203	1203	1	pending	Remaining source logic: typed exponent arithmetic/simplification/extended functions/anchor/progress/random or unported primitive APIs; see exact source line
core/css/css_math_expression_node.h	1204	1204	0	scaffolding	Comments blanks preprocessor namespace or delimiter-only line
core/css/css_math_expression_node.h	1205	1205	1	pending	Remaining source logic: typed exponent arithmetic/simplification/extended functions/anchor/progress/random or unported primitive APIs; see exact source line
core/css/css_math_expression_node.h	1206	1207	0	scaffolding	Comments blanks preprocessor namespace or delimiter-only line
core/css/css_math_expression_node.h	1208	1208	1	pending	Remaining source logic: typed exponent arithmetic/simplification/extended functions/anchor/progress/random or unported primitive APIs; see exact source line
core/css/css_math_expression_node.h	1209	1209	0	scaffolding	Comments blanks preprocessor namespace or delimiter-only line
core/css/css_math_expression_node.h	1210	1211	2	pending	Remaining source logic: typed exponent arithmetic/simplification/extended functions/anchor/progress/random or unported primitive APIs; see exact source line
core/css/css_math_expression_node.h	1212	1212	0	scaffolding	Comments blanks preprocessor namespace or delimiter-only line
core/css/css_math_expression_node.h	1213	1213	1	pending	Remaining source logic: typed exponent arithmetic/simplification/extended functions/anchor/progress/random or unported primitive APIs; see exact source line
core/css/css_math_expression_node.h	1214	1218	0	scaffolding	Comments blanks preprocessor namespace or delimiter-only line
core/css/css_math_expression_node.h	1219	1221	3	pending	Remaining source logic: typed exponent arithmetic/simplification/extended functions/anchor/progress/random or unported primitive APIs; see exact source line
core/css/css_math_expression_node.h	1222	1226	0	scaffolding	Comments blanks preprocessor namespace or delimiter-only line
core/css/css_math_expression_node.h	1227	1234	8	pending	Remaining source logic: typed exponent arithmetic/simplification/extended functions/anchor/progress/random or unported primitive APIs; see exact source line
core/css/css_math_expression_node.h	1235	1240	0	scaffolding	Comments blanks preprocessor namespace or delimiter-only line
core/css/css_math_expression_node.h	1241	1244	4	pending	Remaining source logic: typed exponent arithmetic/simplification/extended functions/anchor/progress/random or unported primitive APIs; see exact source line
core/css/css_math_expression_node.h	1245	1245	0	scaffolding	Comments blanks preprocessor namespace or delimiter-only line
core/css/css_math_expression_node.h	1246	1251	6	pending	Remaining source logic: typed exponent arithmetic/simplification/extended functions/anchor/progress/random or unported primitive APIs; see exact source line
core/css/css_math_expression_node.h	1252	1252	0	scaffolding	Comments blanks preprocessor namespace or delimiter-only line
core/css/css_math_expression_node.h	1253	1255	3	pending	Remaining source logic: typed exponent arithmetic/simplification/extended functions/anchor/progress/random or unported primitive APIs; see exact source line
core/css/css_math_expression_node.h	1256	1256	0	scaffolding	Comments blanks preprocessor namespace or delimiter-only line
core/css/css_math_expression_node.h	1257	1263	7	pending	Remaining source logic: typed exponent arithmetic/simplification/extended functions/anchor/progress/random or unported primitive APIs; see exact source line
core/css/css_math_expression_node.h	1264	1264	0	scaffolding	Comments blanks preprocessor namespace or delimiter-only line
core/css/css_math_expression_node.h	1265	1271	7	pending	Remaining source logic: typed exponent arithmetic/simplification/extended functions/anchor/progress/random or unported primitive APIs; see exact source line
core/css/css_math_expression_node.h	1272	1275	0	scaffolding	Comments blanks preprocessor namespace or delimiter-only line
core/css/css_math_expression_node.h	1276	1290	15	pending	Remaining source logic: typed exponent arithmetic/simplification/extended functions/anchor/progress/random or unported primitive APIs; see exact source line
core/css/css_math_expression_node.h	1291	1291	0	scaffolding	Comments blanks preprocessor namespace or delimiter-only line
core/css/css_math_expression_node.h	1292	1294	3	pending	Remaining source logic: typed exponent arithmetic/simplification/extended functions/anchor/progress/random or unported primitive APIs; see exact source line
core/css/css_math_expression_node.h	1295	1295	0	scaffolding	Comments blanks preprocessor namespace or delimiter-only line
core/css/css_math_expression_node.h	1296	1300	5	pending	Remaining source logic: typed exponent arithmetic/simplification/extended functions/anchor/progress/random or unported primitive APIs; see exact source line
core/css/css_math_expression_node.h	1301	1302	0	scaffolding	Comments blanks preprocessor namespace or delimiter-only line
core/css/css_math_expression_node.h	1303	1306	4	pending	Remaining source logic: typed exponent arithmetic/simplification/extended functions/anchor/progress/random or unported primitive APIs; see exact source line
core/css/css_math_expression_node.h	1307	1312	0	scaffolding	Comments blanks preprocessor namespace or delimiter-only line
core/css/css_math_function_value.cc	1	17	0	scaffolding	Comments blanks preprocessor namespace or delimiter-only line
core/css/css_math_function_value.cc	18	20	3	pending	Remaining source logic: typed exponent arithmetic/simplification/extended functions/anchor/progress/random or unported primitive APIs; see exact source line
core/css/css_math_function_value.cc	21	21	0	scaffolding	Comments blanks preprocessor namespace or delimiter-only line
core/css/css_math_function_value.cc	22	22	1	pending	Remaining source logic: typed exponent arithmetic/simplification/extended functions/anchor/progress/random or unported primitive APIs; see exact source line
core/css/css_math_function_value.cc	23	23	0	scaffolding	Comments blanks preprocessor namespace or delimiter-only line
core/css/css_math_function_value.cc	24	26	3	omitted	GC Trace replaced by owned Rust expression
core/css/css_math_function_value.cc	27	28	0	scaffolding	Comments blanks preprocessor namespace or delimiter-only line
core/css/css_math_function_value.cc	29	35	7	mapped	css_math_function_value.rs Create and CSSValuePayload::kMathFunctionClass; supported nodes already scoped
core/css/css_math_function_value.cc	36	38	0	scaffolding	Comments blanks preprocessor namespace or delimiter-only line
core/css/css_math_function_value.cc	39	43	5	mapped	css_math_function_value.rs Create and CSSValuePayload::kMathFunctionClass; supported nodes already scoped
core/css/css_math_function_value.cc	44	44	0	scaffolding	Comments blanks preprocessor namespace or delimiter-only line
core/css/css_math_function_value.cc	45	45	1	mapped	css_math_function_value.rs Create and CSSValuePayload::kMathFunctionClass; supported nodes already scoped
core/css/css_math_function_value.cc	46	48	0	scaffolding	Comments blanks preprocessor namespace or delimiter-only line
core/css/css_math_function_value.cc	49	55	7	pending	Remaining source logic: typed exponent arithmetic/simplification/extended functions/anchor/progress/random or unported primitive APIs; see exact source line
core/css/css_math_function_value.cc	56	57	0	scaffolding	Comments blanks preprocessor namespace or delimiter-only line
core/css/css_math_function_value.cc	58	59	2	pending	Remaining source logic: typed exponent arithmetic/simplification/extended functions/anchor/progress/random or unported primitive APIs; see exact source line
core/css/css_math_function_value.cc	60	61	0	scaffolding	Comments blanks preprocessor namespace or delimiter-only line
core/css/css_math_function_value.cc	62	65	4	mapped	css_math_function_value.rs ComputeValue/ClampToPermittedRange; resolver category checks precede generic computation
core/css/css_math_function_value.cc	66	67	0	scaffolding	Comments blanks preprocessor namespace or delimiter-only line
core/css/css_math_function_value.cc	68	71	4	mapped	css_math_function_value.rs ComputeValue/ClampToPermittedRange; resolver category checks precede generic computation
core/css/css_math_function_value.cc	72	73	0	scaffolding	Comments blanks preprocessor namespace or delimiter-only line
core/css/css_math_function_value.cc	74	77	4	mapped	css_math_function_value.rs ComputeValue/ClampToPermittedRange; resolver category checks precede generic computation
core/css/css_math_function_value.cc	78	79	0	scaffolding	Comments blanks preprocessor namespace or delimiter-only line
core/css/css_math_function_value.cc	80	81	2	mapped	css_math_function_value.rs ComputeValue/ClampToPermittedRange; resolver category checks precede generic computation
core/css/css_math_function_value.cc	82	83	0	scaffolding	Comments blanks preprocessor namespace or delimiter-only line
core/css/css_math_function_value.cc	84	86	3	mapped	css_math_function_value.rs ComputeValue/ClampToPermittedRange; resolver category checks precede generic computation
core/css/css_math_function_value.cc	87	88	0	scaffolding	Comments blanks preprocessor namespace or delimiter-only line
core/css/css_math_function_value.cc	89	90	2	mapped	css_math_function_value.rs ComputeValue/ClampToPermittedRange; resolver category checks precede generic computation
core/css/css_math_function_value.cc	91	92	0	scaffolding	Comments blanks preprocessor namespace or delimiter-only line
core/css/css_math_function_value.cc	93	96	4	mapped	css_math_function_value.rs ComputeValue/ClampToPermittedRange; resolver category checks precede generic computation
core/css/css_math_function_value.cc	97	98	0	scaffolding	Comments blanks preprocessor namespace or delimiter-only line
core/css/css_math_function_value.cc	99	101	3	mapped	css_math_function_value.rs ComputeValue/ClampToPermittedRange; resolver category checks precede generic computation
core/css/css_math_function_value.cc	102	103	0	scaffolding	Comments blanks preprocessor namespace or delimiter-only line
core/css/css_math_function_value.cc	104	106	3	mapped	css_math_function_value.rs ComputeValue/ClampToPermittedRange; resolver category checks precede generic computation
core/css/css_math_function_value.cc	107	107	0	scaffolding	Comments blanks preprocessor namespace or delimiter-only line
core/css/css_math_function_value.cc	108	111	4	mapped	css_math_function_value.rs ComputeValue/ClampToPermittedRange; resolver category checks precede generic computation
core/css/css_math_function_value.cc	112	112	0	scaffolding	Comments blanks preprocessor namespace or delimiter-only line
core/css/css_math_function_value.cc	113	113	1	mapped	css_math_function_value.rs ComputeValue/ClampToPermittedRange; resolver category checks precede generic computation
core/css/css_math_function_value.cc	114	115	0	scaffolding	Comments blanks preprocessor namespace or delimiter-only line
core/css/css_math_function_value.cc	116	117	2	mapped	css_math_function_value.rs ComputeValue/ClampToPermittedRange; resolver category checks precede generic computation
core/css/css_math_function_value.cc	118	119	0	scaffolding	Comments blanks preprocessor namespace or delimiter-only line
core/css/css_math_function_value.cc	120	123	4	mapped	css_math_function_value.rs ComputeValue/ClampToPermittedRange; resolver category checks precede generic computation
core/css/css_math_function_value.cc	124	125	0	scaffolding	Comments blanks preprocessor namespace or delimiter-only line
core/css/css_math_function_value.cc	126	127	2	mapped	css_math_function_value.rs ComputeValue/ClampToPermittedRange; resolver category checks precede generic computation
core/css/css_math_function_value.cc	128	129	0	scaffolding	Comments blanks preprocessor namespace or delimiter-only line
core/css/css_math_function_value.cc	130	134	5	mapped	css_math_function_value.rs ComputeValue/ClampToPermittedRange; resolver category checks precede generic computation
core/css/css_math_function_value.cc	135	136	0	scaffolding	Comments blanks preprocessor namespace or delimiter-only line
core/css/css_math_function_value.cc	137	137	1	mapped	css_math_function_value.rs ComputeValue/ClampToPermittedRange; resolver category checks precede generic computation
core/css/css_math_function_value.cc	138	140	3	pending	Remaining source logic: typed exponent arithmetic/simplification/extended functions/anchor/progress/random or unported primitive APIs; see exact source line
core/css/css_math_function_value.cc	141	141	0	scaffolding	Comments blanks preprocessor namespace or delimiter-only line
core/css/css_math_function_value.cc	142	142	1	pending	Remaining source logic: typed exponent arithmetic/simplification/extended functions/anchor/progress/random or unported primitive APIs; see exact source line
core/css/css_math_function_value.cc	143	144	0	scaffolding	Comments blanks preprocessor namespace or delimiter-only line
core/css/css_math_function_value.cc	145	147	3	pending	Remaining source logic: typed exponent arithmetic/simplification/extended functions/anchor/progress/random or unported primitive APIs; see exact source line
core/css/css_math_function_value.cc	148	149	0	scaffolding	Comments blanks preprocessor namespace or delimiter-only line
core/css/css_math_function_value.cc	150	153	4	mapped	css_math_function_value.rs ConvertToLength/CustomCSSText and native CalculationValue; source canonical tree simplification remains pending
core/css/css_math_function_value.cc	154	154	0	scaffolding	Comments blanks preprocessor namespace or delimiter-only line
core/css/css_math_function_value.cc	155	155	1	mapped	css_math_function_value.rs ConvertToLength/CustomCSSText and native CalculationValue; source canonical tree simplification remains pending
core/css/css_math_function_value.cc	156	157	0	scaffolding	Comments blanks preprocessor namespace or delimiter-only line
core/css/css_math_function_value.cc	158	160	3	mapped	css_math_function_value.rs ConvertToLength/CustomCSSText and native CalculationValue; source canonical tree simplification remains pending
core/css/css_math_function_value.cc	161	164	0	scaffolding	Comments blanks preprocessor namespace or delimiter-only line
core/css/css_math_function_value.cc	165	171	7	mapped	css_math_function_value.rs ConvertToLength/CustomCSSText and native CalculationValue; source canonical tree simplification remains pending
core/css/css_math_function_value.cc	172	172	0	scaffolding	Comments blanks preprocessor namespace or delimiter-only line
core/css/css_math_function_value.cc	173	173	1	mapped	css_math_function_value.rs ConvertToLength/CustomCSSText and native CalculationValue; source canonical tree simplification remains pending
core/css/css_math_function_value.cc	174	175	0	scaffolding	Comments blanks preprocessor namespace or delimiter-only line
core/css/css_math_function_value.cc	176	178	3	mapped	css_math_function_value.rs ConvertToLength/CustomCSSText and native CalculationValue; source canonical tree simplification remains pending
core/css/css_math_function_value.cc	179	180	0	scaffolding	Comments blanks preprocessor namespace or delimiter-only line
core/css/css_math_function_value.cc	181	181	1	mapped	css_math_function_value.rs ConvertToLength/CustomCSSText and native CalculationValue; source canonical tree simplification remains pending
core/css/css_math_function_value.cc	182	182	0	scaffolding	Comments blanks preprocessor namespace or delimiter-only line
core/css/css_math_function_value.cc	183	183	1	mapped	css_math_function_value.rs ConvertToLength/CustomCSSText and native CalculationValue; source canonical tree simplification remains pending
core/css/css_math_function_value.cc	184	185	0	scaffolding	Comments blanks preprocessor namespace or delimiter-only line
core/css/css_math_function_value.cc	186	187	2	mapped	css_math_function_value.rs Equals and ValueRange computation/clamp
core/css/css_math_function_value.cc	188	189	0	scaffolding	Comments blanks preprocessor namespace or delimiter-only line
core/css/css_math_function_value.cc	190	202	13	mapped	css_math_function_value.rs Equals and ValueRange computation/clamp
core/css/css_math_function_value.cc	203	205	0	scaffolding	Comments blanks preprocessor namespace or delimiter-only line
core/css/css_math_function_value.cc	206	206	1	pending	Remaining source logic: typed exponent arithmetic/simplification/extended functions/anchor/progress/random or unported primitive APIs; see exact source line
core/css/css_math_function_value.cc	207	208	0	scaffolding	Comments blanks preprocessor namespace or delimiter-only line
core/css/css_math_function_value.cc	209	209	1	pending	Remaining source logic: typed exponent arithmetic/simplification/extended functions/anchor/progress/random or unported primitive APIs; see exact source line
core/css/css_math_function_value.cc	210	211	0	scaffolding	Comments blanks preprocessor namespace or delimiter-only line
core/css/css_math_function_value.cc	212	213	2	pending	Remaining source logic: typed exponent arithmetic/simplification/extended functions/anchor/progress/random or unported primitive APIs; see exact source line
core/css/css_math_function_value.cc	214	215	0	scaffolding	Comments blanks preprocessor namespace or delimiter-only line
core/css/css_math_function_value.cc	216	217	2	pending	Remaining source logic: typed exponent arithmetic/simplification/extended functions/anchor/progress/random or unported primitive APIs; see exact source line
core/css/css_math_function_value.cc	218	219	0	scaffolding	Comments blanks preprocessor namespace or delimiter-only line
core/css/css_math_function_value.cc	220	231	12	mapped	css_math_function_value.rs ConvertToLength native CalculationValue for mixed length/percent; negative-percentage-reference consumer remains pending
core/css/css_math_function_value.cc	232	233	0	scaffolding	Comments blanks preprocessor namespace or delimiter-only line
core/css/css_math_function_value.cc	234	238	5	pending	Remaining source logic: typed exponent arithmetic/simplification/extended functions/anchor/progress/random or unported primitive APIs; see exact source line
core/css/css_math_function_value.cc	239	240	0	scaffolding	Comments blanks preprocessor namespace or delimiter-only line
core/css/css_math_function_value.cc	241	249	9	pending	Remaining source logic: typed exponent arithmetic/simplification/extended functions/anchor/progress/random or unported primitive APIs; see exact source line
core/css/css_math_function_value.cc	250	250	0	scaffolding	Comments blanks preprocessor namespace or delimiter-only line
core/css/css_math_function_value.cc	251	251	1	pending	Remaining source logic: typed exponent arithmetic/simplification/extended functions/anchor/progress/random or unported primitive APIs; see exact source line
core/css/css_math_function_value.cc	252	254	0	scaffolding	Comments blanks preprocessor namespace or delimiter-only line
core/css/css_math_function_value.h	1	13	0	scaffolding	Comments blanks preprocessor namespace or delimiter-only line
core/css/css_math_function_value.h	14	15	2	pending	Remaining source logic: typed exponent arithmetic/simplification/extended functions/anchor/progress/random or unported primitive APIs; see exact source line
core/css/css_math_function_value.h	16	19	0	scaffolding	Comments blanks preprocessor namespace or delimiter-only line
core/css/css_math_function_value.h	20	20	1	mapped	css_math_function_value.rs typed class
core/css/css_math_function_value.h	21	22	2	pending	Remaining source logic: typed exponent arithmetic/simplification/extended functions/anchor/progress/random or unported primitive APIs; see exact source line
core/css/css_math_function_value.h	23	24	2	mapped	css_math_function_value.rs Create/expression fields; Rust owned tree
core/css/css_math_function_value.h	25	25	0	scaffolding	Comments blanks preprocessor namespace or delimiter-only line
core/css/css_math_function_value.h	26	27	2	mapped	css_math_function_value.rs Create/expression fields; Rust owned tree
core/css/css_math_function_value.h	28	28	0	scaffolding	Comments blanks preprocessor namespace or delimiter-only line
core/css/css_math_function_value.h	29	30	2	mapped	css_math_function_value.rs Create/expression fields; Rust owned tree
core/css/css_math_function_value.h	31	32	0	scaffolding	Comments blanks preprocessor namespace or delimiter-only line
core/css/css_math_function_value.h	33	33	1	pending	Remaining source logic: typed exponent arithmetic/simplification/extended functions/anchor/progress/random or unported primitive APIs; see exact source line
core/css/css_math_function_value.h	34	34	0	scaffolding	Comments blanks preprocessor namespace or delimiter-only line
core/css/css_math_function_value.h	35	35	1	pending	Remaining source logic: typed exponent arithmetic/simplification/extended functions/anchor/progress/random or unported primitive APIs; see exact source line
core/css/css_math_function_value.h	36	36	0	scaffolding	Comments blanks preprocessor namespace or delimiter-only line
core/css/css_math_function_value.h	37	37	1	mapped	css_math_function_value.rs Category/range; production category consumers use typed enum
core/css/css_math_function_value.h	38	38	0	scaffolding	Comments blanks preprocessor namespace or delimiter-only line
core/css/css_math_function_value.h	39	44	6	mapped	css_math_function_value.rs Category/range; production category consumers use typed enum
core/css/css_math_function_value.h	45	45	0	scaffolding	Comments blanks preprocessor namespace or delimiter-only line
core/css/css_math_function_value.h	46	46	1	mapped	css_math_function_value.rs Category/range; production category consumers use typed enum
core/css/css_math_function_value.h	47	47	0	scaffolding	Comments blanks preprocessor namespace or delimiter-only line
core/css/css_math_function_value.h	48	49	2	mapped	css_math_function_value.rs Category/range; production category consumers use typed enum
core/css/css_math_function_value.h	50	56	0	scaffolding	Comments blanks preprocessor namespace or delimiter-only line
core/css/css_math_function_value.h	57	58	2	pending	Remaining source logic: typed exponent arithmetic/simplification/extended functions/anchor/progress/random or unported primitive APIs; see exact source line
core/css/css_math_function_value.h	59	59	0	scaffolding	Comments blanks preprocessor namespace or delimiter-only line
core/css/css_math_function_value.h	60	60	1	pending	Remaining source logic: typed exponent arithmetic/simplification/extended functions/anchor/progress/random or unported primitive APIs; see exact source line
core/css/css_math_function_value.h	61	64	0	scaffolding	Comments blanks preprocessor namespace or delimiter-only line
core/css/css_math_function_value.h	65	65	1	pending	Remaining source logic: typed exponent arithmetic/simplification/extended functions/anchor/progress/random or unported primitive APIs; see exact source line
core/css/css_math_function_value.h	66	67	0	scaffolding	Comments blanks preprocessor namespace or delimiter-only line
core/css/css_math_function_value.h	68	69	2	pending	Remaining source logic: typed exponent arithmetic/simplification/extended functions/anchor/progress/random or unported primitive APIs; see exact source line
core/css/css_math_function_value.h	70	70	0	scaffolding	Comments blanks preprocessor namespace or delimiter-only line
core/css/css_math_function_value.h	71	79	9	mapped	css_math_function_value.rs generic ComputeValue over typed categories; scalar wrappers share operation
core/css/css_math_function_value.h	80	80	0	scaffolding	Comments blanks preprocessor namespace or delimiter-only line
core/css/css_math_function_value.h	81	83	3	pending	Remaining source logic: typed exponent arithmetic/simplification/extended functions/anchor/progress/random or unported primitive APIs; see exact source line
core/css/css_math_function_value.h	84	84	0	scaffolding	Comments blanks preprocessor namespace or delimiter-only line
core/css/css_math_function_value.h	85	86	2	pending	Remaining source logic: typed exponent arithmetic/simplification/extended functions/anchor/progress/random or unported primitive APIs; see exact source line
core/css/css_math_function_value.h	87	88	0	scaffolding	Comments blanks preprocessor namespace or delimiter-only line
core/css/css_math_function_value.h	89	89	1	pending	Remaining source logic: typed exponent arithmetic/simplification/extended functions/anchor/progress/random or unported primitive APIs; see exact source line
core/css/css_math_function_value.h	90	90	1	mapped	css_math_function_value.rs CSSValueSubclass
core/css/css_math_function_value.h	91	91	0	scaffolding	Comments blanks preprocessor namespace or delimiter-only line
core/css/css_math_function_value.h	92	92	1	pending	Remaining source logic: typed exponent arithmetic/simplification/extended functions/anchor/progress/random or unported primitive APIs; see exact source line
core/css/css_math_function_value.h	93	98	0	scaffolding	Comments blanks preprocessor namespace or delimiter-only line
core/css/css_math_function_value.h	99	99	1	pending	Remaining source logic: typed exponent arithmetic/simplification/extended functions/anchor/progress/random or unported primitive APIs; see exact source line
core/css/css_math_function_value.h	100	106	0	scaffolding	Comments blanks preprocessor namespace or delimiter-only line
core/css/css_math_function_value.h	107	109	3	pending	Remaining source logic: typed exponent arithmetic/simplification/extended functions/anchor/progress/random or unported primitive APIs; see exact source line
core/css/css_math_function_value.h	110	111	0	scaffolding	Comments blanks preprocessor namespace or delimiter-only line
core/css/css_math_function_value.h	112	112	1	pending	Remaining source logic: typed exponent arithmetic/simplification/extended functions/anchor/progress/random or unported primitive APIs; see exact source line
core/css/css_math_function_value.h	113	123	0	scaffolding	Comments blanks preprocessor namespace or delimiter-only line
core/css/css_math_function_value.h	124	127	4	pending	Remaining source logic: typed exponent arithmetic/simplification/extended functions/anchor/progress/random or unported primitive APIs; see exact source line
core/css/css_math_function_value.h	128	128	0	scaffolding	Comments blanks preprocessor namespace or delimiter-only line
core/css/css_math_function_value.h	129	130	2	mapped	css_math_function_value.rs CSSValueRandom; random function constructor remains unsupported
core/css/css_math_function_value.h	131	132	0	scaffolding	Comments blanks preprocessor namespace or delimiter-only line
core/css/css_math_function_value.h	133	133	1	omitted	GC trace replaced by owned Rust tree
core/css/css_math_function_value.h	134	134	0	scaffolding	Comments blanks preprocessor namespace or delimiter-only line
core/css/css_math_function_value.h	135	135	1	pending	Remaining source logic: typed exponent arithmetic/simplification/extended functions/anchor/progress/random or unported primitive APIs; see exact source line
core/css/css_math_function_value.h	136	136	1	mapped	css_math_function_value.rs range/tree fields
core/css/css_math_function_value.h	137	137	0	scaffolding	Comments blanks preprocessor namespace or delimiter-only line
core/css/css_math_function_value.h	138	139	2	mapped	css_math_function_value.rs range/tree fields
core/css/css_math_function_value.h	140	141	0	scaffolding	Comments blanks preprocessor namespace or delimiter-only line
core/css/css_math_function_value.h	142	145	4	mapped	css_value.rs typed payload downcast
core/css/css_math_function_value.h	146	151	0	scaffolding	Comments blanks preprocessor namespace or delimiter-only line
platform/geometry/calculation_value.cc	1	14	0	scaffolding	Comments blanks preprocessor namespace or delimiter-only line
platform/geometry/calculation_value.cc	15	22	8	mapped	existing foundation::CalculationValue constructors/CreateSimplified delegated by CSSMathFunctionValue
platform/geometry/calculation_value.cc	23	23	0	scaffolding	Comments blanks preprocessor namespace or delimiter-only line
platform/geometry/calculation_value.cc	24	24	1	mapped	existing foundation::CalculationValue constructors/CreateSimplified delegated by CSSMathFunctionValue
platform/geometry/calculation_value.cc	25	26	0	scaffolding	Comments blanks preprocessor namespace or delimiter-only line
platform/geometry/calculation_value.cc	27	32	6	mapped	existing foundation::CalculationValue constructors/CreateSimplified delegated by CSSMathFunctionValue
platform/geometry/calculation_value.cc	33	34	0	scaffolding	Comments blanks preprocessor namespace or delimiter-only line
platform/geometry/calculation_value.cc	35	35	1	omitted	Rust Arc/Drop replace source GC destructor/Trace
platform/geometry/calculation_value.cc	36	36	0	scaffolding	Comments blanks preprocessor namespace or delimiter-only line
platform/geometry/calculation_value.cc	37	38	2	omitted	Rust Arc/Drop replace source GC destructor/Trace
platform/geometry/calculation_value.cc	39	40	0	scaffolding	Comments blanks preprocessor namespace or delimiter-only line
platform/geometry/calculation_value.cc	41	44	4	mapped	existing foundation::CalculationValue Evaluate/Blend/Zoom/query APIs; production mixed-percent path now delegates
platform/geometry/calculation_value.cc	45	45	0	scaffolding	Comments blanks preprocessor namespace or delimiter-only line
platform/geometry/calculation_value.cc	46	47	2	mapped	existing foundation::CalculationValue Evaluate/Blend/Zoom/query APIs; production mixed-percent path now delegates
platform/geometry/calculation_value.cc	48	48	0	scaffolding	Comments blanks preprocessor namespace or delimiter-only line
platform/geometry/calculation_value.cc	49	50	2	mapped	existing foundation::CalculationValue Evaluate/Blend/Zoom/query APIs; production mixed-percent path now delegates
platform/geometry/calculation_value.cc	51	51	0	scaffolding	Comments blanks preprocessor namespace or delimiter-only line
platform/geometry/calculation_value.cc	52	52	1	mapped	existing foundation::CalculationValue Evaluate/Blend/Zoom/query APIs; production mixed-percent path now delegates
platform/geometry/calculation_value.cc	53	54	0	scaffolding	Comments blanks preprocessor namespace or delimiter-only line
platform/geometry/calculation_value.cc	55	59	5	mapped	existing foundation::CalculationValue Evaluate/Blend/Zoom/query APIs; production mixed-percent path now delegates
platform/geometry/calculation_value.cc	60	61	0	scaffolding	Comments blanks preprocessor namespace or delimiter-only line
platform/geometry/calculation_value.cc	62	65	4	mapped	existing foundation::CalculationValue Evaluate/Blend/Zoom/query APIs; production mixed-percent path now delegates
platform/geometry/calculation_value.cc	66	66	0	scaffolding	Comments blanks preprocessor namespace or delimiter-only line
platform/geometry/calculation_value.cc	67	68	2	mapped	existing foundation::CalculationValue Evaluate/Blend/Zoom/query APIs; production mixed-percent path now delegates
platform/geometry/calculation_value.cc	69	70	0	scaffolding	Comments blanks preprocessor namespace or delimiter-only line
platform/geometry/calculation_value.cc	71	89	19	mapped	existing foundation::CalculationValue Evaluate/Blend/Zoom/query APIs; production mixed-percent path now delegates
platform/geometry/calculation_value.cc	90	91	0	scaffolding	Comments blanks preprocessor namespace or delimiter-only line
platform/geometry/calculation_value.cc	92	107	16	mapped	existing foundation::CalculationValue Evaluate/Blend/Zoom/query APIs; production mixed-percent path now delegates
platform/geometry/calculation_value.cc	108	109	0	scaffolding	Comments blanks preprocessor namespace or delimiter-only line
platform/geometry/calculation_value.cc	110	116	7	mapped	existing foundation::CalculationValue Evaluate/Blend/Zoom/query APIs; production mixed-percent path now delegates
platform/geometry/calculation_value.cc	117	117	0	scaffolding	Comments blanks preprocessor namespace or delimiter-only line
platform/geometry/calculation_value.cc	118	126	9	mapped	existing foundation::CalculationValue Evaluate/Blend/Zoom/query APIs; production mixed-percent path now delegates
platform/geometry/calculation_value.cc	127	128	0	scaffolding	Comments blanks preprocessor namespace or delimiter-only line
platform/geometry/calculation_value.cc	129	135	7	mapped	existing foundation::CalculationValue Evaluate/Blend/Zoom/query APIs; production mixed-percent path now delegates
platform/geometry/calculation_value.cc	136	137	0	scaffolding	Comments blanks preprocessor namespace or delimiter-only line
platform/geometry/calculation_value.cc	138	140	3	mapped	existing foundation::CalculationValue Evaluate/Blend/Zoom/query APIs; production mixed-percent path now delegates
platform/geometry/calculation_value.cc	141	141	0	scaffolding	Comments blanks preprocessor namespace or delimiter-only line
platform/geometry/calculation_value.cc	142	144	3	mapped	existing foundation::CalculationValue Evaluate/Blend/Zoom/query APIs; production mixed-percent path now delegates
platform/geometry/calculation_value.cc	145	146	0	scaffolding	Comments blanks preprocessor namespace or delimiter-only line
platform/geometry/calculation_value.cc	147	148	2	mapped	existing foundation::CalculationValue Evaluate/Blend/Zoom/query APIs; production mixed-percent path now delegates
platform/geometry/calculation_value.cc	149	150	0	scaffolding	Comments blanks preprocessor namespace or delimiter-only line
platform/geometry/calculation_value.cc	151	152	2	mapped	existing foundation::CalculationValue Evaluate/Blend/Zoom/query APIs; production mixed-percent path now delegates
platform/geometry/calculation_value.cc	153	154	0	scaffolding	Comments blanks preprocessor namespace or delimiter-only line
platform/geometry/calculation_value.cc	155	156	2	mapped	existing foundation::CalculationValue Evaluate/Blend/Zoom/query APIs; production mixed-percent path now delegates
platform/geometry/calculation_value.cc	157	158	0	scaffolding	Comments blanks preprocessor namespace or delimiter-only line
platform/geometry/calculation_value.cc	159	161	3	mapped	existing foundation::CalculationValue Evaluate/Blend/Zoom/query APIs; production mixed-percent path now delegates
platform/geometry/calculation_value.cc	162	162	0	scaffolding	Comments blanks preprocessor namespace or delimiter-only line
platform/geometry/calculation_value.cc	163	163	1	mapped	existing foundation::CalculationValue Evaluate/Blend/Zoom/query APIs; production mixed-percent path now delegates
platform/geometry/calculation_value.cc	164	165	0	scaffolding	Comments blanks preprocessor namespace or delimiter-only line
platform/geometry/calculation_value.cc	166	168	3	mapped	existing foundation::CalculationValue Evaluate/Blend/Zoom/query APIs; production mixed-percent path now delegates
platform/geometry/calculation_value.cc	169	169	0	scaffolding	Comments blanks preprocessor namespace or delimiter-only line
platform/geometry/calculation_value.cc	170	170	1	mapped	existing foundation::CalculationValue Evaluate/Blend/Zoom/query APIs; production mixed-percent path now delegates
platform/geometry/calculation_value.cc	171	172	0	scaffolding	Comments blanks preprocessor namespace or delimiter-only line
platform/geometry/calculation_value.cc	173	174	2	mapped	existing foundation::CalculationValue Evaluate/Blend/Zoom/query APIs; production mixed-percent path now delegates
platform/geometry/calculation_value.cc	175	176	0	scaffolding	Comments blanks preprocessor namespace or delimiter-only line
platform/geometry/calculation_value.cc	177	177	1	mapped	existing foundation::CalculationValue Evaluate/Blend/Zoom/query APIs; production mixed-percent path now delegates
platform/geometry/calculation_value.cc	178	178	0	scaffolding	Comments blanks preprocessor namespace or delimiter-only line
platform/geometry/calculation_value.cc	179	180	2	mapped	existing foundation::CalculationValue Evaluate/Blend/Zoom/query APIs; production mixed-percent path now delegates
platform/geometry/calculation_value.cc	181	182	0	scaffolding	Comments blanks preprocessor namespace or delimiter-only line
platform/geometry/calculation_value.cc	183	183	1	mapped	existing foundation::CalculationValue Evaluate/Blend/Zoom/query APIs; production mixed-percent path now delegates
platform/geometry/calculation_value.cc	184	184	0	scaffolding	Comments blanks preprocessor namespace or delimiter-only line
platform/geometry/calculation_value.cc	185	186	2	mapped	existing foundation::CalculationValue Evaluate/Blend/Zoom/query APIs; production mixed-percent path now delegates
platform/geometry/calculation_value.cc	187	188	0	scaffolding	Comments blanks preprocessor namespace or delimiter-only line
platform/geometry/calculation_value.cc	189	189	1	mapped	existing foundation::CalculationValue Evaluate/Blend/Zoom/query APIs; production mixed-percent path now delegates
platform/geometry/calculation_value.cc	190	190	0	scaffolding	Comments blanks preprocessor namespace or delimiter-only line
platform/geometry/calculation_value.cc	191	192	2	mapped	existing foundation::CalculationValue Evaluate/Blend/Zoom/query APIs; production mixed-percent path now delegates
platform/geometry/calculation_value.cc	193	194	0	scaffolding	Comments blanks preprocessor namespace or delimiter-only line
platform/geometry/calculation_value.cc	195	198	4	mapped	existing foundation::CalculationValue Evaluate/Blend/Zoom/query APIs; production mixed-percent path now delegates
platform/geometry/calculation_value.cc	199	199	0	scaffolding	Comments blanks preprocessor namespace or delimiter-only line
platform/geometry/calculation_value.cc	200	200	1	mapped	existing foundation::CalculationValue Evaluate/Blend/Zoom/query APIs; production mixed-percent path now delegates
platform/geometry/calculation_value.cc	201	203	0	scaffolding	Comments blanks preprocessor namespace or delimiter-only line
platform/geometry/calculation_value.h	1	42	0	scaffolding	Comments blanks preprocessor namespace or delimiter-only line
platform/geometry/calculation_value.h	43	43	1	mapped	existing foundation::CalculationValue owned Arc tree and typed native API
platform/geometry/calculation_value.h	44	44	0	scaffolding	Comments blanks preprocessor namespace or delimiter-only line
platform/geometry/calculation_value.h	45	50	6	mapped	existing foundation::CalculationValue owned Arc tree and typed native API
platform/geometry/calculation_value.h	51	51	0	scaffolding	Comments blanks preprocessor namespace or delimiter-only line
platform/geometry/calculation_value.h	52	55	4	mapped	existing foundation::CalculationValue owned Arc tree and typed native API
platform/geometry/calculation_value.h	56	58	0	scaffolding	Comments blanks preprocessor namespace or delimiter-only line
platform/geometry/calculation_value.h	59	61	3	mapped	existing foundation::CalculationValue owned Arc tree and typed native API
platform/geometry/calculation_value.h	62	62	0	scaffolding	Comments blanks preprocessor namespace or delimiter-only line
platform/geometry/calculation_value.h	63	63	1	mapped	existing foundation::CalculationValue owned Arc tree and typed native API
platform/geometry/calculation_value.h	64	64	0	scaffolding	Comments blanks preprocessor namespace or delimiter-only line
platform/geometry/calculation_value.h	65	65	1	mapped	existing foundation::CalculationValue owned Arc tree and typed native API
platform/geometry/calculation_value.h	66	66	0	scaffolding	Comments blanks preprocessor namespace or delimiter-only line
platform/geometry/calculation_value.h	67	73	7	mapped	existing foundation::CalculationValue owned Arc tree and typed native API
platform/geometry/calculation_value.h	74	74	0	scaffolding	Comments blanks preprocessor namespace or delimiter-only line
platform/geometry/calculation_value.h	75	80	6	mapped	existing foundation::CalculationValue owned Arc tree and typed native API
platform/geometry/calculation_value.h	81	81	0	scaffolding	Comments blanks preprocessor namespace or delimiter-only line
platform/geometry/calculation_value.h	82	84	3	mapped	existing foundation::CalculationValue owned Arc tree and typed native API
platform/geometry/calculation_value.h	85	85	0	scaffolding	Comments blanks preprocessor namespace or delimiter-only line
platform/geometry/calculation_value.h	86	86	1	mapped	existing foundation::CalculationValue owned Arc tree and typed native API
platform/geometry/calculation_value.h	87	87	0	scaffolding	Comments blanks preprocessor namespace or delimiter-only line
platform/geometry/calculation_value.h	88	90	3	mapped	existing foundation::CalculationValue owned Arc tree and typed native API
platform/geometry/calculation_value.h	91	91	0	scaffolding	Comments blanks preprocessor namespace or delimiter-only line
platform/geometry/calculation_value.h	92	94	3	mapped	existing foundation::CalculationValue owned Arc tree and typed native API
platform/geometry/calculation_value.h	95	95	0	scaffolding	Comments blanks preprocessor namespace or delimiter-only line
platform/geometry/calculation_value.h	96	98	3	mapped	existing foundation::CalculationValue owned Arc tree and typed native API
platform/geometry/calculation_value.h	99	99	0	scaffolding	Comments blanks preprocessor namespace or delimiter-only line
platform/geometry/calculation_value.h	100	102	3	mapped	existing foundation::CalculationValue owned Arc tree and typed native API
platform/geometry/calculation_value.h	103	103	0	scaffolding	Comments blanks preprocessor namespace or delimiter-only line
platform/geometry/calculation_value.h	104	106	3	mapped	existing foundation::CalculationValue owned Arc tree and typed native API
platform/geometry/calculation_value.h	107	110	0	scaffolding	Comments blanks preprocessor namespace or delimiter-only line
platform/geometry/calculation_value.h	111	111	1	mapped	existing foundation::CalculationValue owned Arc tree and typed native API
platform/geometry/calculation_value.h	112	112	0	scaffolding	Comments blanks preprocessor namespace or delimiter-only line
platform/geometry/calculation_value.h	113	118	6	mapped	existing foundation::CalculationValue owned Arc tree and typed native API
platform/geometry/calculation_value.h	119	119	0	scaffolding	Comments blanks preprocessor namespace or delimiter-only line
platform/geometry/calculation_value.h	120	120	1	mapped	existing foundation::CalculationValue owned Arc tree and typed native API
platform/geometry/calculation_value.h	121	121	0	scaffolding	Comments blanks preprocessor namespace or delimiter-only line
platform/geometry/calculation_value.h	122	124	3	mapped	existing foundation::CalculationValue owned Arc tree and typed native API
platform/geometry/calculation_value.h	125	129	0	scaffolding	Comments blanks preprocessor namespace or delimiter-only line
core/css/css_primitive_value.cc	1	49	0	scaffolding	Comments blanks preprocessor namespace or delimiter-only line
core/css/css_primitive_value.cc	50	53	4	pending	Remaining source logic: typed exponent arithmetic/simplification/extended functions/anchor/progress/random or unported primitive APIs; see exact source line
core/css/css_primitive_value.cc	54	56	0	scaffolding	Comments blanks preprocessor namespace or delimiter-only line
core/css/css_primitive_value.cc	57	58	2	pending	Remaining source logic: typed exponent arithmetic/simplification/extended functions/anchor/progress/random or unported primitive APIs; see exact source line
core/css/css_primitive_value.cc	59	59	0	scaffolding	Comments blanks preprocessor namespace or delimiter-only line
core/css/css_primitive_value.cc	60	60	1	pending	Remaining source logic: typed exponent arithmetic/simplification/extended functions/anchor/progress/random or unported primitive APIs; see exact source line
core/css/css_primitive_value.cc	61	63	0	scaffolding	Comments blanks preprocessor namespace or delimiter-only line
core/css/css_primitive_value.cc	64	65	2	pending	Remaining source logic: typed exponent arithmetic/simplification/extended functions/anchor/progress/random or unported primitive APIs; see exact source line
core/css/css_primitive_value.cc	66	67	0	scaffolding	Comments blanks preprocessor namespace or delimiter-only line
core/css/css_primitive_value.cc	68	76	9	pending	Remaining source logic: typed exponent arithmetic/simplification/extended functions/anchor/progress/random or unported primitive APIs; see exact source line
core/css/css_primitive_value.cc	77	79	0	scaffolding	Comments blanks preprocessor namespace or delimiter-only line
core/css/css_primitive_value.cc	80	86	7	pending	Remaining source logic: typed exponent arithmetic/simplification/extended functions/anchor/progress/random or unported primitive APIs; see exact source line
core/css/css_primitive_value.cc	87	89	0	scaffolding	Comments blanks preprocessor namespace or delimiter-only line
core/css/css_primitive_value.cc	90	124	35	pending	Remaining source logic: typed exponent arithmetic/simplification/extended functions/anchor/progress/random or unported primitive APIs; see exact source line
core/css/css_primitive_value.cc	125	127	0	scaffolding	Comments blanks preprocessor namespace or delimiter-only line
core/css/css_primitive_value.cc	128	128	1	pending	Remaining source logic: typed exponent arithmetic/simplification/extended functions/anchor/progress/random or unported primitive APIs; see exact source line
core/css/css_primitive_value.cc	129	129	0	scaffolding	Comments blanks preprocessor namespace or delimiter-only line
core/css/css_primitive_value.cc	130	131	2	pending	Remaining source logic: typed exponent arithmetic/simplification/extended functions/anchor/progress/random or unported primitive APIs; see exact source line
core/css/css_primitive_value.cc	132	132	0	scaffolding	Comments blanks preprocessor namespace or delimiter-only line
core/css/css_primitive_value.cc	133	135	3	pending	Remaining source logic: typed exponent arithmetic/simplification/extended functions/anchor/progress/random or unported primitive APIs; see exact source line
core/css/css_primitive_value.cc	136	137	0	scaffolding	Comments blanks preprocessor namespace or delimiter-only line
core/css/css_primitive_value.cc	138	142	5	pending	Remaining source logic: typed exponent arithmetic/simplification/extended functions/anchor/progress/random or unported primitive APIs; see exact source line
core/css/css_primitive_value.cc	143	144	0	scaffolding	Comments blanks preprocessor namespace or delimiter-only line
core/css/css_primitive_value.cc	145	145	1	pending	Remaining source logic: typed exponent arithmetic/simplification/extended functions/anchor/progress/random or unported primitive APIs; see exact source line
core/css/css_primitive_value.cc	146	148	0	scaffolding	Comments blanks preprocessor namespace or delimiter-only line
core/css/css_primitive_value.cc	149	149	1	pending	Remaining source logic: typed exponent arithmetic/simplification/extended functions/anchor/progress/random or unported primitive APIs; see exact source line
core/css/css_primitive_value.cc	150	151	0	scaffolding	Comments blanks preprocessor namespace or delimiter-only line
core/css/css_primitive_value.cc	152	154	3	pending	Remaining source logic: typed exponent arithmetic/simplification/extended functions/anchor/progress/random or unported primitive APIs; see exact source line
core/css/css_primitive_value.cc	155	155	0	scaffolding	Comments blanks preprocessor namespace or delimiter-only line
core/css/css_primitive_value.cc	156	156	1	pending	Remaining source logic: typed exponent arithmetic/simplification/extended functions/anchor/progress/random or unported primitive APIs; see exact source line
core/css/css_primitive_value.cc	157	158	0	scaffolding	Comments blanks preprocessor namespace or delimiter-only line
core/css/css_primitive_value.cc	159	161	3	pending	Remaining source logic: typed exponent arithmetic/simplification/extended functions/anchor/progress/random or unported primitive APIs; see exact source line
core/css/css_primitive_value.cc	162	162	0	scaffolding	Comments blanks preprocessor namespace or delimiter-only line
core/css/css_primitive_value.cc	163	163	1	pending	Remaining source logic: typed exponent arithmetic/simplification/extended functions/anchor/progress/random or unported primitive APIs; see exact source line
core/css/css_primitive_value.cc	164	165	0	scaffolding	Comments blanks preprocessor namespace or delimiter-only line
core/css/css_primitive_value.cc	166	168	3	pending	Remaining source logic: typed exponent arithmetic/simplification/extended functions/anchor/progress/random or unported primitive APIs; see exact source line
core/css/css_primitive_value.cc	169	169	0	scaffolding	Comments blanks preprocessor namespace or delimiter-only line
core/css/css_primitive_value.cc	170	170	1	pending	Remaining source logic: typed exponent arithmetic/simplification/extended functions/anchor/progress/random or unported primitive APIs; see exact source line
core/css/css_primitive_value.cc	171	172	0	scaffolding	Comments blanks preprocessor namespace or delimiter-only line
core/css/css_primitive_value.cc	173	175	3	pending	Remaining source logic: typed exponent arithmetic/simplification/extended functions/anchor/progress/random or unported primitive APIs; see exact source line
core/css/css_primitive_value.cc	176	176	0	scaffolding	Comments blanks preprocessor namespace or delimiter-only line
core/css/css_primitive_value.cc	177	177	1	pending	Remaining source logic: typed exponent arithmetic/simplification/extended functions/anchor/progress/random or unported primitive APIs; see exact source line
core/css/css_primitive_value.cc	178	179	0	scaffolding	Comments blanks preprocessor namespace or delimiter-only line
core/css/css_primitive_value.cc	180	180	1	pending	Remaining source logic: typed exponent arithmetic/simplification/extended functions/anchor/progress/random or unported primitive APIs; see exact source line
core/css/css_primitive_value.cc	181	187	0	scaffolding	Comments blanks preprocessor namespace or delimiter-only line
core/css/css_primitive_value.cc	188	189	2	pending	Remaining source logic: typed exponent arithmetic/simplification/extended functions/anchor/progress/random or unported primitive APIs; see exact source line
core/css/css_primitive_value.cc	190	190	0	scaffolding	Comments blanks preprocessor namespace or delimiter-only line
core/css/css_primitive_value.cc	191	191	1	pending	Remaining source logic: typed exponent arithmetic/simplification/extended functions/anchor/progress/random or unported primitive APIs; see exact source line
core/css/css_primitive_value.cc	192	193	0	scaffolding	Comments blanks preprocessor namespace or delimiter-only line
core/css/css_primitive_value.cc	194	196	3	pending	Remaining source logic: typed exponent arithmetic/simplification/extended functions/anchor/progress/random or unported primitive APIs; see exact source line
core/css/css_primitive_value.cc	197	197	0	scaffolding	Comments blanks preprocessor namespace or delimiter-only line
core/css/css_primitive_value.cc	198	198	1	pending	Remaining source logic: typed exponent arithmetic/simplification/extended functions/anchor/progress/random or unported primitive APIs; see exact source line
core/css/css_primitive_value.cc	199	200	0	scaffolding	Comments blanks preprocessor namespace or delimiter-only line
core/css/css_primitive_value.cc	201	202	2	pending	Remaining source logic: typed exponent arithmetic/simplification/extended functions/anchor/progress/random or unported primitive APIs; see exact source line
core/css/css_primitive_value.cc	203	204	0	scaffolding	Comments blanks preprocessor namespace or delimiter-only line
core/css/css_primitive_value.cc	205	207	3	pending	Remaining source logic: typed exponent arithmetic/simplification/extended functions/anchor/progress/random or unported primitive APIs; see exact source line
core/css/css_primitive_value.cc	208	208	0	scaffolding	Comments blanks preprocessor namespace or delimiter-only line
core/css/css_primitive_value.cc	209	209	1	pending	Remaining source logic: typed exponent arithmetic/simplification/extended functions/anchor/progress/random or unported primitive APIs; see exact source line
core/css/css_primitive_value.cc	210	211	0	scaffolding	Comments blanks preprocessor namespace or delimiter-only line
core/css/css_primitive_value.cc	212	215	4	pending	Remaining source logic: typed exponent arithmetic/simplification/extended functions/anchor/progress/random or unported primitive APIs; see exact source line
core/css/css_primitive_value.cc	216	217	0	scaffolding	Comments blanks preprocessor namespace or delimiter-only line
core/css/css_primitive_value.cc	218	220	3	pending	Remaining source logic: typed exponent arithmetic/simplification/extended functions/anchor/progress/random or unported primitive APIs; see exact source line
core/css/css_primitive_value.cc	221	221	0	scaffolding	Comments blanks preprocessor namespace or delimiter-only line
core/css/css_primitive_value.cc	222	222	1	pending	Remaining source logic: typed exponent arithmetic/simplification/extended functions/anchor/progress/random or unported primitive APIs; see exact source line
core/css/css_primitive_value.cc	223	224	0	scaffolding	Comments blanks preprocessor namespace or delimiter-only line
core/css/css_primitive_value.cc	225	227	3	pending	Remaining source logic: typed exponent arithmetic/simplification/extended functions/anchor/progress/random or unported primitive APIs; see exact source line
core/css/css_primitive_value.cc	228	228	0	scaffolding	Comments blanks preprocessor namespace or delimiter-only line
core/css/css_primitive_value.cc	229	229	1	pending	Remaining source logic: typed exponent arithmetic/simplification/extended functions/anchor/progress/random or unported primitive APIs; see exact source line
core/css/css_primitive_value.cc	230	231	0	scaffolding	Comments blanks preprocessor namespace or delimiter-only line
core/css/css_primitive_value.cc	232	234	3	pending	Remaining source logic: typed exponent arithmetic/simplification/extended functions/anchor/progress/random or unported primitive APIs; see exact source line
core/css/css_primitive_value.cc	235	235	0	scaffolding	Comments blanks preprocessor namespace or delimiter-only line
core/css/css_primitive_value.cc	236	236	1	pending	Remaining source logic: typed exponent arithmetic/simplification/extended functions/anchor/progress/random or unported primitive APIs; see exact source line
core/css/css_primitive_value.cc	237	238	0	scaffolding	Comments blanks preprocessor namespace or delimiter-only line
core/css/css_primitive_value.cc	239	241	3	pending	Remaining source logic: typed exponent arithmetic/simplification/extended functions/anchor/progress/random or unported primitive APIs; see exact source line
core/css/css_primitive_value.cc	242	243	0	scaffolding	Comments blanks preprocessor namespace or delimiter-only line
core/css/css_primitive_value.cc	244	254	11	pending	Remaining source logic: typed exponent arithmetic/simplification/extended functions/anchor/progress/random or unported primitive APIs; see exact source line
core/css/css_primitive_value.cc	255	257	0	scaffolding	Comments blanks preprocessor namespace or delimiter-only line
core/css/css_primitive_value.cc	258	270	13	pending	Remaining source logic: typed exponent arithmetic/simplification/extended functions/anchor/progress/random or unported primitive APIs; see exact source line
core/css/css_primitive_value.cc	271	271	0	scaffolding	Comments blanks preprocessor namespace or delimiter-only line
core/css/css_primitive_value.cc	272	274	3	pending	Remaining source logic: typed exponent arithmetic/simplification/extended functions/anchor/progress/random or unported primitive APIs; see exact source line
core/css/css_primitive_value.cc	275	275	0	scaffolding	Comments blanks preprocessor namespace or delimiter-only line
core/css/css_primitive_value.cc	276	276	1	pending	Remaining source logic: typed exponent arithmetic/simplification/extended functions/anchor/progress/random or unported primitive APIs; see exact source line
core/css/css_primitive_value.cc	277	277	0	scaffolding	Comments blanks preprocessor namespace or delimiter-only line
core/css/css_primitive_value.cc	278	281	4	pending	Remaining source logic: typed exponent arithmetic/simplification/extended functions/anchor/progress/random or unported primitive APIs; see exact source line
core/css/css_primitive_value.cc	282	282	0	scaffolding	Comments blanks preprocessor namespace or delimiter-only line
core/css/css_primitive_value.cc	283	283	1	pending	Remaining source logic: typed exponent arithmetic/simplification/extended functions/anchor/progress/random or unported primitive APIs; see exact source line
core/css/css_primitive_value.cc	284	285	0	scaffolding	Comments blanks preprocessor namespace or delimiter-only line
core/css/css_primitive_value.cc	286	292	7	pending	Remaining source logic: typed exponent arithmetic/simplification/extended functions/anchor/progress/random or unported primitive APIs; see exact source line
core/css/css_primitive_value.cc	293	294	0	scaffolding	Comments blanks preprocessor namespace or delimiter-only line
core/css/css_primitive_value.cc	295	301	7	pending	Remaining source logic: typed exponent arithmetic/simplification/extended functions/anchor/progress/random or unported primitive APIs; see exact source line
core/css/css_primitive_value.cc	302	303	0	scaffolding	Comments blanks preprocessor namespace or delimiter-only line
core/css/css_primitive_value.cc	304	311	8	pending	Remaining source logic: typed exponent arithmetic/simplification/extended functions/anchor/progress/random or unported primitive APIs; see exact source line
core/css/css_primitive_value.cc	312	313	0	scaffolding	Comments blanks preprocessor namespace or delimiter-only line
core/css/css_primitive_value.cc	314	317	4	pending	Remaining source logic: typed exponent arithmetic/simplification/extended functions/anchor/progress/random or unported primitive APIs; see exact source line
core/css/css_primitive_value.cc	318	319	0	scaffolding	Comments blanks preprocessor namespace or delimiter-only line
core/css/css_primitive_value.cc	320	324	5	pending	Remaining source logic: typed exponent arithmetic/simplification/extended functions/anchor/progress/random or unported primitive APIs; see exact source line
core/css/css_primitive_value.cc	325	326	0	scaffolding	Comments blanks preprocessor namespace or delimiter-only line
core/css/css_primitive_value.cc	327	331	5	pending	Remaining source logic: typed exponent arithmetic/simplification/extended functions/anchor/progress/random or unported primitive APIs; see exact source line
core/css/css_primitive_value.cc	332	333	0	scaffolding	Comments blanks preprocessor namespace or delimiter-only line
core/css/css_primitive_value.cc	334	338	5	pending	Remaining source logic: typed exponent arithmetic/simplification/extended functions/anchor/progress/random or unported primitive APIs; see exact source line
core/css/css_primitive_value.cc	339	340	0	scaffolding	Comments blanks preprocessor namespace or delimiter-only line
core/css/css_primitive_value.cc	341	345	5	pending	Remaining source logic: typed exponent arithmetic/simplification/extended functions/anchor/progress/random or unported primitive APIs; see exact source line
core/css/css_primitive_value.cc	346	347	0	scaffolding	Comments blanks preprocessor namespace or delimiter-only line
core/css/css_primitive_value.cc	348	352	5	pending	Remaining source logic: typed exponent arithmetic/simplification/extended functions/anchor/progress/random or unported primitive APIs; see exact source line
core/css/css_primitive_value.cc	353	354	0	scaffolding	Comments blanks preprocessor namespace or delimiter-only line
core/css/css_primitive_value.cc	355	359	5	pending	Remaining source logic: typed exponent arithmetic/simplification/extended functions/anchor/progress/random or unported primitive APIs; see exact source line
core/css/css_primitive_value.cc	360	361	0	scaffolding	Comments blanks preprocessor namespace or delimiter-only line
core/css/css_primitive_value.cc	362	366	5	pending	Remaining source logic: typed exponent arithmetic/simplification/extended functions/anchor/progress/random or unported primitive APIs; see exact source line
core/css/css_primitive_value.cc	367	368	0	scaffolding	Comments blanks preprocessor namespace or delimiter-only line
core/css/css_primitive_value.cc	369	374	6	pending	Remaining source logic: typed exponent arithmetic/simplification/extended functions/anchor/progress/random or unported primitive APIs; see exact source line
core/css/css_primitive_value.cc	375	376	0	scaffolding	Comments blanks preprocessor namespace or delimiter-only line
core/css/css_primitive_value.cc	377	379	3	pending	Remaining source logic: typed exponent arithmetic/simplification/extended functions/anchor/progress/random or unported primitive APIs; see exact source line
core/css/css_primitive_value.cc	380	380	0	scaffolding	Comments blanks preprocessor namespace or delimiter-only line
core/css/css_primitive_value.cc	381	383	3	pending	Remaining source logic: typed exponent arithmetic/simplification/extended functions/anchor/progress/random or unported primitive APIs; see exact source line
core/css/css_primitive_value.cc	384	385	0	scaffolding	Comments blanks preprocessor namespace or delimiter-only line
core/css/css_primitive_value.cc	386	392	7	pending	Remaining source logic: typed exponent arithmetic/simplification/extended functions/anchor/progress/random or unported primitive APIs; see exact source line
core/css/css_primitive_value.cc	393	394	0	scaffolding	Comments blanks preprocessor namespace or delimiter-only line
core/css/css_primitive_value.cc	395	398	4	pending	Remaining source logic: typed exponent arithmetic/simplification/extended functions/anchor/progress/random or unported primitive APIs; see exact source line
core/css/css_primitive_value.cc	399	400	0	scaffolding	Comments blanks preprocessor namespace or delimiter-only line
core/css/css_primitive_value.cc	401	402	2	pending	Remaining source logic: typed exponent arithmetic/simplification/extended functions/anchor/progress/random or unported primitive APIs; see exact source line
core/css/css_primitive_value.cc	403	404	0	scaffolding	Comments blanks preprocessor namespace or delimiter-only line
core/css/css_primitive_value.cc	405	410	6	pending	Remaining source logic: typed exponent arithmetic/simplification/extended functions/anchor/progress/random or unported primitive APIs; see exact source line
core/css/css_primitive_value.cc	411	412	0	scaffolding	Comments blanks preprocessor namespace or delimiter-only line
core/css/css_primitive_value.cc	413	415	3	pending	Remaining source logic: typed exponent arithmetic/simplification/extended functions/anchor/progress/random or unported primitive APIs; see exact source line
core/css/css_primitive_value.cc	416	417	0	scaffolding	Comments blanks preprocessor namespace or delimiter-only line
core/css/css_primitive_value.cc	418	421	4	pending	Remaining source logic: typed exponent arithmetic/simplification/extended functions/anchor/progress/random or unported primitive APIs; see exact source line
core/css/css_primitive_value.cc	422	422	0	scaffolding	Comments blanks preprocessor namespace or delimiter-only line
core/css/css_primitive_value.cc	423	423	1	pending	Remaining source logic: typed exponent arithmetic/simplification/extended functions/anchor/progress/random or unported primitive APIs; see exact source line
core/css/css_primitive_value.cc	424	425	0	scaffolding	Comments blanks preprocessor namespace or delimiter-only line
core/css/css_primitive_value.cc	426	431	6	pending	Remaining source logic: typed exponent arithmetic/simplification/extended functions/anchor/progress/random or unported primitive APIs; see exact source line
core/css/css_primitive_value.cc	432	432	0	scaffolding	Comments blanks preprocessor namespace or delimiter-only line
core/css/css_primitive_value.cc	433	434	2	pending	Remaining source logic: typed exponent arithmetic/simplification/extended functions/anchor/progress/random or unported primitive APIs; see exact source line
core/css/css_primitive_value.cc	435	436	0	scaffolding	Comments blanks preprocessor namespace or delimiter-only line
core/css/css_primitive_value.cc	437	440	4	pending	Remaining source logic: typed exponent arithmetic/simplification/extended functions/anchor/progress/random or unported primitive APIs; see exact source line
core/css/css_primitive_value.cc	441	441	0	scaffolding	Comments blanks preprocessor namespace or delimiter-only line
core/css/css_primitive_value.cc	442	442	1	pending	Remaining source logic: typed exponent arithmetic/simplification/extended functions/anchor/progress/random or unported primitive APIs; see exact source line
core/css/css_primitive_value.cc	443	444	0	scaffolding	Comments blanks preprocessor namespace or delimiter-only line
core/css/css_primitive_value.cc	445	474	30	pending	Remaining source logic: typed exponent arithmetic/simplification/extended functions/anchor/progress/random or unported primitive APIs; see exact source line
core/css/css_primitive_value.cc	475	476	0	scaffolding	Comments blanks preprocessor namespace or delimiter-only line
core/css/css_primitive_value.cc	477	489	13	pending	Remaining source logic: typed exponent arithmetic/simplification/extended functions/anchor/progress/random or unported primitive APIs; see exact source line
core/css/css_primitive_value.cc	490	491	0	scaffolding	Comments blanks preprocessor namespace or delimiter-only line
core/css/css_primitive_value.cc	492	494	3	mapped	css_primitive_value.rs ConversionToCanonicalUnitsScaleFactor
core/css/css_primitive_value.cc	495	495	0	scaffolding	Comments blanks preprocessor namespace or delimiter-only line
core/css/css_primitive_value.cc	496	496	1	mapped	css_primitive_value.rs ConversionToCanonicalUnitsScaleFactor
core/css/css_primitive_value.cc	497	497	0	scaffolding	Comments blanks preprocessor namespace or delimiter-only line
core/css/css_primitive_value.cc	498	544	47	mapped	css_primitive_value.rs ConversionToCanonicalUnitsScaleFactor
core/css/css_primitive_value.cc	545	546	0	scaffolding	Comments blanks preprocessor namespace or delimiter-only line
core/css/css_primitive_value.cc	547	547	1	mapped	css_primitive_value.rs ConversionToCanonicalUnitsScaleFactor
core/css/css_primitive_value.cc	548	549	0	scaffolding	Comments blanks preprocessor namespace or delimiter-only line
core/css/css_primitive_value.cc	550	553	4	mapped	css_primitive_value.rs ConversionToCanonicalUnitsScaleFactor
core/css/css_primitive_value.cc	554	554	0	scaffolding	Comments blanks preprocessor namespace or delimiter-only line
core/css/css_primitive_value.cc	555	559	5	mapped	css_primitive_value.rs ConversionToCanonicalUnitsScaleFactor
core/css/css_primitive_value.cc	560	561	0	scaffolding	Comments blanks preprocessor namespace or delimiter-only line
core/css/css_primitive_value.cc	562	563	2	pending	Remaining source logic: typed exponent arithmetic/simplification/extended functions/anchor/progress/random or unported primitive APIs; see exact source line
core/css/css_primitive_value.cc	564	565	0	scaffolding	Comments blanks preprocessor namespace or delimiter-only line
core/css/css_primitive_value.cc	566	567	2	pending	Remaining source logic: typed exponent arithmetic/simplification/extended functions/anchor/progress/random or unported primitive APIs; see exact source line
core/css/css_primitive_value.cc	568	570	0	scaffolding	Comments blanks preprocessor namespace or delimiter-only line
core/css/css_primitive_value.cc	571	587	17	pending	Remaining source logic: typed exponent arithmetic/simplification/extended functions/anchor/progress/random or unported primitive APIs; see exact source line
core/css/css_primitive_value.cc	588	591	0	scaffolding	Comments blanks preprocessor namespace or delimiter-only line
core/css/css_primitive_value.cc	592	594	3	pending	Remaining source logic: typed exponent arithmetic/simplification/extended functions/anchor/progress/random or unported primitive APIs; see exact source line
core/css/css_primitive_value.cc	595	596	0	scaffolding	Comments blanks preprocessor namespace or delimiter-only line
core/css/css_primitive_value.cc	597	741	145	pending	Remaining source logic: typed exponent arithmetic/simplification/extended functions/anchor/progress/random or unported primitive APIs; see exact source line
core/css/css_primitive_value.cc	742	744	0	scaffolding	Comments blanks preprocessor namespace or delimiter-only line
core/css/css_primitive_value.cc	745	837	93	pending	Remaining source logic: typed exponent arithmetic/simplification/extended functions/anchor/progress/random or unported primitive APIs; see exact source line
core/css/css_primitive_value.cc	838	838	0	scaffolding	Comments blanks preprocessor namespace or delimiter-only line
core/css/css_primitive_value.cc	839	839	1	pending	Remaining source logic: typed exponent arithmetic/simplification/extended functions/anchor/progress/random or unported primitive APIs; see exact source line
core/css/css_primitive_value.cc	840	841	0	scaffolding	Comments blanks preprocessor namespace or delimiter-only line
core/css/css_primitive_value.cc	842	976	135	mapped	existing css_primitive_value.rs UnitType string lookup
core/css/css_primitive_value.cc	977	977	0	scaffolding	Comments blanks preprocessor namespace or delimiter-only line
core/css/css_primitive_value.cc	978	978	1	pending	Remaining source logic: typed exponent arithmetic/simplification/extended functions/anchor/progress/random or unported primitive APIs; see exact source line
core/css/css_primitive_value.cc	979	980	0	scaffolding	Comments blanks preprocessor namespace or delimiter-only line
core/css/css_primitive_value.cc	981	983	3	pending	Remaining source logic: typed exponent arithmetic/simplification/extended functions/anchor/progress/random or unported primitive APIs; see exact source line
core/css/css_primitive_value.cc	984	984	0	scaffolding	Comments blanks preprocessor namespace or delimiter-only line
core/css/css_primitive_value.cc	985	985	1	pending	Remaining source logic: typed exponent arithmetic/simplification/extended functions/anchor/progress/random or unported primitive APIs; see exact source line
core/css/css_primitive_value.cc	986	987	0	scaffolding	Comments blanks preprocessor namespace or delimiter-only line
core/css/css_primitive_value.cc	988	989	2	pending	Remaining source logic: typed exponent arithmetic/simplification/extended functions/anchor/progress/random or unported primitive APIs; see exact source line
core/css/css_primitive_value.cc	990	993	0	scaffolding	Comments blanks preprocessor namespace or delimiter-only line
core/css/css_primitive_value.cc	994	997	4	pending	Remaining source logic: typed exponent arithmetic/simplification/extended functions/anchor/progress/random or unported primitive APIs; see exact source line
core/css/css_primitive_value.cc	998	999	0	scaffolding	Comments blanks preprocessor namespace or delimiter-only line
core/css/css_primitive_value.cc	1000	1007	8	pending	Remaining source logic: typed exponent arithmetic/simplification/extended functions/anchor/progress/random or unported primitive APIs; see exact source line
core/css/css_primitive_value.cc	1008	1008	0	scaffolding	Comments blanks preprocessor namespace or delimiter-only line
core/css/css_primitive_value.cc	1009	1011	3	pending	Remaining source logic: typed exponent arithmetic/simplification/extended functions/anchor/progress/random or unported primitive APIs; see exact source line
core/css/css_primitive_value.cc	1012	1012	0	scaffolding	Comments blanks preprocessor namespace or delimiter-only line
core/css/css_primitive_value.cc	1013	1014	2	pending	Remaining source logic: typed exponent arithmetic/simplification/extended functions/anchor/progress/random or unported primitive APIs; see exact source line
core/css/css_primitive_value.cc	1015	1018	0	scaffolding	Comments blanks preprocessor namespace or delimiter-only line
core/css/css_primitive_value.cc	1019	1026	8	pending	Remaining source logic: typed exponent arithmetic/simplification/extended functions/anchor/progress/random or unported primitive APIs; see exact source line
core/css/css_primitive_value.cc	1027	1029	0	scaffolding	Comments blanks preprocessor namespace or delimiter-only line
core/css/css_primitive_value.cc	1030	1034	5	pending	Remaining source logic: typed exponent arithmetic/simplification/extended functions/anchor/progress/random or unported primitive APIs; see exact source line
core/css/css_primitive_value.cc	1035	1036	0	scaffolding	Comments blanks preprocessor namespace or delimiter-only line
core/css/css_primitive_value.cc	1037	1041	5	pending	Remaining source logic: typed exponent arithmetic/simplification/extended functions/anchor/progress/random or unported primitive APIs; see exact source line
core/css/css_primitive_value.cc	1042	1043	0	scaffolding	Comments blanks preprocessor namespace or delimiter-only line
core/css/css_primitive_value.cc	1044	1048	5	pending	Remaining source logic: typed exponent arithmetic/simplification/extended functions/anchor/progress/random or unported primitive APIs; see exact source line
core/css/css_primitive_value.cc	1049	1050	0	scaffolding	Comments blanks preprocessor namespace or delimiter-only line
core/css/css_primitive_value.cc	1051	1055	5	pending	Remaining source logic: typed exponent arithmetic/simplification/extended functions/anchor/progress/random or unported primitive APIs; see exact source line
core/css/css_primitive_value.cc	1056	1057	0	scaffolding	Comments blanks preprocessor namespace or delimiter-only line
core/css/css_primitive_value.cc	1058	1062	5	pending	Remaining source logic: typed exponent arithmetic/simplification/extended functions/anchor/progress/random or unported primitive APIs; see exact source line
core/css/css_primitive_value.cc	1063	1064	0	scaffolding	Comments blanks preprocessor namespace or delimiter-only line
core/css/css_primitive_value.cc	1065	1069	5	pending	Remaining source logic: typed exponent arithmetic/simplification/extended functions/anchor/progress/random or unported primitive APIs; see exact source line
core/css/css_primitive_value.cc	1070	1071	0	scaffolding	Comments blanks preprocessor namespace or delimiter-only line
core/css/css_primitive_value.cc	1072	1076	5	pending	Remaining source logic: typed exponent arithmetic/simplification/extended functions/anchor/progress/random or unported primitive APIs; see exact source line
core/css/css_primitive_value.cc	1077	1078	0	scaffolding	Comments blanks preprocessor namespace or delimiter-only line
core/css/css_primitive_value.cc	1079	1083	5	pending	Remaining source logic: typed exponent arithmetic/simplification/extended functions/anchor/progress/random or unported primitive APIs; see exact source line
core/css/css_primitive_value.cc	1084	1085	0	scaffolding	Comments blanks preprocessor namespace or delimiter-only line
core/css/css_primitive_value.cc	1086	1090	5	pending	Remaining source logic: typed exponent arithmetic/simplification/extended functions/anchor/progress/random or unported primitive APIs; see exact source line
core/css/css_primitive_value.cc	1091	1092	0	scaffolding	Comments blanks preprocessor namespace or delimiter-only line
core/css/css_primitive_value.cc	1093	1097	5	pending	Remaining source logic: typed exponent arithmetic/simplification/extended functions/anchor/progress/random or unported primitive APIs; see exact source line
core/css/css_primitive_value.cc	1098	1099	0	scaffolding	Comments blanks preprocessor namespace or delimiter-only line
core/css/css_primitive_value.cc	1100	1104	5	pending	Remaining source logic: typed exponent arithmetic/simplification/extended functions/anchor/progress/random or unported primitive APIs; see exact source line
core/css/css_primitive_value.cc	1105	1106	0	scaffolding	Comments blanks preprocessor namespace or delimiter-only line
core/css/css_primitive_value.cc	1107	1111	5	pending	Remaining source logic: typed exponent arithmetic/simplification/extended functions/anchor/progress/random or unported primitive APIs; see exact source line
core/css/css_primitive_value.cc	1112	1113	0	scaffolding	Comments blanks preprocessor namespace or delimiter-only line
core/css/css_primitive_value.cc	1114	1118	5	pending	Remaining source logic: typed exponent arithmetic/simplification/extended functions/anchor/progress/random or unported primitive APIs; see exact source line
core/css/css_primitive_value.cc	1119	1120	0	scaffolding	Comments blanks preprocessor namespace or delimiter-only line
core/css/css_primitive_value.cc	1121	1125	5	pending	Remaining source logic: typed exponent arithmetic/simplification/extended functions/anchor/progress/random or unported primitive APIs; see exact source line
core/css/css_primitive_value.cc	1126	1126	0	scaffolding	Comments blanks preprocessor namespace or delimiter-only line
core/css/css_primitive_value.cc	1127	1132	6	pending	Remaining source logic: typed exponent arithmetic/simplification/extended functions/anchor/progress/random or unported primitive APIs; see exact source line
core/css/css_primitive_value.cc	1133	1134	0	scaffolding	Comments blanks preprocessor namespace or delimiter-only line
core/css/css_primitive_value.cc	1135	1137	3	pending	Remaining source logic: typed exponent arithmetic/simplification/extended functions/anchor/progress/random or unported primitive APIs; see exact source line
core/css/css_primitive_value.cc	1138	1140	0	scaffolding	Comments blanks preprocessor namespace or delimiter-only line
core/css/css_primitive_value.h	1	39	0	scaffolding	Comments blanks preprocessor namespace or delimiter-only line
core/css/css_primitive_value.h	40	41	2	pending	Remaining source logic: typed exponent arithmetic/simplification/extended functions/anchor/progress/random or unported primitive APIs; see exact source line
core/css/css_primitive_value.h	42	45	0	scaffolding	Comments blanks preprocessor namespace or delimiter-only line
core/css/css_primitive_value.h	46	52	7	pending	Remaining source logic: typed exponent arithmetic/simplification/extended functions/anchor/progress/random or unported primitive APIs; see exact source line
core/css/css_primitive_value.h	53	54	0	scaffolding	Comments blanks preprocessor namespace or delimiter-only line
core/css/css_primitive_value.h	55	60	6	pending	Remaining source logic: typed exponent arithmetic/simplification/extended functions/anchor/progress/random or unported primitive APIs; see exact source line
core/css/css_primitive_value.h	61	61	0	scaffolding	Comments blanks preprocessor namespace or delimiter-only line
core/css/css_primitive_value.h	62	63	2	pending	Remaining source logic: typed exponent arithmetic/simplification/extended functions/anchor/progress/random or unported primitive APIs; see exact source line
core/css/css_primitive_value.h	64	64	0	scaffolding	Comments blanks preprocessor namespace or delimiter-only line
core/css/css_primitive_value.h	65	65	1	pending	Remaining source logic: typed exponent arithmetic/simplification/extended functions/anchor/progress/random or unported primitive APIs; see exact source line
core/css/css_primitive_value.h	66	69	0	scaffolding	Comments blanks preprocessor namespace or delimiter-only line
core/css/css_primitive_value.h	70	71	2	pending	Remaining source logic: typed exponent arithmetic/simplification/extended functions/anchor/progress/random or unported primitive APIs; see exact source line
core/css/css_primitive_value.h	72	73	0	scaffolding	Comments blanks preprocessor namespace or delimiter-only line
core/css/css_primitive_value.h	74	77	4	mapped	existing css_primitive_value.rs UnitType
core/css/css_primitive_value.h	78	78	0	scaffolding	Comments blanks preprocessor namespace or delimiter-only line
core/css/css_primitive_value.h	79	87	9	mapped	existing css_primitive_value.rs UnitType
core/css/css_primitive_value.h	88	91	0	scaffolding	Comments blanks preprocessor namespace or delimiter-only line
core/css/css_primitive_value.h	92	115	24	mapped	existing css_primitive_value.rs UnitType
core/css/css_primitive_value.h	116	119	0	scaffolding	Comments blanks preprocessor namespace or delimiter-only line
core/css/css_primitive_value.h	120	125	6	mapped	existing css_primitive_value.rs UnitType
core/css/css_primitive_value.h	126	126	0	scaffolding	Comments blanks preprocessor namespace or delimiter-only line
core/css/css_primitive_value.h	127	137	11	mapped	existing css_primitive_value.rs UnitType
core/css/css_primitive_value.h	138	138	0	scaffolding	Comments blanks preprocessor namespace or delimiter-only line
core/css/css_primitive_value.h	139	142	4	mapped	existing css_primitive_value.rs UnitType
core/css/css_primitive_value.h	143	143	0	scaffolding	Comments blanks preprocessor namespace or delimiter-only line
core/css/css_primitive_value.h	144	147	4	mapped	existing css_primitive_value.rs UnitType
core/css/css_primitive_value.h	148	148	0	scaffolding	Comments blanks preprocessor namespace or delimiter-only line
core/css/css_primitive_value.h	149	152	4	mapped	existing css_primitive_value.rs UnitType
core/css/css_primitive_value.h	153	153	0	scaffolding	Comments blanks preprocessor namespace or delimiter-only line
core/css/css_primitive_value.h	154	156	3	mapped	existing css_primitive_value.rs UnitType
core/css/css_primitive_value.h	157	163	0	scaffolding	Comments blanks preprocessor namespace or delimiter-only line
core/css/css_primitive_value.h	164	164	1	pending	Remaining source logic: typed exponent arithmetic/simplification/extended functions/anchor/progress/random or unported primitive APIs; see exact source line
core/css/css_primitive_value.h	165	166	0	scaffolding	Comments blanks preprocessor namespace or delimiter-only line
core/css/css_primitive_value.h	167	183	17	pending	Remaining source logic: typed exponent arithmetic/simplification/extended functions/anchor/progress/random or unported primitive APIs; see exact source line
core/css/css_primitive_value.h	184	185	0	scaffolding	Comments blanks preprocessor namespace or delimiter-only line
core/css/css_primitive_value.h	186	213	28	pending	Remaining source logic: typed exponent arithmetic/simplification/extended functions/anchor/progress/random or unported primitive APIs; see exact source line
core/css/css_primitive_value.h	214	216	0	scaffolding	Comments blanks preprocessor namespace or delimiter-only line
core/css/css_primitive_value.h	217	217	1	pending	Remaining source logic: typed exponent arithmetic/simplification/extended functions/anchor/progress/random or unported primitive APIs; see exact source line
core/css/css_primitive_value.h	218	230	0	scaffolding	Comments blanks preprocessor namespace or delimiter-only line
core/css/css_primitive_value.h	231	250	20	pending	Remaining source logic: typed exponent arithmetic/simplification/extended functions/anchor/progress/random or unported primitive APIs; see exact source line
core/css/css_primitive_value.h	251	251	0	scaffolding	Comments blanks preprocessor namespace or delimiter-only line
core/css/css_primitive_value.h	252	252	1	pending	Remaining source logic: typed exponent arithmetic/simplification/extended functions/anchor/progress/random or unported primitive APIs; see exact source line
core/css/css_primitive_value.h	253	253	0	scaffolding	Comments blanks preprocessor namespace or delimiter-only line
core/css/css_primitive_value.h	254	254	1	pending	Remaining source logic: typed exponent arithmetic/simplification/extended functions/anchor/progress/random or unported primitive APIs; see exact source line
core/css/css_primitive_value.h	255	259	0	scaffolding	Comments blanks preprocessor namespace or delimiter-only line
core/css/css_primitive_value.h	260	260	1	pending	Remaining source logic: typed exponent arithmetic/simplification/extended functions/anchor/progress/random or unported primitive APIs; see exact source line
core/css/css_primitive_value.h	261	262	0	scaffolding	Comments blanks preprocessor namespace or delimiter-only line
core/css/css_primitive_value.h	263	264	2	pending	Remaining source logic: typed exponent arithmetic/simplification/extended functions/anchor/progress/random or unported primitive APIs; see exact source line
core/css/css_primitive_value.h	265	266	0	scaffolding	Comments blanks preprocessor namespace or delimiter-only line
core/css/css_primitive_value.h	267	267	1	pending	Remaining source logic: typed exponent arithmetic/simplification/extended functions/anchor/progress/random or unported primitive APIs; see exact source line
core/css/css_primitive_value.h	268	268	0	scaffolding	Comments blanks preprocessor namespace or delimiter-only line
core/css/css_primitive_value.h	269	269	1	pending	Remaining source logic: typed exponent arithmetic/simplification/extended functions/anchor/progress/random or unported primitive APIs; see exact source line
core/css/css_primitive_value.h	270	270	0	scaffolding	Comments blanks preprocessor namespace or delimiter-only line
core/css/css_primitive_value.h	271	279	9	pending	Remaining source logic: typed exponent arithmetic/simplification/extended functions/anchor/progress/random or unported primitive APIs; see exact source line
core/css/css_primitive_value.h	280	280	0	scaffolding	Comments blanks preprocessor namespace or delimiter-only line
core/css/css_primitive_value.h	281	282	2	pending	Remaining source logic: typed exponent arithmetic/simplification/extended functions/anchor/progress/random or unported primitive APIs; see exact source line
core/css/css_primitive_value.h	283	283	0	scaffolding	Comments blanks preprocessor namespace or delimiter-only line
core/css/css_primitive_value.h	284	289	6	pending	Remaining source logic: typed exponent arithmetic/simplification/extended functions/anchor/progress/random or unported primitive APIs; see exact source line
core/css/css_primitive_value.h	290	291	0	scaffolding	Comments blanks preprocessor namespace or delimiter-only line
core/css/css_primitive_value.h	292	293	2	pending	Remaining source logic: typed exponent arithmetic/simplification/extended functions/anchor/progress/random or unported primitive APIs; see exact source line
core/css/css_primitive_value.h	294	294	0	scaffolding	Comments blanks preprocessor namespace or delimiter-only line
core/css/css_primitive_value.h	295	297	3	pending	Remaining source logic: typed exponent arithmetic/simplification/extended functions/anchor/progress/random or unported primitive APIs; see exact source line
core/css/css_primitive_value.h	298	298	0	scaffolding	Comments blanks preprocessor namespace or delimiter-only line
core/css/css_primitive_value.h	299	302	4	pending	Remaining source logic: typed exponent arithmetic/simplification/extended functions/anchor/progress/random or unported primitive APIs; see exact source line
core/css/css_primitive_value.h	303	303	0	scaffolding	Comments blanks preprocessor namespace or delimiter-only line
core/css/css_primitive_value.h	304	305	2	pending	Remaining source logic: typed exponent arithmetic/simplification/extended functions/anchor/progress/random or unported primitive APIs; see exact source line
core/css/css_primitive_value.h	306	306	0	scaffolding	Comments blanks preprocessor namespace or delimiter-only line
core/css/css_primitive_value.h	307	309	3	pending	Remaining source logic: typed exponent arithmetic/simplification/extended functions/anchor/progress/random or unported primitive APIs; see exact source line
core/css/css_primitive_value.h	310	310	0	scaffolding	Comments blanks preprocessor namespace or delimiter-only line
core/css/css_primitive_value.h	311	319	9	pending	Remaining source logic: typed exponent arithmetic/simplification/extended functions/anchor/progress/random or unported primitive APIs; see exact source line
core/css/css_primitive_value.h	320	320	0	scaffolding	Comments blanks preprocessor namespace or delimiter-only line
core/css/css_primitive_value.h	321	325	5	pending	Remaining source logic: typed exponent arithmetic/simplification/extended functions/anchor/progress/random or unported primitive APIs; see exact source line
core/css/css_primitive_value.h	326	326	0	scaffolding	Comments blanks preprocessor namespace or delimiter-only line
core/css/css_primitive_value.h	327	327	1	pending	Remaining source logic: typed exponent arithmetic/simplification/extended functions/anchor/progress/random or unported primitive APIs; see exact source line
core/css/css_primitive_value.h	328	328	0	scaffolding	Comments blanks preprocessor namespace or delimiter-only line
core/css/css_primitive_value.h	329	333	5	pending	Remaining source logic: typed exponent arithmetic/simplification/extended functions/anchor/progress/random or unported primitive APIs; see exact source line
core/css/css_primitive_value.h	334	334	0	scaffolding	Comments blanks preprocessor namespace or delimiter-only line
core/css/css_primitive_value.h	335	337	3	pending	Remaining source logic: typed exponent arithmetic/simplification/extended functions/anchor/progress/random or unported primitive APIs; see exact source line
core/css/css_primitive_value.h	338	338	0	scaffolding	Comments blanks preprocessor namespace or delimiter-only line
core/css/css_primitive_value.h	339	339	1	pending	Remaining source logic: typed exponent arithmetic/simplification/extended functions/anchor/progress/random or unported primitive APIs; see exact source line
core/css/css_primitive_value.h	340	349	0	scaffolding	Comments blanks preprocessor namespace or delimiter-only line
core/css/css_primitive_value.h	350	350	1	pending	Remaining source logic: typed exponent arithmetic/simplification/extended functions/anchor/progress/random or unported primitive APIs; see exact source line
core/css/css_primitive_value.h	351	351	0	scaffolding	Comments blanks preprocessor namespace or delimiter-only line
core/css/css_primitive_value.h	352	354	3	pending	Remaining source logic: typed exponent arithmetic/simplification/extended functions/anchor/progress/random or unported primitive APIs; see exact source line
core/css/css_primitive_value.h	355	355	0	scaffolding	Comments blanks preprocessor namespace or delimiter-only line
core/css/css_primitive_value.h	356	358	3	pending	Remaining source logic: typed exponent arithmetic/simplification/extended functions/anchor/progress/random or unported primitive APIs; see exact source line
core/css/css_primitive_value.h	359	363	0	scaffolding	Comments blanks preprocessor namespace or delimiter-only line
core/css/css_primitive_value.h	364	364	1	pending	Remaining source logic: typed exponent arithmetic/simplification/extended functions/anchor/progress/random or unported primitive APIs; see exact source line
core/css/css_primitive_value.h	365	370	0	scaffolding	Comments blanks preprocessor namespace or delimiter-only line
core/css/css_primitive_value.h	371	371	1	pending	Remaining source logic: typed exponent arithmetic/simplification/extended functions/anchor/progress/random or unported primitive APIs; see exact source line
core/css/css_primitive_value.h	372	373	0	scaffolding	Comments blanks preprocessor namespace or delimiter-only line
core/css/css_primitive_value.h	374	374	1	pending	Remaining source logic: typed exponent arithmetic/simplification/extended functions/anchor/progress/random or unported primitive APIs; see exact source line
core/css/css_primitive_value.h	375	378	0	scaffolding	Comments blanks preprocessor namespace or delimiter-only line
core/css/css_primitive_value.h	379	379	1	pending	Remaining source logic: typed exponent arithmetic/simplification/extended functions/anchor/progress/random or unported primitive APIs; see exact source line
core/css/css_primitive_value.h	380	380	0	scaffolding	Comments blanks preprocessor namespace or delimiter-only line
core/css/css_primitive_value.h	381	383	3	pending	Remaining source logic: typed exponent arithmetic/simplification/extended functions/anchor/progress/random or unported primitive APIs; see exact source line
core/css/css_primitive_value.h	384	385	0	scaffolding	Comments blanks preprocessor namespace or delimiter-only line
core/css/css_primitive_value.h	386	387	2	pending	Remaining source logic: typed exponent arithmetic/simplification/extended functions/anchor/progress/random or unported primitive APIs; see exact source line
core/css/css_primitive_value.h	388	389	0	scaffolding	Comments blanks preprocessor namespace or delimiter-only line
core/css/css_primitive_value.h	390	390	1	pending	Remaining source logic: typed exponent arithmetic/simplification/extended functions/anchor/progress/random or unported primitive APIs; see exact source line
core/css/css_primitive_value.h	391	392	0	scaffolding	Comments blanks preprocessor namespace or delimiter-only line
core/css/css_primitive_value.h	393	393	1	pending	Remaining source logic: typed exponent arithmetic/simplification/extended functions/anchor/progress/random or unported primitive APIs; see exact source line
core/css/css_primitive_value.h	394	394	0	scaffolding	Comments blanks preprocessor namespace or delimiter-only line
core/css/css_primitive_value.h	395	395	1	pending	Remaining source logic: typed exponent arithmetic/simplification/extended functions/anchor/progress/random or unported primitive APIs; see exact source line
core/css/css_primitive_value.h	396	396	0	scaffolding	Comments blanks preprocessor namespace or delimiter-only line
core/css/css_primitive_value.h	397	397	1	pending	Remaining source logic: typed exponent arithmetic/simplification/extended functions/anchor/progress/random or unported primitive APIs; see exact source line
core/css/css_primitive_value.h	398	398	0	scaffolding	Comments blanks preprocessor namespace or delimiter-only line
core/css/css_primitive_value.h	399	399	1	pending	Remaining source logic: typed exponent arithmetic/simplification/extended functions/anchor/progress/random or unported primitive APIs; see exact source line
core/css/css_primitive_value.h	400	400	0	scaffolding	Comments blanks preprocessor namespace or delimiter-only line
core/css/css_primitive_value.h	401	401	1	pending	Remaining source logic: typed exponent arithmetic/simplification/extended functions/anchor/progress/random or unported primitive APIs; see exact source line
core/css/css_primitive_value.h	402	402	0	scaffolding	Comments blanks preprocessor namespace or delimiter-only line
core/css/css_primitive_value.h	403	403	1	pending	Remaining source logic: typed exponent arithmetic/simplification/extended functions/anchor/progress/random or unported primitive APIs; see exact source line
core/css/css_primitive_value.h	404	404	0	scaffolding	Comments blanks preprocessor namespace or delimiter-only line
core/css/css_primitive_value.h	405	405	1	pending	Remaining source logic: typed exponent arithmetic/simplification/extended functions/anchor/progress/random or unported primitive APIs; see exact source line
core/css/css_primitive_value.h	406	406	0	scaffolding	Comments blanks preprocessor namespace or delimiter-only line
core/css/css_primitive_value.h	407	407	1	pending	Remaining source logic: typed exponent arithmetic/simplification/extended functions/anchor/progress/random or unported primitive APIs; see exact source line
core/css/css_primitive_value.h	408	408	0	scaffolding	Comments blanks preprocessor namespace or delimiter-only line
core/css/css_primitive_value.h	409	409	1	pending	Remaining source logic: typed exponent arithmetic/simplification/extended functions/anchor/progress/random or unported primitive APIs; see exact source line
core/css/css_primitive_value.h	410	410	0	scaffolding	Comments blanks preprocessor namespace or delimiter-only line
core/css/css_primitive_value.h	411	411	1	pending	Remaining source logic: typed exponent arithmetic/simplification/extended functions/anchor/progress/random or unported primitive APIs; see exact source line
core/css/css_primitive_value.h	412	412	0	scaffolding	Comments blanks preprocessor namespace or delimiter-only line
core/css/css_primitive_value.h	413	413	1	pending	Remaining source logic: typed exponent arithmetic/simplification/extended functions/anchor/progress/random or unported primitive APIs; see exact source line
core/css/css_primitive_value.h	414	414	0	scaffolding	Comments blanks preprocessor namespace or delimiter-only line
core/css/css_primitive_value.h	415	415	1	pending	Remaining source logic: typed exponent arithmetic/simplification/extended functions/anchor/progress/random or unported primitive APIs; see exact source line
core/css/css_primitive_value.h	416	416	0	scaffolding	Comments blanks preprocessor namespace or delimiter-only line
core/css/css_primitive_value.h	417	417	1	pending	Remaining source logic: typed exponent arithmetic/simplification/extended functions/anchor/progress/random or unported primitive APIs; see exact source line
core/css/css_primitive_value.h	418	418	0	scaffolding	Comments blanks preprocessor namespace or delimiter-only line
core/css/css_primitive_value.h	419	419	1	pending	Remaining source logic: typed exponent arithmetic/simplification/extended functions/anchor/progress/random or unported primitive APIs; see exact source line
core/css/css_primitive_value.h	420	420	0	scaffolding	Comments blanks preprocessor namespace or delimiter-only line
core/css/css_primitive_value.h	421	421	1	pending	Remaining source logic: typed exponent arithmetic/simplification/extended functions/anchor/progress/random or unported primitive APIs; see exact source line
core/css/css_primitive_value.h	422	422	0	scaffolding	Comments blanks preprocessor namespace or delimiter-only line
core/css/css_primitive_value.h	423	423	1	pending	Remaining source logic: typed exponent arithmetic/simplification/extended functions/anchor/progress/random or unported primitive APIs; see exact source line
core/css/css_primitive_value.h	424	427	0	scaffolding	Comments blanks preprocessor namespace or delimiter-only line
core/css/css_primitive_value.h	428	428	1	pending	Remaining source logic: typed exponent arithmetic/simplification/extended functions/anchor/progress/random or unported primitive APIs; see exact source line
core/css/css_primitive_value.h	429	429	0	scaffolding	Comments blanks preprocessor namespace or delimiter-only line
core/css/css_primitive_value.h	430	434	5	pending	Remaining source logic: typed exponent arithmetic/simplification/extended functions/anchor/progress/random or unported primitive APIs; see exact source line
core/css/css_primitive_value.h	435	436	0	scaffolding	Comments blanks preprocessor namespace or delimiter-only line
core/css/css_primitive_value.h	437	437	1	pending	Remaining source logic: typed exponent arithmetic/simplification/extended functions/anchor/progress/random or unported primitive APIs; see exact source line
core/css/css_primitive_value.h	438	441	0	scaffolding	Comments blanks preprocessor namespace or delimiter-only line
core/css/css_primitive_value.h	442	442	1	pending	Remaining source logic: typed exponent arithmetic/simplification/extended functions/anchor/progress/random or unported primitive APIs; see exact source line
core/css/css_primitive_value.h	443	443	0	scaffolding	Comments blanks preprocessor namespace or delimiter-only line
core/css/css_primitive_value.h	444	446	3	pending	Remaining source logic: typed exponent arithmetic/simplification/extended functions/anchor/progress/random or unported primitive APIs; see exact source line
core/css/css_primitive_value.h	447	447	0	scaffolding	Comments blanks preprocessor namespace or delimiter-only line
core/css/css_primitive_value.h	448	448	1	pending	Remaining source logic: typed exponent arithmetic/simplification/extended functions/anchor/progress/random or unported primitive APIs; see exact source line
core/css/css_primitive_value.h	449	449	0	scaffolding	Comments blanks preprocessor namespace or delimiter-only line
core/css/css_primitive_value.h	450	453	4	pending	Remaining source logic: typed exponent arithmetic/simplification/extended functions/anchor/progress/random or unported primitive APIs; see exact source line
core/css/css_primitive_value.h	454	455	0	scaffolding	Comments blanks preprocessor namespace or delimiter-only line
core/css/css_primitive_value.h	456	456	1	pending	Remaining source logic: typed exponent arithmetic/simplification/extended functions/anchor/progress/random or unported primitive APIs; see exact source line
core/css/css_primitive_value.h	457	457	0	scaffolding	Comments blanks preprocessor namespace or delimiter-only line
core/css/css_primitive_value.h	458	458	1	pending	Remaining source logic: typed exponent arithmetic/simplification/extended functions/anchor/progress/random or unported primitive APIs; see exact source line
core/css/css_primitive_value.h	459	459	0	scaffolding	Comments blanks preprocessor namespace or delimiter-only line
core/css/css_primitive_value.h	460	461	2	pending	Remaining source logic: typed exponent arithmetic/simplification/extended functions/anchor/progress/random or unported primitive APIs; see exact source line
core/css/css_primitive_value.h	462	462	1	mapped	css_primitive_value.rs ConversionToCanonicalUnitsScaleFactor
core/css/css_primitive_value.h	463	463	0	scaffolding	Comments blanks preprocessor namespace or delimiter-only line
core/css/css_primitive_value.h	464	464	1	pending	Remaining source logic: typed exponent arithmetic/simplification/extended functions/anchor/progress/random or unported primitive APIs; see exact source line
core/css/css_primitive_value.h	465	467	0	scaffolding	Comments blanks preprocessor namespace or delimiter-only line
core/css/css_primitive_value.h	468	469	2	pending	Remaining source logic: typed exponent arithmetic/simplification/extended functions/anchor/progress/random or unported primitive APIs; see exact source line
core/css/css_primitive_value.h	470	470	0	scaffolding	Comments blanks preprocessor namespace or delimiter-only line
core/css/css_primitive_value.h	471	472	2	pending	Remaining source logic: typed exponent arithmetic/simplification/extended functions/anchor/progress/random or unported primitive APIs; see exact source line
core/css/css_primitive_value.h	473	474	0	scaffolding	Comments blanks preprocessor namespace or delimiter-only line
core/css/css_primitive_value.h	475	476	2	pending	Remaining source logic: typed exponent arithmetic/simplification/extended functions/anchor/progress/random or unported primitive APIs; see exact source line
core/css/css_primitive_value.h	477	477	0	scaffolding	Comments blanks preprocessor namespace or delimiter-only line
core/css/css_primitive_value.h	478	478	1	pending	Remaining source logic: typed exponent arithmetic/simplification/extended functions/anchor/progress/random or unported primitive APIs; see exact source line
core/css/css_primitive_value.h	479	479	0	scaffolding	Comments blanks preprocessor namespace or delimiter-only line
core/css/css_primitive_value.h	480	481	2	pending	Remaining source logic: typed exponent arithmetic/simplification/extended functions/anchor/progress/random or unported primitive APIs; see exact source line
core/css/css_primitive_value.h	482	482	0	scaffolding	Comments blanks preprocessor namespace or delimiter-only line
core/css/css_primitive_value.h	483	485	3	pending	Remaining source logic: typed exponent arithmetic/simplification/extended functions/anchor/progress/random or unported primitive APIs; see exact source line
core/css/css_primitive_value.h	486	487	0	scaffolding	Comments blanks preprocessor namespace or delimiter-only line
core/css/css_primitive_value.h	488	488	1	pending	Remaining source logic: typed exponent arithmetic/simplification/extended functions/anchor/progress/random or unported primitive APIs; see exact source line
core/css/css_primitive_value.h	489	489	0	scaffolding	Comments blanks preprocessor namespace or delimiter-only line
core/css/css_primitive_value.h	490	493	4	pending	Remaining source logic: typed exponent arithmetic/simplification/extended functions/anchor/progress/random or unported primitive APIs; see exact source line
core/css/css_primitive_value.h	494	496	0	scaffolding	Comments blanks preprocessor namespace or delimiter-only line
core/css/css_primitive_value.h	497	498	2	pending	Remaining source logic: typed exponent arithmetic/simplification/extended functions/anchor/progress/random or unported primitive APIs; see exact source line
core/css/css_primitive_value.h	499	499	0	scaffolding	Comments blanks preprocessor namespace or delimiter-only line
core/css/css_primitive_value.h	500	501	2	pending	Remaining source logic: typed exponent arithmetic/simplification/extended functions/anchor/progress/random or unported primitive APIs; see exact source line
core/css/css_primitive_value.h	502	502	0	scaffolding	Comments blanks preprocessor namespace or delimiter-only line
core/css/css_primitive_value.h	503	504	2	pending	Remaining source logic: typed exponent arithmetic/simplification/extended functions/anchor/progress/random or unported primitive APIs; see exact source line
core/css/css_primitive_value.h	505	505	0	scaffolding	Comments blanks preprocessor namespace or delimiter-only line
core/css/css_primitive_value.h	506	507	2	pending	Remaining source logic: typed exponent arithmetic/simplification/extended functions/anchor/progress/random or unported primitive APIs; see exact source line
core/css/css_primitive_value.h	508	508	0	scaffolding	Comments blanks preprocessor namespace or delimiter-only line
core/css/css_primitive_value.h	509	511	3	pending	Remaining source logic: typed exponent arithmetic/simplification/extended functions/anchor/progress/random or unported primitive APIs; see exact source line
core/css/css_primitive_value.h	512	512	0	scaffolding	Comments blanks preprocessor namespace or delimiter-only line
core/css/css_primitive_value.h	513	515	3	pending	Remaining source logic: typed exponent arithmetic/simplification/extended functions/anchor/progress/random or unported primitive APIs; see exact source line
core/css/css_primitive_value.h	516	518	0	scaffolding	Comments blanks preprocessor namespace or delimiter-only line
