property	operation	dispatch	state	source_file	source_line
ForcedColorAdjust	Initial	Initial	complete	out/Min/gen/third_party/blink/renderer/core/css/properties/longhands.cc	83
ForcedColorAdjust	Inherit	Inherit	complete	out/Min/gen/third_party/blink/renderer/core/css/properties/longhands.cc	86
ForcedColorAdjust	Value	Identifier	identifier-branch	out/Min/gen/third_party/blink/renderer/core/css/properties/longhands.cc	89
MathDepth	Initial	NativeStableMisc	production-complete	out/Min/gen/third_party/blink/renderer/core/css/properties/longhands.cc	118
MathDepth	Inherit	NativeStableMisc	production-complete	out/Min/gen/third_party/blink/renderer/core/css/properties/longhands.cc	121
Position	Initial	Initial	complete	out/Min/gen/third_party/blink/renderer/core/css/properties/longhands.cc	144
Position	Inherit	Inherit	complete	out/Min/gen/third_party/blink/renderer/core/css/properties/longhands.cc	147
Position	Value	Identifier	identifier-branch	out/Min/gen/third_party/blink/renderer/core/css/properties/longhands.cc	150
Appearance	Initial	NativeInteraction	production-complete	out/Min/gen/third_party/blink/renderer/core/css/properties/longhands.cc	242
Appearance	Inherit	NativeInteraction	production-complete	out/Min/gen/third_party/blink/renderer/core/css/properties/longhands.cc	245
Appearance	Value	NativeInteraction	production-typed-branch	out/Min/gen/third_party/blink/renderer/core/css/properties/longhands.cc	248
Direction	Initial	NativeWritingDirection	production-complete	out/Min/gen/third_party/blink/renderer/core/css/properties/longhands.cc	297
Direction	Inherit	NativeWritingDirection	production-complete	out/Min/gen/third_party/blink/renderer/core/css/properties/longhands.cc	300
FontFamily	Value		unsupported	out/Min/gen/third_party/blink/renderer/core/css/properties/longhands.cc	323
FontFeatureSettings	Initial	NativeFontDescription	production-complete	out/Min/gen/third_party/blink/renderer/core/css/properties/longhands.cc	352
FontFeatureSettings	Inherit	NativeFontDescription	production-complete	out/Min/gen/third_party/blink/renderer/core/css/properties/longhands.cc	355
FontFeatureSettings	Value	NativeFontDescription	production-literal-branch	out/Min/gen/third_party/blink/renderer/core/css/properties/longhands.cc	358
FontKerning	Initial	NativeFontDescription	production-complete	out/Min/gen/third_party/blink/renderer/core/css/properties/longhands.cc	381
FontKerning	Inherit	NativeFontDescription	production-complete	out/Min/gen/third_party/blink/renderer/core/css/properties/longhands.cc	384
FontKerning	Value	NativeFontDescription	production-literal-branch	out/Min/gen/third_party/blink/renderer/core/css/properties/longhands.cc	387
FontLanguageOverride	Initial	NativeFontDescription	production-complete	out/Min/gen/third_party/blink/renderer/core/css/properties/longhands.cc	416
FontLanguageOverride	Inherit	NativeFontDescription	production-complete	out/Min/gen/third_party/blink/renderer/core/css/properties/longhands.cc	419
FontLanguageOverride	Value	NativeFontDescription	production-literal-branch	out/Min/gen/third_party/blink/renderer/core/css/properties/longhands.cc	422
FontOpticalSizing	Initial	NativeFontDescription	production-complete	out/Min/gen/third_party/blink/renderer/core/css/properties/longhands.cc	445
FontOpticalSizing	Inherit	NativeFontDescription	production-complete	out/Min/gen/third_party/blink/renderer/core/css/properties/longhands.cc	448
FontOpticalSizing	Value	NativeFontDescription	production-literal-branch	out/Min/gen/third_party/blink/renderer/core/css/properties/longhands.cc	451
FontPalette	Initial	NativeFontPalette	production-complete	out/Min/gen/third_party/blink/renderer/core/css/properties/longhands.cc	480
FontPalette	Inherit	NativeFontPalette	production-complete	out/Min/gen/third_party/blink/renderer/core/css/properties/longhands.cc	483
FontPalette	Value	NativeFontPalette	production-typed-branch	out/Min/gen/third_party/blink/renderer/core/css/properties/longhands.cc	486
FontSize	Initial		unsupported	out/Min/gen/third_party/blink/renderer/core/css/properties/longhands.cc	509
FontSize	Inherit		unsupported	out/Min/gen/third_party/blink/renderer/core/css/properties/longhands.cc	512
FontSize	Value		unsupported	out/Min/gen/third_party/blink/renderer/core/css/properties/longhands.cc	515
FontSizeAdjust	Initial	NativeFontDescription	production-complete	out/Min/gen/third_party/blink/renderer/core/css/properties/longhands.cc	544
FontSizeAdjust	Inherit	NativeFontDescription	production-complete	out/Min/gen/third_party/blink/renderer/core/css/properties/longhands.cc	547
FontSizeAdjust	Value	NativeFontDescription	production-literal-branch	out/Min/gen/third_party/blink/renderer/core/css/properties/longhands.cc	550
FontStretch	Initial	NativeFontDescription	production-complete	out/Min/gen/third_party/blink/renderer/core/css/properties/longhands.cc	579
FontStretch	Inherit	NativeFontDescription	production-complete	out/Min/gen/third_party/blink/renderer/core/css/properties/longhands.cc	582
FontStretch	Value	NativeFontDescription	production-literal-branch	out/Min/gen/third_party/blink/renderer/core/css/properties/longhands.cc	585
FontStyle	Initial		unsupported	out/Min/gen/third_party/blink/renderer/core/css/properties/longhands.cc	614
FontSynthesisSmallCaps	Initial	NativeStableMisc	production-complete	out/Min/gen/third_party/blink/renderer/core/css/properties/longhands.cc	637
FontSynthesisSmallCaps	Inherit	NativeStableMisc	production-complete	out/Min/gen/third_party/blink/renderer/core/css/properties/longhands.cc	640
FontSynthesisSmallCaps	Value	NativeStableMisc	production-complete	out/Min/gen/third_party/blink/renderer/core/css/properties/longhands.cc	643
FontSynthesisStyle	Initial	NativeStableMisc	production-complete	out/Min/gen/third_party/blink/renderer/core/css/properties/longhands.cc	666
FontSynthesisStyle	Inherit	NativeStableMisc	production-complete	out/Min/gen/third_party/blink/renderer/core/css/properties/longhands.cc	669
FontSynthesisStyle	Value	NativeStableMisc	production-complete	out/Min/gen/third_party/blink/renderer/core/css/properties/longhands.cc	672
FontSynthesisWeight	Initial	NativeStableMisc	production-complete	out/Min/gen/third_party/blink/renderer/core/css/properties/longhands.cc	695
FontSynthesisWeight	Inherit	NativeStableMisc	production-complete	out/Min/gen/third_party/blink/renderer/core/css/properties/longhands.cc	698
FontSynthesisWeight	Value	NativeStableMisc	production-complete	out/Min/gen/third_party/blink/renderer/core/css/properties/longhands.cc	701
FontVariantAlternates	Initial	NativeFontDescription	production-complete	out/Min/gen/third_party/blink/renderer/core/css/properties/longhands.cc	724
FontVariantAlternates	Inherit	NativeFontDescription	production-complete	out/Min/gen/third_party/blink/renderer/core/css/properties/longhands.cc	727
FontVariantAlternates	Value	NativeFontDescription	production-literal-branch	out/Min/gen/third_party/blink/renderer/core/css/properties/longhands.cc	730
FontVariantCaps	Initial	NativeFontDescription	production-complete	out/Min/gen/third_party/blink/renderer/core/css/properties/longhands.cc	753
FontVariantCaps	Inherit	NativeFontDescription	production-complete	out/Min/gen/third_party/blink/renderer/core/css/properties/longhands.cc	756
FontVariantCaps	Value	NativeFontDescription	production-literal-branch	out/Min/gen/third_party/blink/renderer/core/css/properties/longhands.cc	759
FontVariantEastAsian	Initial	NativeFontDescription	production-complete	out/Min/gen/third_party/blink/renderer/core/css/properties/longhands.cc	782
FontVariantEastAsian	Inherit	NativeFontDescription	production-complete	out/Min/gen/third_party/blink/renderer/core/css/properties/longhands.cc	785
FontVariantEastAsian	Value	NativeFontDescription	production-literal-branch	out/Min/gen/third_party/blink/renderer/core/css/properties/longhands.cc	788
FontVariantEmoji	Initial	NativeFontDescription	production-complete	out/Min/gen/third_party/blink/renderer/core/css/properties/longhands.cc	811
FontVariantEmoji	Inherit	NativeFontDescription	production-complete	out/Min/gen/third_party/blink/renderer/core/css/properties/longhands.cc	814
FontVariantEmoji	Value	NativeFontDescription	production-literal-branch	out/Min/gen/third_party/blink/renderer/core/css/properties/longhands.cc	817
FontVariantLigatures	Initial	NativeFontDescription	production-complete	out/Min/gen/third_party/blink/renderer/core/css/properties/longhands.cc	840
FontVariantLigatures	Inherit	NativeFontDescription	production-complete	out/Min/gen/third_party/blink/renderer/core/css/properties/longhands.cc	843
FontVariantLigatures	Value	NativeFontDescription	production-literal-branch	out/Min/gen/third_party/blink/renderer/core/css/properties/longhands.cc	846
FontVariantNumeric	Initial	NativeFontDescription	production-complete	out/Min/gen/third_party/blink/renderer/core/css/properties/longhands.cc	869
FontVariantNumeric	Inherit	NativeFontDescription	production-complete	out/Min/gen/third_party/blink/renderer/core/css/properties/longhands.cc	872
FontVariantNumeric	Value	NativeFontDescription	production-literal-branch	out/Min/gen/third_party/blink/renderer/core/css/properties/longhands.cc	875
FontVariantPosition	Initial	NativeFontDescription	production-complete	out/Min/gen/third_party/blink/renderer/core/css/properties/longhands.cc	898
FontVariantPosition	Inherit	NativeFontDescription	production-complete	out/Min/gen/third_party/blink/renderer/core/css/properties/longhands.cc	901
FontVariantPosition	Value	NativeFontDescription	production-literal-branch	out/Min/gen/third_party/blink/renderer/core/css/properties/longhands.cc	904
FontVariationSettings	Initial	NativeFontDescription	production-complete	out/Min/gen/third_party/blink/renderer/core/css/properties/longhands.cc	927
FontVariationSettings	Inherit	NativeFontDescription	production-complete	out/Min/gen/third_party/blink/renderer/core/css/properties/longhands.cc	930
FontVariationSettings	Value	NativeFontDescription	production-literal-branch	out/Min/gen/third_party/blink/renderer/core/css/properties/longhands.cc	933
FontWeight	Initial		unsupported	out/Min/gen/third_party/blink/renderer/core/css/properties/longhands.cc	962
FontWeight	Inherit		unsupported	out/Min/gen/third_party/blink/renderer/core/css/properties/longhands.cc	965
FontWeight	Value		unsupported	out/Min/gen/third_party/blink/renderer/core/css/properties/longhands.cc	968
TextRendering	Initial		unsupported	out/Min/gen/third_party/blink/renderer/core/css/properties/longhands.cc	1031
TextRendering	Inherit		unsupported	out/Min/gen/third_party/blink/renderer/core/css/properties/longhands.cc	1034
TextRendering	Value		unsupported	out/Min/gen/third_party/blink/renderer/core/css/properties/longhands.cc	1037
TextSpacingTrim	Initial	NativeTextBox	production-complete	out/Min/gen/third_party/blink/renderer/core/css/properties/longhands.cc	1060
TextSpacingTrim	Inherit	NativeTextBox	production-complete	out/Min/gen/third_party/blink/renderer/core/css/properties/longhands.cc	1063
TextSpacingTrim	Value	NativeTextBox	production-complete	out/Min/gen/third_party/blink/renderer/core/css/properties/longhands.cc	1066
WebkitFontSmoothing	Initial		unsupported	out/Min/gen/third_party/blink/renderer/core/css/properties/longhands.cc	1089
WebkitFontSmoothing	Inherit		unsupported	out/Min/gen/third_party/blink/renderer/core/css/properties/longhands.cc	1092
WebkitFontSmoothing	Value		unsupported	out/Min/gen/third_party/blink/renderer/core/css/properties/longhands.cc	1095
WebkitLocale	Initial	NativeViewport	production-native-locale-branch/cache-icu-fontbuilder-lifecycle-pending	out/Min/gen/third_party/blink/renderer/core/css/properties/longhands.cc	1118
WebkitLocale	Inherit	NativeViewport	production-native-locale-branch/cache-icu-fontbuilder-lifecycle-pending	out/Min/gen/third_party/blink/renderer/core/css/properties/longhands.cc	1121
InternalVisitedBackgroundColor	Initial	Initial	complete	out/Min/gen/third_party/blink/renderer/core/css/properties/longhands.cc	1268
InternalVisitedBackgroundColor	Inherit	Inherit	complete	out/Min/gen/third_party/blink/renderer/core/css/properties/longhands.cc	1272
InternalVisitedBackgroundColor	Value	ConvertedColor	post-conversion-setter	out/Min/gen/third_party/blink/renderer/core/css/properties/longhands.cc	1276
InternalVisitedBorderBottomColor	Initial	NativeColorUI	production-complete	out/Min/gen/third_party/blink/renderer/core/css/properties/longhands.cc	1405
InternalVisitedBorderBottomColor	Inherit	NativeColorUI	production-complete	out/Min/gen/third_party/blink/renderer/core/css/properties/longhands.cc	1409
InternalVisitedBorderBottomColor	Value	NativeColorUI	production-typed-branch	out/Min/gen/third_party/blink/renderer/core/css/properties/longhands.cc	1413
InternalVisitedBorderLeftColor	Initial	NativeColorUI	production-complete	out/Min/gen/third_party/blink/renderer/core/css/properties/longhands.cc	1542
InternalVisitedBorderLeftColor	Inherit	NativeColorUI	production-complete	out/Min/gen/third_party/blink/renderer/core/css/properties/longhands.cc	1546
InternalVisitedBorderLeftColor	Value	NativeColorUI	production-typed-branch	out/Min/gen/third_party/blink/renderer/core/css/properties/longhands.cc	1550
InternalVisitedBorderRightColor	Initial	NativeColorUI	production-complete	out/Min/gen/third_party/blink/renderer/core/css/properties/longhands.cc	1591
InternalVisitedBorderRightColor	Inherit	NativeColorUI	production-complete	out/Min/gen/third_party/blink/renderer/core/css/properties/longhands.cc	1595
InternalVisitedBorderRightColor	Value	NativeColorUI	production-typed-branch	out/Min/gen/third_party/blink/renderer/core/css/properties/longhands.cc	1599
InternalVisitedBorderTopColor	Initial	NativeColorUI	production-complete	out/Min/gen/third_party/blink/renderer/core/css/properties/longhands.cc	1640
InternalVisitedBorderTopColor	Inherit	NativeColorUI	production-complete	out/Min/gen/third_party/blink/renderer/core/css/properties/longhands.cc	1644
InternalVisitedBorderTopColor	Value	NativeColorUI	production-typed-branch	out/Min/gen/third_party/blink/renderer/core/css/properties/longhands.cc	1648
InternalVisitedCaretColor	Initial	NativeColorUI	production-complete	out/Min/gen/third_party/blink/renderer/core/css/properties/longhands.cc	1674
InternalVisitedCaretColor	Inherit	NativeColorUI	production-complete	out/Min/gen/third_party/blink/renderer/core/css/properties/longhands.cc	1678
InternalVisitedCaretColor	Value	NativeColorUI	production-typed-branch	out/Min/gen/third_party/blink/renderer/core/css/properties/longhands.cc	1682
InternalVisitedColumnRuleColor	Initial	Initial	complete	out/Min/gen/third_party/blink/renderer/core/css/properties/longhands.cc	1714
InternalVisitedColumnRuleColor	Inherit	Inherit	complete	out/Min/gen/third_party/blink/renderer/core/css/properties/longhands.cc	1717
InternalVisitedColumnRuleColor	Value		unsupported	out/Min/gen/third_party/blink/renderer/core/css/properties/longhands.cc	1720
InternalVisitedFill	Initial	NativeVisitedSVGPaintShared	production-complete	out/Min/gen/third_party/blink/renderer/core/css/properties/longhands.cc	1752
InternalVisitedFill	Inherit	NativeVisitedSVGPaintShared	production-complete	out/Min/gen/third_party/blink/renderer/core/css/properties/longhands.cc	1756
InternalVisitedFill	Value	NativeVisitedSVGPaintShared	production-typed-branch	out/Min/gen/third_party/blink/renderer/core/css/properties/longhands.cc	1760
InternalVisitedOutlineColor	Initial	NativeColorUI	production-complete	out/Min/gen/third_party/blink/renderer/core/css/properties/longhands.cc	1786
InternalVisitedOutlineColor	Inherit	NativeColorUI	production-complete	out/Min/gen/third_party/blink/renderer/core/css/properties/longhands.cc	1790
InternalVisitedOutlineColor	Value	NativeColorUI	production-typed-branch	out/Min/gen/third_party/blink/renderer/core/css/properties/longhands.cc	1794
InternalVisitedStroke	Initial	NativeVisitedSVGPaintShared	production-complete	out/Min/gen/third_party/blink/renderer/core/css/properties/longhands.cc	1826
InternalVisitedStroke	Inherit	NativeVisitedSVGPaintShared	production-complete	out/Min/gen/third_party/blink/renderer/core/css/properties/longhands.cc	1830
InternalVisitedStroke	Value	NativeVisitedSVGPaintShared	production-typed-branch	out/Min/gen/third_party/blink/renderer/core/css/properties/longhands.cc	1834
InternalVisitedTextDecorationColor	Initial		unsupported	out/Min/gen/third_party/blink/renderer/core/css/properties/longhands.cc	1866
InternalVisitedTextDecorationColor	Inherit	Inherit	complete	out/Min/gen/third_party/blink/renderer/core/css/properties/longhands.cc	1870
InternalVisitedTextDecorationColor	Value	ConvertedColor	post-conversion-setter	out/Min/gen/third_party/blink/renderer/core/css/properties/longhands.cc	1874
InternalVisitedTextEmphasisColor	Initial		unsupported	out/Min/gen/third_party/blink/renderer/core/css/properties/longhands.cc	1906
InternalVisitedTextEmphasisColor	Inherit	Inherit	complete	out/Min/gen/third_party/blink/renderer/core/css/properties/longhands.cc	1910
InternalVisitedTextEmphasisColor	Value	ConvertedColor	post-conversion-setter	out/Min/gen/third_party/blink/renderer/core/css/properties/longhands.cc	1914
InternalVisitedTextFillColor	Initial		unsupported	out/Min/gen/third_party/blink/renderer/core/css/properties/longhands.cc	1946
InternalVisitedTextFillColor	Inherit	Inherit	complete	out/Min/gen/third_party/blink/renderer/core/css/properties/longhands.cc	1950
InternalVisitedTextFillColor	Value	ConvertedColor	post-conversion-setter	out/Min/gen/third_party/blink/renderer/core/css/properties/longhands.cc	1954
InternalVisitedTextStrokeColor	Initial		unsupported	out/Min/gen/third_party/blink/renderer/core/css/properties/longhands.cc	1986
InternalVisitedTextStrokeColor	Inherit	Inherit	complete	out/Min/gen/third_party/blink/renderer/core/css/properties/longhands.cc	1990
InternalVisitedTextStrokeColor	Value	ConvertedColor	post-conversion-setter	out/Min/gen/third_party/blink/renderer/core/css/properties/longhands.cc	1994
AccentColor	Initial	NativeColorUI	production-complete	out/Min/gen/third_party/blink/renderer/core/css/properties/longhands.cc	2017
AccentColor	Inherit	NativeColorUI	production-complete	out/Min/gen/third_party/blink/renderer/core/css/properties/longhands.cc	2020
AccentColor	Value	NativeColorUI	production-typed-branch	out/Min/gen/third_party/blink/renderer/core/css/properties/longhands.cc	2023
AlignContent	Initial	Initial	complete	out/Min/gen/third_party/blink/renderer/core/css/properties/longhands.cc	2066
AlignContent	Inherit	Inherit	complete	out/Min/gen/third_party/blink/renderer/core/css/properties/longhands.cc	2069
AlignContent	Value	ConvertedContentAlignment	post-conversion-setter	out/Min/gen/third_party/blink/renderer/core/css/properties/longhands.cc	2072
AlignItems	Initial	Initial	complete	out/Min/gen/third_party/blink/renderer/core/css/properties/longhands.cc	2095
AlignItems	Inherit	Inherit	complete	out/Min/gen/third_party/blink/renderer/core/css/properties/longhands.cc	2098
AlignItems	Value	ConvertedSelfAlignment	post-conversion-setter	out/Min/gen/third_party/blink/renderer/core/css/properties/longhands.cc	2101
AlignSelf	Initial	Initial	complete	out/Min/gen/third_party/blink/renderer/core/css/properties/longhands.cc	2124
AlignSelf	Inherit	Inherit	complete	out/Min/gen/third_party/blink/renderer/core/css/properties/longhands.cc	2127
AlignSelf	Value	ConvertedSelfAlignment	post-conversion-setter	out/Min/gen/third_party/blink/renderer/core/css/properties/longhands.cc	2130
AlignmentBaseline	Initial	Initial	complete	out/Min/gen/third_party/blink/renderer/core/css/properties/longhands.cc	2153
AlignmentBaseline	Inherit	Inherit	complete	out/Min/gen/third_party/blink/renderer/core/css/properties/longhands.cc	2156
AlignmentBaseline	Value	Identifier	identifier-branch	out/Min/gen/third_party/blink/renderer/core/css/properties/longhands.cc	2159
All	Initial		unsupported	out/Min/gen/third_party/blink/renderer/core/css/properties/longhands.cc	2182
All	Inherit		unsupported	out/Min/gen/third_party/blink/renderer/core/css/properties/longhands.cc	2185
All	Value		unsupported	out/Min/gen/third_party/blink/renderer/core/css/properties/longhands.cc	2188
AnchorName	Initial	NativeAnchorPosition	production-complete	out/Min/gen/third_party/blink/renderer/core/css/properties/longhands.cc	2241
AnchorName	Inherit	NativeAnchorPosition	production-complete	out/Min/gen/third_party/blink/renderer/core/css/properties/longhands.cc	2244
AnchorName	Value	NativeAnchorPosition	production-typed-branch	out/Min/gen/third_party/blink/renderer/core/css/properties/longhands.cc	2247
AnchorScope	Initial	NativeAnchorPosition	production-complete	out/Min/gen/third_party/blink/renderer/core/css/properties/longhands.cc	2276
AnchorScope	Inherit	NativeAnchorPosition	production-complete	out/Min/gen/third_party/blink/renderer/core/css/properties/longhands.cc	2279
AnchorScope	Value	NativeAnchorPosition	production-typed-branch	out/Min/gen/third_party/blink/renderer/core/css/properties/longhands.cc	2282
AnimationComposition	Initial	NativeAnimation	production-complete	out/Min/gen/third_party/blink/renderer/core/css/properties/longhands.cc	2305
AnimationComposition	Inherit	NativeAnimation	production-complete	out/Min/gen/third_party/blink/renderer/core/css/properties/longhands.cc	2313
AnimationComposition	Value	NativeAnimation	production-complete	out/Min/gen/third_party/blink/renderer/core/css/properties/longhands.cc	2321
AnimationDelay	Initial	NativeAnimation	production-complete	out/Min/gen/third_party/blink/renderer/core/css/properties/longhands.cc	2351
AnimationDelay	Inherit	NativeAnimation	production-complete	out/Min/gen/third_party/blink/renderer/core/css/properties/longhands.cc	2359
AnimationDelay	Value	NativeAnimation	production-typed-branch	out/Min/gen/third_party/blink/renderer/core/css/properties/longhands.cc	2367
AnimationDirection	Initial	NativeAnimation	production-complete	out/Min/gen/third_party/blink/renderer/core/css/properties/longhands.cc	2397
AnimationDirection	Inherit	NativeAnimation	production-complete	out/Min/gen/third_party/blink/renderer/core/css/properties/longhands.cc	2405
AnimationDirection	Value	NativeAnimation	production-complete	out/Min/gen/third_party/blink/renderer/core/css/properties/longhands.cc	2413
AnimationDuration	Initial	NativeAnimation	production-complete	out/Min/gen/third_party/blink/renderer/core/css/properties/longhands.cc	2443
AnimationDuration	Inherit	NativeAnimation	production-complete	out/Min/gen/third_party/blink/renderer/core/css/properties/longhands.cc	2451
AnimationDuration	Value	NativeAnimation	production-typed-branch	out/Min/gen/third_party/blink/renderer/core/css/properties/longhands.cc	2459
AnimationFillMode	Initial	NativeAnimation	production-complete	out/Min/gen/third_party/blink/renderer/core/css/properties/longhands.cc	2489
AnimationFillMode	Inherit	NativeAnimation	production-complete	out/Min/gen/third_party/blink/renderer/core/css/properties/longhands.cc	2497
AnimationFillMode	Value	NativeAnimation	production-complete	out/Min/gen/third_party/blink/renderer/core/css/properties/longhands.cc	2505
AnimationIterationCount	Initial	NativeAnimation	production-complete	out/Min/gen/third_party/blink/renderer/core/css/properties/longhands.cc	2535
AnimationIterationCount	Inherit	NativeAnimation	production-complete	out/Min/gen/third_party/blink/renderer/core/css/properties/longhands.cc	2543
AnimationIterationCount	Value	NativeAnimation	production-typed-branch	out/Min/gen/third_party/blink/renderer/core/css/properties/longhands.cc	2551
AnimationName	Initial	NativeAnimation	production-complete	out/Min/gen/third_party/blink/renderer/core/css/properties/longhands.cc	2581
AnimationName	Inherit	NativeAnimation	production-complete	out/Min/gen/third_party/blink/renderer/core/css/properties/longhands.cc	2589
AnimationName	Value	NativeAnimation	production-typed-branch	out/Min/gen/third_party/blink/renderer/core/css/properties/longhands.cc	2597
AnimationPlayState	Initial	NativeAnimation	production-complete	out/Min/gen/third_party/blink/renderer/core/css/properties/longhands.cc	2627
AnimationPlayState	Inherit	NativeAnimation	production-complete	out/Min/gen/third_party/blink/renderer/core/css/properties/longhands.cc	2635
AnimationPlayState	Value	NativeAnimation	production-complete	out/Min/gen/third_party/blink/renderer/core/css/properties/longhands.cc	2643
AnimationRangeEnd	Initial	NativeAnimation	production-complete	out/Min/gen/third_party/blink/renderer/core/css/properties/longhands.cc	2673
AnimationRangeEnd	Inherit	NativeAnimation	production-same-zoom-branch	out/Min/gen/third_party/blink/renderer/core/css/properties/longhands.cc	2681
AnimationRangeEnd	Value	NativeAnimation	production-typed-branch	out/Min/gen/third_party/blink/renderer/core/css/properties/longhands.cc	2694
AnimationRangeStart	Initial	NativeAnimation	production-complete	out/Min/gen/third_party/blink/renderer/core/css/properties/longhands.cc	2724
AnimationRangeStart	Inherit	NativeAnimation	production-same-zoom-branch	out/Min/gen/third_party/blink/renderer/core/css/properties/longhands.cc	2732
AnimationRangeStart	Value	NativeAnimation	production-typed-branch	out/Min/gen/third_party/blink/renderer/core/css/properties/longhands.cc	2745
AnimationTimeline	Initial	NativeAnimation	production-complete	out/Min/gen/third_party/blink/renderer/core/css/properties/longhands.cc	2775
AnimationTimeline	Inherit	NativeAnimation	production-same-zoom-branch	out/Min/gen/third_party/blink/renderer/core/css/properties/longhands.cc	2783
AnimationTimeline	Value	NativeAnimation	production-typed-branch	out/Min/gen/third_party/blink/renderer/core/css/properties/longhands.cc	2796
AnimationTimingFunction	Initial	NativeAnimation	production-complete	out/Min/gen/third_party/blink/renderer/core/css/properties/longhands.cc	2826
AnimationTimingFunction	Inherit	NativeAnimation	production-complete	out/Min/gen/third_party/blink/renderer/core/css/properties/longhands.cc	2834
AnimationTimingFunction	Value	NativeAnimation	production-typed-branch	out/Min/gen/third_party/blink/renderer/core/css/properties/longhands.cc	2842
AnimationTrigger	Initial		unsupported	out/Min/gen/third_party/blink/renderer/core/css/properties/longhands.cc	2878
AnimationTrigger	Inherit		unsupported	out/Min/gen/third_party/blink/renderer/core/css/properties/longhands.cc	2886
AnimationTrigger	Value		unsupported	out/Min/gen/third_party/blink/renderer/core/css/properties/longhands.cc	2894
AspectRatio	Initial	NativeLayoutMisc	production-complete	out/Min/gen/third_party/blink/renderer/core/css/properties/longhands.cc	2967
AspectRatio	Inherit	NativeLayoutMisc	production-complete	out/Min/gen/third_party/blink/renderer/core/css/properties/longhands.cc	2970
AspectRatio	Value	NativeLayoutMisc	production-typed-branch	out/Min/gen/third_party/blink/renderer/core/css/properties/longhands.cc	2973
BackdropFilter	Initial	NativeEffects	production-complete	out/Min/gen/third_party/blink/renderer/core/css/properties/longhands.cc	3002
BackdropFilter	Inherit	NativeEffects	production-same-zoom-branch	out/Min/gen/third_party/blink/renderer/core/css/properties/longhands.cc	3005
BackfaceVisibility	Initial	Initial	complete	out/Min/gen/third_party/blink/renderer/core/css/properties/longhands.cc	3033
BackfaceVisibility	Inherit	Inherit	complete	out/Min/gen/third_party/blink/renderer/core/css/properties/longhands.cc	3036
BackfaceVisibility	Value	Identifier	identifier-branch	out/Min/gen/third_party/blink/renderer/core/css/properties/longhands.cc	3039
BackgroundAttachment	Initial		unsupported	out/Min/gen/third_party/blink/renderer/core/css/properties/longhands.cc	3062
BackgroundAttachment	Inherit		unsupported	out/Min/gen/third_party/blink/renderer/core/css/properties/longhands.cc	3069
BackgroundAttachment	Value		unsupported	out/Min/gen/third_party/blink/renderer/core/css/properties/longhands.cc	3089
BackgroundBlendMode	Initial		unsupported	out/Min/gen/third_party/blink/renderer/core/css/properties/longhands.cc	3132
BackgroundBlendMode	Inherit		unsupported	out/Min/gen/third_party/blink/renderer/core/css/properties/longhands.cc	3139
BackgroundBlendMode	Value		unsupported	out/Min/gen/third_party/blink/renderer/core/css/properties/longhands.cc	3159
BackgroundClip	Initial		unsupported	out/Min/gen/third_party/blink/renderer/core/css/properties/longhands.cc	3202
BackgroundClip	Inherit		unsupported	out/Min/gen/third_party/blink/renderer/core/css/properties/longhands.cc	3209
BackgroundColor	Initial	Initial	complete	out/Min/gen/third_party/blink/renderer/core/css/properties/longhands.cc	3255
BackgroundColor	Inherit	Inherit	complete	out/Min/gen/third_party/blink/renderer/core/css/properties/longhands.cc	3259
BackgroundColor	Value	ConvertedColor	post-conversion-setter	out/Min/gen/third_party/blink/renderer/core/css/properties/longhands.cc	3263
BackgroundImage	Initial	NativeBackgroundImage	production-complete	out/Min/gen/third_party/blink/renderer/core/css/properties/longhands.cc	3286
BackgroundImage	Inherit	NativeBackgroundImage	production-complete	out/Min/gen/third_party/blink/renderer/core/css/properties/longhands.cc	3293
BackgroundImage	Value	NativeBackgroundImage	production-literal-branch	out/Min/gen/third_party/blink/renderer/core/css/properties/longhands.cc	3313
BackgroundOrigin	Initial		unsupported	out/Min/gen/third_party/blink/renderer/core/css/properties/longhands.cc	3356
BackgroundOrigin	Inherit		unsupported	out/Min/gen/third_party/blink/renderer/core/css/properties/longhands.cc	3363
BackgroundOrigin	Value		unsupported	out/Min/gen/third_party/blink/renderer/core/css/properties/longhands.cc	3383
BackgroundPositionX	Initial		unsupported	out/Min/gen/third_party/blink/renderer/core/css/properties/longhands.cc	3426
BackgroundPositionX	Inherit		unsupported	out/Min/gen/third_party/blink/renderer/core/css/properties/longhands.cc	3433
BackgroundPositionX	Value		unsupported	out/Min/gen/third_party/blink/renderer/core/css/properties/longhands.cc	3460
BackgroundPositionY	Initial		unsupported	out/Min/gen/third_party/blink/renderer/core/css/properties/longhands.cc	3503
BackgroundPositionY	Inherit		unsupported	out/Min/gen/third_party/blink/renderer/core/css/properties/longhands.cc	3510
BackgroundPositionY	Value		unsupported	out/Min/gen/third_party/blink/renderer/core/css/properties/longhands.cc	3537
BackgroundRepeat	Initial		unsupported	out/Min/gen/third_party/blink/renderer/core/css/properties/longhands.cc	3580
BackgroundRepeat	Inherit		unsupported	out/Min/gen/third_party/blink/renderer/core/css/properties/longhands.cc	3587
BackgroundRepeat	Value		unsupported	out/Min/gen/third_party/blink/renderer/core/css/properties/longhands.cc	3607
BackgroundSize	Initial		unsupported	out/Min/gen/third_party/blink/renderer/core/css/properties/longhands.cc	3656
BackgroundSize	Inherit		unsupported	out/Min/gen/third_party/blink/renderer/core/css/properties/longhands.cc	3663
BackgroundSize	Value		unsupported	out/Min/gen/third_party/blink/renderer/core/css/properties/longhands.cc	3688
BaselineShift	Initial	NativeSVGPresentation	production-complete	out/Min/gen/third_party/blink/renderer/core/css/properties/longhands.cc	3777
BaselineSource	Initial	Initial	complete	out/Min/gen/third_party/blink/renderer/core/css/properties/longhands.cc	3800
BaselineSource	Inherit	Inherit	complete	out/Min/gen/third_party/blink/renderer/core/css/properties/longhands.cc	3803
BaselineSource	Value	Identifier	identifier-branch	out/Min/gen/third_party/blink/renderer/core/css/properties/longhands.cc	3806
BlockEllipsis	Initial	NativeLinePagination	production-runtime-branch	out/Min/gen/third_party/blink/renderer/core/css/properties/longhands.cc	3835
BlockEllipsis	Inherit	NativeLinePagination	production-runtime-branch	out/Min/gen/third_party/blink/renderer/core/css/properties/longhands.cc	3838
BlockEllipsis	Value	NativeLinePagination	production-runtime-branch	out/Min/gen/third_party/blink/renderer/core/css/properties/longhands.cc	3841
BorderBottomColor	Initial	NativeBorder	production-complete	out/Min/gen/third_party/blink/renderer/core/css/properties/longhands.cc	4142
BorderBottomColor	Inherit	NativeBorder	production-complete	out/Min/gen/third_party/blink/renderer/core/css/properties/longhands.cc	4146
BorderBottomColor	Value	NativeBorder	production-typed-branch	out/Min/gen/third_party/blink/renderer/core/css/properties/longhands.cc	4150
BorderBottomLeftRadius	Initial	NativeBorder	production-complete	out/Min/gen/third_party/blink/renderer/core/css/properties/longhands.cc	4188
BorderBottomLeftRadius	Inherit	NativeBorder	production-same-zoom-branch	out/Min/gen/third_party/blink/renderer/core/css/properties/longhands.cc	4191
BorderBottomLeftRadius	Value	NativeBorder	production-typed-branch	out/Min/gen/third_party/blink/renderer/core/css/properties/longhands.cc	4199
BorderBottomRightRadius	Initial	NativeBorder	production-complete	out/Min/gen/third_party/blink/renderer/core/css/properties/longhands.cc	4237
BorderBottomRightRadius	Inherit	NativeBorder	production-same-zoom-branch	out/Min/gen/third_party/blink/renderer/core/css/properties/longhands.cc	4240
BorderBottomRightRadius	Value	NativeBorder	production-typed-branch	out/Min/gen/third_party/blink/renderer/core/css/properties/longhands.cc	4248
BorderBottomStyle	Initial	Initial	complete	out/Min/gen/third_party/blink/renderer/core/css/properties/longhands.cc	4280
BorderBottomStyle	Inherit	Inherit	complete	out/Min/gen/third_party/blink/renderer/core/css/properties/longhands.cc	4283
BorderBottomStyle	Value	Identifier	identifier-branch	out/Min/gen/third_party/blink/renderer/core/css/properties/longhands.cc	4286
BorderBottomWidth	Value	NativeBorder	production-typed-branch	out/Min/gen/third_party/blink/renderer/core/css/properties/longhands.cc	4324
BorderCollapse	Initial	Initial	complete	out/Min/gen/third_party/blink/renderer/core/css/properties/longhands.cc	4347
BorderCollapse	Inherit	Inherit	complete	out/Min/gen/third_party/blink/renderer/core/css/properties/longhands.cc	4351
BorderCollapse	Value	Identifier	identifier-branch	out/Min/gen/third_party/blink/renderer/core/css/properties/longhands.cc	4355
BorderImageOutset	Initial	NativeNinePieceImage	production-complete	out/Min/gen/third_party/blink/renderer/core/css/properties/longhands.cc	4467
BorderImageOutset	Inherit	NativeNinePieceImage	production-same-zoom-branch	out/Min/gen/third_party/blink/renderer/core/css/properties/longhands.cc	4476
BorderImageOutset	Value	NativeNinePieceImage	production-typed-branch	out/Min/gen/third_party/blink/renderer/core/css/properties/longhands.cc	4486
BorderImageRepeat	Initial	NativeNinePieceImage	production-complete	out/Min/gen/third_party/blink/renderer/core/css/properties/longhands.cc	4511
BorderImageRepeat	Inherit	NativeNinePieceImage	production-complete	out/Min/gen/third_party/blink/renderer/core/css/properties/longhands.cc	4521
BorderImageRepeat	Value	NativeNinePieceImage	production-complete	out/Min/gen/third_party/blink/renderer/core/css/properties/longhands.cc	4526
BorderImageSlice	Initial	NativeNinePieceImage	production-complete	out/Min/gen/third_party/blink/renderer/core/css/properties/longhands.cc	4551
BorderImageSlice	Inherit	NativeNinePieceImage	production-complete	out/Min/gen/third_party/blink/renderer/core/css/properties/longhands.cc	4561
BorderImageSlice	Value	NativeNinePieceImage	production-typed-branch	out/Min/gen/third_party/blink/renderer/core/css/properties/longhands.cc	4566
BorderImageSource	Initial	NativeNinePieceImage	production-complete	out/Min/gen/third_party/blink/renderer/core/css/properties/longhands.cc	4597
BorderImageSource	Inherit	NativeNinePieceImage	production-complete	out/Min/gen/third_party/blink/renderer/core/css/properties/longhands.cc	4600
BorderImageWidth	Initial	NativeNinePieceImage	production-complete	out/Min/gen/third_party/blink/renderer/core/css/properties/longhands.cc	4629
BorderImageWidth	Inherit	NativeNinePieceImage	production-same-zoom-branch	out/Min/gen/third_party/blink/renderer/core/css/properties/longhands.cc	4638
BorderImageWidth	Value	NativeNinePieceImage	production-typed-branch	out/Min/gen/third_party/blink/renderer/core/css/properties/longhands.cc	4648
BorderLeftColor	Initial	NativeBorder	production-complete	out/Min/gen/third_party/blink/renderer/core/css/properties/longhands.cc	4910
BorderLeftColor	Inherit	NativeBorder	production-complete	out/Min/gen/third_party/blink/renderer/core/css/properties/longhands.cc	4914
BorderLeftColor	Value	NativeBorder	production-typed-branch	out/Min/gen/third_party/blink/renderer/core/css/properties/longhands.cc	4918
BorderLeftStyle	Initial	Initial	complete	out/Min/gen/third_party/blink/renderer/core/css/properties/longhands.cc	4950
BorderLeftStyle	Inherit	Inherit	complete	out/Min/gen/third_party/blink/renderer/core/css/properties/longhands.cc	4953
BorderLeftStyle	Value	Identifier	identifier-branch	out/Min/gen/third_party/blink/renderer/core/css/properties/longhands.cc	4956
BorderLeftWidth	Value	NativeBorder	production-typed-branch	out/Min/gen/third_party/blink/renderer/core/css/properties/longhands.cc	4994
BorderRightColor	Initial	NativeBorder	production-complete	out/Min/gen/third_party/blink/renderer/core/css/properties/longhands.cc	5032
BorderRightColor	Inherit	NativeBorder	production-complete	out/Min/gen/third_party/blink/renderer/core/css/properties/longhands.cc	5036
BorderRightColor	Value	NativeBorder	production-typed-branch	out/Min/gen/third_party/blink/renderer/core/css/properties/longhands.cc	5040
BorderRightStyle	Initial	Initial	complete	out/Min/gen/third_party/blink/renderer/core/css/properties/longhands.cc	5072
BorderRightStyle	Inherit	Inherit	complete	out/Min/gen/third_party/blink/renderer/core/css/properties/longhands.cc	5075
BorderRightStyle	Value	Identifier	identifier-branch	out/Min/gen/third_party/blink/renderer/core/css/properties/longhands.cc	5078
BorderRightWidth	Value	NativeBorder	production-typed-branch	out/Min/gen/third_party/blink/renderer/core/css/properties/longhands.cc	5116
BorderShape	Initial	Initial	complete	out/Min/gen/third_party/blink/renderer/core/css/properties/longhands.cc	5145
BorderShape	Inherit		unsupported	out/Min/gen/third_party/blink/renderer/core/css/properties/longhands.cc	5148
BorderShape	Value		unsupported	out/Min/gen/third_party/blink/renderer/core/css/properties/longhands.cc	5156
BorderTopColor	Initial	NativeBorder	production-complete	out/Min/gen/third_party/blink/renderer/core/css/properties/longhands.cc	5276
BorderTopColor	Inherit	NativeBorder	production-complete	out/Min/gen/third_party/blink/renderer/core/css/properties/longhands.cc	5280
BorderTopColor	Value	NativeBorder	production-typed-branch	out/Min/gen/third_party/blink/renderer/core/css/properties/longhands.cc	5284
BorderTopLeftRadius	Initial	NativeBorder	production-complete	out/Min/gen/third_party/blink/renderer/core/css/properties/longhands.cc	5322
BorderTopLeftRadius	Inherit	NativeBorder	production-same-zoom-branch	out/Min/gen/third_party/blink/renderer/core/css/properties/longhands.cc	5325
BorderTopLeftRadius	Value	NativeBorder	production-typed-branch	out/Min/gen/third_party/blink/renderer/core/css/properties/longhands.cc	5333
BorderTopRightRadius	Initial	NativeBorder	production-complete	out/Min/gen/third_party/blink/renderer/core/css/properties/longhands.cc	5371
BorderTopRightRadius	Inherit	NativeBorder	production-same-zoom-branch	out/Min/gen/third_party/blink/renderer/core/css/properties/longhands.cc	5374
BorderTopRightRadius	Value	NativeBorder	production-typed-branch	out/Min/gen/third_party/blink/renderer/core/css/properties/longhands.cc	5382
BorderTopStyle	Initial	Initial	complete	out/Min/gen/third_party/blink/renderer/core/css/properties/longhands.cc	5414
BorderTopStyle	Inherit	Inherit	complete	out/Min/gen/third_party/blink/renderer/core/css/properties/longhands.cc	5417
BorderTopStyle	Value	Identifier	identifier-branch	out/Min/gen/third_party/blink/renderer/core/css/properties/longhands.cc	5420
BorderTopWidth	Value	NativeBorder	production-typed-branch	out/Min/gen/third_party/blink/renderer/core/css/properties/longhands.cc	5458
Bottom	Initial	Initial	complete	out/Min/gen/third_party/blink/renderer/core/css/properties/longhands.cc	5490
Bottom	Inherit		unsupported	out/Min/gen/third_party/blink/renderer/core/css/properties/longhands.cc	5493
Bottom	Value	ConvertedLength	post-conversion-setter	out/Min/gen/third_party/blink/renderer/core/css/properties/longhands.cc	5501
BoxDecorationBreak	Initial	Initial	complete	out/Min/gen/third_party/blink/renderer/core/css/properties/longhands.cc	5527
BoxDecorationBreak	Inherit	Inherit	complete	out/Min/gen/third_party/blink/renderer/core/css/properties/longhands.cc	5530
BoxDecorationBreak	Value	Identifier	identifier-branch	out/Min/gen/third_party/blink/renderer/core/css/properties/longhands.cc	5533
BoxShadow	Initial	NativeShadowList	production-complete	out/Min/gen/third_party/blink/renderer/core/css/properties/longhands.cc	5556
BoxShadow	Inherit	NativeShadowList	production-literal-branch	out/Min/gen/third_party/blink/renderer/core/css/properties/longhands.cc	5559
BoxShadow	Value	NativeShadowList	production-literal-branch	out/Min/gen/third_party/blink/renderer/core/css/properties/longhands.cc	5567
BoxSizing	Initial	Initial	complete	out/Min/gen/third_party/blink/renderer/core/css/properties/longhands.cc	5590
BoxSizing	Inherit	Inherit	complete	out/Min/gen/third_party/blink/renderer/core/css/properties/longhands.cc	5593
BoxSizing	Value	Identifier	identifier-branch	out/Min/gen/third_party/blink/renderer/core/css/properties/longhands.cc	5596
BreakAfter	Initial	NativeLinePagination	production-complete	out/Min/gen/third_party/blink/renderer/core/css/properties/longhands.cc	5619
BreakAfter	Inherit	NativeLinePagination	production-complete	out/Min/gen/third_party/blink/renderer/core/css/properties/longhands.cc	5622
BreakAfter	Value	NativeLinePagination	production-complete	out/Min/gen/third_party/blink/renderer/core/css/properties/longhands.cc	5625
BreakBefore	Initial	NativeLinePagination	production-complete	out/Min/gen/third_party/blink/renderer/core/css/properties/longhands.cc	5648
BreakBefore	Inherit	NativeLinePagination	production-complete	out/Min/gen/third_party/blink/renderer/core/css/properties/longhands.cc	5651
BreakBefore	Value	NativeLinePagination	production-complete	out/Min/gen/third_party/blink/renderer/core/css/properties/longhands.cc	5654
BreakInside	Initial	NativeLinePagination	production-complete	out/Min/gen/third_party/blink/renderer/core/css/properties/longhands.cc	5677
BreakInside	Inherit	NativeLinePagination	production-complete	out/Min/gen/third_party/blink/renderer/core/css/properties/longhands.cc	5680
BreakInside	Value	NativeLinePagination	production-complete	out/Min/gen/third_party/blink/renderer/core/css/properties/longhands.cc	5683
BufferedRendering	Initial	Initial	complete	out/Min/gen/third_party/blink/renderer/core/css/properties/longhands.cc	5706
BufferedRendering	Inherit	Inherit	complete	out/Min/gen/third_party/blink/renderer/core/css/properties/longhands.cc	5709
BufferedRendering	Value	Identifier	identifier-branch	out/Min/gen/third_party/blink/renderer/core/css/properties/longhands.cc	5712
CaptionSide	Initial	Initial	complete	out/Min/gen/third_party/blink/renderer/core/css/properties/longhands.cc	5735
CaptionSide	Inherit	Inherit	complete	out/Min/gen/third_party/blink/renderer/core/css/properties/longhands.cc	5739
CaptionSide	Value	Identifier	identifier-branch	out/Min/gen/third_party/blink/renderer/core/css/properties/longhands.cc	5743
CaretAnimation	Initial	Initial	complete	out/Min/gen/third_party/blink/renderer/core/css/properties/longhands.cc	5773
CaretAnimation	Inherit	Inherit	complete	out/Min/gen/third_party/blink/renderer/core/css/properties/longhands.cc	5776
CaretAnimation	Value	Identifier	identifier-branch	out/Min/gen/third_party/blink/renderer/core/css/properties/longhands.cc	5779
CaretColor	Initial	NativeColorUI	production-complete	out/Min/gen/third_party/blink/renderer/core/css/properties/longhands.cc	5802
CaretColor	Inherit	NativeColorUI	production-complete	out/Min/gen/third_party/blink/renderer/core/css/properties/longhands.cc	5805
CaretColor	Value	NativeColorUI	production-typed-branch	out/Min/gen/third_party/blink/renderer/core/css/properties/longhands.cc	5808
CaretShape	Initial	Initial	complete	out/Min/gen/third_party/blink/renderer/core/css/properties/longhands.cc	5837
CaretShape	Inherit	Inherit	complete	out/Min/gen/third_party/blink/renderer/core/css/properties/longhands.cc	5840
CaretShape	Value	Identifier	identifier-branch	out/Min/gen/third_party/blink/renderer/core/css/properties/longhands.cc	5843
Clear	Initial	Initial	complete	out/Min/gen/third_party/blink/renderer/core/css/properties/longhands.cc	5866
Clear	Inherit	Inherit	complete	out/Min/gen/third_party/blink/renderer/core/css/properties/longhands.cc	5869
Clear	Value	Identifier	identifier-branch	out/Min/gen/third_party/blink/renderer/core/css/properties/longhands.cc	5872
Clip	Initial	NativeViewport	production-complete	out/Min/gen/third_party/blink/renderer/core/css/properties/longhands.cc	5895
Clip	Inherit	NativeViewport	production-same-zoom-branch	out/Min/gen/third_party/blink/renderer/core/css/properties/longhands.cc	5898
Clip	Value	NativeViewport	production-typed-branch	out/Min/gen/third_party/blink/renderer/core/css/properties/longhands.cc	5909
ClipPath	Initial	NativeEffects	production-complete	out/Min/gen/third_party/blink/renderer/core/css/properties/longhands.cc	5936
ClipPath	Inherit	NativeEffects	production-same-zoom-branch	out/Min/gen/third_party/blink/renderer/core/css/properties/longhands.cc	5939
ClipPath	Value	NativeEffects	production-typed-branch	out/Min/gen/third_party/blink/renderer/core/css/properties/longhands.cc	5947
ClipRule	Initial	Initial	complete	out/Min/gen/third_party/blink/renderer/core/css/properties/longhands.cc	5970
ClipRule	Inherit	Inherit	complete	out/Min/gen/third_party/blink/renderer/core/css/properties/longhands.cc	5973
ClipRule	Value		unsupported	out/Min/gen/third_party/blink/renderer/core/css/properties/longhands.cc	5976
ColorInterpolation	Initial	Initial	complete	out/Min/gen/third_party/blink/renderer/core/css/properties/longhands.cc	5999
ColorInterpolation	Inherit	Inherit	complete	out/Min/gen/third_party/blink/renderer/core/css/properties/longhands.cc	6002
ColorInterpolation	Value	Identifier	identifier-branch	out/Min/gen/third_party/blink/renderer/core/css/properties/longhands.cc	6005
ColorInterpolationFilters	Initial	Initial	complete	out/Min/gen/third_party/blink/renderer/core/css/properties/longhands.cc	6028
ColorInterpolationFilters	Inherit	Inherit	complete	out/Min/gen/third_party/blink/renderer/core/css/properties/longhands.cc	6031
ColorInterpolationFilters	Value	Identifier	identifier-branch	out/Min/gen/third_party/blink/renderer/core/css/properties/longhands.cc	6034
ColorRendering	Initial	Initial	complete	out/Min/gen/third_party/blink/renderer/core/css/properties/longhands.cc	6057
ColorRendering	Inherit	Inherit	complete	out/Min/gen/third_party/blink/renderer/core/css/properties/longhands.cc	6060
ColorRendering	Value	Identifier	identifier-branch	out/Min/gen/third_party/blink/renderer/core/css/properties/longhands.cc	6063
ColumnCount	Initial	NativeLayoutMisc	production-complete	out/Min/gen/third_party/blink/renderer/core/css/properties/longhands.cc	6092
ColumnCount	Inherit	NativeLayoutMisc	production-complete	out/Min/gen/third_party/blink/renderer/core/css/properties/longhands.cc	6095
ColumnCount	Value	NativeLayoutMisc	production-typed-branch	out/Min/gen/third_party/blink/renderer/core/css/properties/longhands.cc	6101
ColumnFill	Initial	Initial	complete	out/Min/gen/third_party/blink/renderer/core/css/properties/longhands.cc	6128
ColumnFill	Inherit	Inherit	complete	out/Min/gen/third_party/blink/renderer/core/css/properties/longhands.cc	6131
ColumnFill	Value	Identifier	identifier-branch	out/Min/gen/third_party/blink/renderer/core/css/properties/longhands.cc	6134
ColumnGap	Initial	Initial	complete	out/Min/gen/third_party/blink/renderer/core/css/properties/longhands.cc	6163
ColumnGap	Inherit		unsupported	out/Min/gen/third_party/blink/renderer/core/css/properties/longhands.cc	6166
ColumnGap	Value		unsupported	out/Min/gen/third_party/blink/renderer/core/css/properties/longhands.cc	6174
ColumnHeight	Initial	NativeLayoutMisc	production-complete	out/Min/gen/third_party/blink/renderer/core/css/properties/longhands.cc	6203
ColumnHeight	Inherit	NativeLayoutMisc	production-same-zoom-branch	out/Min/gen/third_party/blink/renderer/core/css/properties/longhands.cc	6206
ColumnHeight	Value	NativeLayoutMisc	production-typed-branch	out/Min/gen/third_party/blink/renderer/core/css/properties/longhands.cc	6217
ColumnRuleBreak	Initial	NativeGapRuleBits	production-complete	out/Min/gen/third_party/blink/renderer/core/css/properties/longhands.cc	6244
ColumnRuleBreak	Inherit	NativeGapRuleBits	production-complete	out/Min/gen/third_party/blink/renderer/core/css/properties/longhands.cc	6247
ColumnRuleBreak	Value	NativeGapRuleBits	production-complete	out/Min/gen/third_party/blink/renderer/core/css/properties/longhands.cc	6250
ColumnRuleColor	Initial	NativeColumnRule	production-complete	out/Min/gen/third_party/blink/renderer/core/css/properties/longhands.cc	6273
ColumnRuleColor	Inherit	NativeColumnRule	production-complete	out/Min/gen/third_party/blink/renderer/core/css/properties/longhands.cc	6276
ColumnRuleColor	Value	NativeColumnRule	production-typed-branch	out/Min/gen/third_party/blink/renderer/core/css/properties/longhands.cc	6279
ColumnRuleInsetCapEnd	Initial	Initial	complete	out/Min/gen/third_party/blink/renderer/core/css/properties/longhands.cc	6302
ColumnRuleInsetCapEnd	Inherit		unsupported	out/Min/gen/third_party/blink/renderer/core/css/properties/longhands.cc	6305
ColumnRuleInsetCapEnd	Value	ConvertedLength	post-conversion-setter	out/Min/gen/third_party/blink/renderer/core/css/properties/longhands.cc	6313
ColumnRuleInsetCapStart	Initial	Initial	complete	out/Min/gen/third_party/blink/renderer/core/css/properties/longhands.cc	6336
ColumnRuleInsetCapStart	Inherit		unsupported	out/Min/gen/third_party/blink/renderer/core/css/properties/longhands.cc	6339
ColumnRuleInsetCapStart	Value	ConvertedLength	post-conversion-setter	out/Min/gen/third_party/blink/renderer/core/css/properties/longhands.cc	6347
ColumnRuleInsetJunctionEnd	Initial	Initial	complete	out/Min/gen/third_party/blink/renderer/core/css/properties/longhands.cc	6370
ColumnRuleInsetJunctionEnd	Inherit		unsupported	out/Min/gen/third_party/blink/renderer/core/css/properties/longhands.cc	6373
ColumnRuleInsetJunctionEnd	Value	ConvertedLength	post-conversion-setter	out/Min/gen/third_party/blink/renderer/core/css/properties/longhands.cc	6381
ColumnRuleInsetJunctionStart	Initial	Initial	complete	out/Min/gen/third_party/blink/renderer/core/css/properties/longhands.cc	6404
ColumnRuleInsetJunctionStart	Inherit		unsupported	out/Min/gen/third_party/blink/renderer/core/css/properties/longhands.cc	6407
ColumnRuleInsetJunctionStart	Value	ConvertedLength	post-conversion-setter	out/Min/gen/third_party/blink/renderer/core/css/properties/longhands.cc	6415
ColumnRuleStyle	Initial	NativeColumnRule	production-complete	out/Min/gen/third_party/blink/renderer/core/css/properties/longhands.cc	6438
ColumnRuleStyle	Inherit	NativeColumnRule	production-complete	out/Min/gen/third_party/blink/renderer/core/css/properties/longhands.cc	6441
ColumnRuleStyle	Value	NativeColumnRule	production-typed-branch	out/Min/gen/third_party/blink/renderer/core/css/properties/longhands.cc	6444
ColumnRuleVisibilityItems	Initial	NativeGapRuleBits	production-complete	out/Min/gen/third_party/blink/renderer/core/css/properties/longhands.cc	6467
ColumnRuleVisibilityItems	Inherit	NativeGapRuleBits	production-complete	out/Min/gen/third_party/blink/renderer/core/css/properties/longhands.cc	6470
ColumnRuleVisibilityItems	Value	NativeGapRuleBits	production-complete	out/Min/gen/third_party/blink/renderer/core/css/properties/longhands.cc	6473
ColumnRuleWidth	Value	NativeColumnRule	production-typed-branch	out/Min/gen/third_party/blink/renderer/core/css/properties/longhands.cc	6496
ColumnSpan	Initial	Initial	complete	out/Min/gen/third_party/blink/renderer/core/css/properties/longhands.cc	6519
ColumnSpan	Inherit	Inherit	complete	out/Min/gen/third_party/blink/renderer/core/css/properties/longhands.cc	6522
ColumnSpan	Value	Identifier	identifier-branch	out/Min/gen/third_party/blink/renderer/core/css/properties/longhands.cc	6525
ColumnWidth	Initial	NativeLayoutMisc	production-complete	out/Min/gen/third_party/blink/renderer/core/css/properties/longhands.cc	6554
ColumnWidth	Inherit	NativeLayoutMisc	production-same-zoom-branch	out/Min/gen/third_party/blink/renderer/core/css/properties/longhands.cc	6557
ColumnWidth	Value	NativeLayoutMisc	production-typed-branch	out/Min/gen/third_party/blink/renderer/core/css/properties/longhands.cc	6568
ColumnWrap	Initial	Initial	complete	out/Min/gen/third_party/blink/renderer/core/css/properties/longhands.cc	6595
ColumnWrap	Inherit	Inherit	complete	out/Min/gen/third_party/blink/renderer/core/css/properties/longhands.cc	6598
ColumnWrap	Value	Identifier	identifier-branch	out/Min/gen/third_party/blink/renderer/core/css/properties/longhands.cc	6601
Contain	Initial	NativeLayoutMisc	production-complete	out/Min/gen/third_party/blink/renderer/core/css/properties/longhands.cc	6624
Contain	Inherit	NativeLayoutMisc	production-complete	out/Min/gen/third_party/blink/renderer/core/css/properties/longhands.cc	6627
Contain	Value	NativeLayoutMisc	production-complete	out/Min/gen/third_party/blink/renderer/core/css/properties/longhands.cc	6630
ContainIntrinsicHeight	Initial	NativeLayoutMisc	production-complete	out/Min/gen/third_party/blink/renderer/core/css/properties/longhands.cc	6700
ContainIntrinsicHeight	Inherit	NativeLayoutMisc	production-same-zoom-branch	out/Min/gen/third_party/blink/renderer/core/css/properties/longhands.cc	6703
ContainIntrinsicHeight	Value	NativeLayoutMisc	production-typed-branch	out/Min/gen/third_party/blink/renderer/core/css/properties/longhands.cc	6711
ContainIntrinsicWidth	Initial	NativeLayoutMisc	production-complete	out/Min/gen/third_party/blink/renderer/core/css/properties/longhands.cc	6781
ContainIntrinsicWidth	Inherit	NativeLayoutMisc	production-same-zoom-branch	out/Min/gen/third_party/blink/renderer/core/css/properties/longhands.cc	6784
ContainIntrinsicWidth	Value	NativeLayoutMisc	production-typed-branch	out/Min/gen/third_party/blink/renderer/core/css/properties/longhands.cc	6792
ContainerName	Initial	NativeContainer	production-complete	out/Min/gen/third_party/blink/renderer/core/css/properties/longhands.cc	6821
ContainerName	Inherit	NativeContainer	production-complete	out/Min/gen/third_party/blink/renderer/core/css/properties/longhands.cc	6824
ContainerName	Value	NativeContainer	production-literal-branch	out/Min/gen/third_party/blink/renderer/core/css/properties/longhands.cc	6827
ContainerType	Initial	NativeContainer	production-complete	out/Min/gen/third_party/blink/renderer/core/css/properties/longhands.cc	6850
ContainerType	Inherit	NativeContainer	production-complete	out/Min/gen/third_party/blink/renderer/core/css/properties/longhands.cc	6853
ContainerType	Value	NativeContainer	production-complete	out/Min/gen/third_party/blink/renderer/core/css/properties/longhands.cc	6856
ContentVisibility	Initial	Initial	complete	out/Min/gen/third_party/blink/renderer/core/css/properties/longhands.cc	6899
ContentVisibility	Inherit	Inherit	complete	out/Min/gen/third_party/blink/renderer/core/css/properties/longhands.cc	6902
ContentVisibility	Value	Identifier	identifier-branch	out/Min/gen/third_party/blink/renderer/core/css/properties/longhands.cc	6905
Continue	Initial	NativeLinePagination	production-runtime-branch	out/Min/gen/third_party/blink/renderer/core/css/properties/longhands.cc	6934
Continue	Inherit	NativeLinePagination	production-runtime-branch	out/Min/gen/third_party/blink/renderer/core/css/properties/longhands.cc	6937
Continue	Value	NativeLinePagination	production-runtime-branch	out/Min/gen/third_party/blink/renderer/core/css/properties/longhands.cc	6940
CornerBottomLeftShape	Initial	Initial	complete	out/Min/gen/third_party/blink/renderer/core/css/properties/longhands.cc	6978
CornerBottomLeftShape	Inherit	Inherit	complete	out/Min/gen/third_party/blink/renderer/core/css/properties/longhands.cc	6981
CornerBottomLeftShape	Value		unsupported	out/Min/gen/third_party/blink/renderer/core/css/properties/longhands.cc	6984
CornerBottomRightShape	Initial	Initial	complete	out/Min/gen/third_party/blink/renderer/core/css/properties/longhands.cc	7022
CornerBottomRightShape	Inherit	Inherit	complete	out/Min/gen/third_party/blink/renderer/core/css/properties/longhands.cc	7025
CornerBottomRightShape	Value		unsupported	out/Min/gen/third_party/blink/renderer/core/css/properties/longhands.cc	7028
CornerTopLeftShape	Initial	Initial	complete	out/Min/gen/third_party/blink/renderer/core/css/properties/longhands.cc	7230
CornerTopLeftShape	Inherit	Inherit	complete	out/Min/gen/third_party/blink/renderer/core/css/properties/longhands.cc	7233
CornerTopLeftShape	Value		unsupported	out/Min/gen/third_party/blink/renderer/core/css/properties/longhands.cc	7236
CornerTopRightShape	Initial	Initial	complete	out/Min/gen/third_party/blink/renderer/core/css/properties/longhands.cc	7274
CornerTopRightShape	Inherit	Inherit	complete	out/Min/gen/third_party/blink/renderer/core/css/properties/longhands.cc	7277
CornerTopRightShape	Value		unsupported	out/Min/gen/third_party/blink/renderer/core/css/properties/longhands.cc	7280
CounterIncrement	Initial	NativeListCounter	production-complete	out/Min/gen/third_party/blink/renderer/core/css/properties/longhands.cc	7303
CounterIncrement	Inherit	NativeListCounter	production-complete	out/Min/gen/third_party/blink/renderer/core/css/properties/longhands.cc	7308
CounterIncrement	Value	NativeListCounter	production-typed-branch	out/Min/gen/third_party/blink/renderer/core/css/properties/longhands.cc	7324
CounterReset	Initial	NativeListCounter	production-complete	out/Min/gen/third_party/blink/renderer/core/css/properties/longhands.cc	7378
CounterReset	Inherit	NativeListCounter	production-complete	out/Min/gen/third_party/blink/renderer/core/css/properties/longhands.cc	7383
CounterReset	Value	NativeListCounter	production-typed-branch	out/Min/gen/third_party/blink/renderer/core/css/properties/longhands.cc	7399
CounterSet	Initial	NativeListCounter	production-complete	out/Min/gen/third_party/blink/renderer/core/css/properties/longhands.cc	7458
CounterSet	Inherit	NativeListCounter	production-complete	out/Min/gen/third_party/blink/renderer/core/css/properties/longhands.cc	7463
CounterSet	Value	NativeListCounter	production-typed-branch	out/Min/gen/third_party/blink/renderer/core/css/properties/longhands.cc	7479
Cx	Initial	NativeSVG	production-complete	out/Min/gen/third_party/blink/renderer/core/css/properties/longhands.cc	7553
Cx	Inherit	NativeSVG	production-same-zoom-branch	out/Min/gen/third_party/blink/renderer/core/css/properties/longhands.cc	7556
Cx	Value	NativeSVG	production-typed-branch	out/Min/gen/third_party/blink/renderer/core/css/properties/longhands.cc	7564
Cy	Initial	NativeSVG	production-complete	out/Min/gen/third_party/blink/renderer/core/css/properties/longhands.cc	7587
Cy	Inherit	NativeSVG	production-same-zoom-branch	out/Min/gen/third_party/blink/renderer/core/css/properties/longhands.cc	7590
Cy	Value	NativeSVG	production-typed-branch	out/Min/gen/third_party/blink/renderer/core/css/properties/longhands.cc	7598
D	Initial	NativeSVGPresentation	production-complete	out/Min/gen/third_party/blink/renderer/core/css/properties/longhands.cc	7621
D	Inherit	NativeSVGPresentation	production-complete	out/Min/gen/third_party/blink/renderer/core/css/properties/longhands.cc	7624
D	Value	NativeSVGPresentation	production-none-branch/path-owner-unsupported	out/Min/gen/third_party/blink/renderer/core/css/properties/longhands.cc	7627
DominantBaseline	Initial	Initial	complete	out/Min/gen/third_party/blink/renderer/core/css/properties/longhands.cc	7690
DominantBaseline	Inherit	Inherit	complete	out/Min/gen/third_party/blink/renderer/core/css/properties/longhands.cc	7693
DominantBaseline	Value	Identifier	identifier-branch	out/Min/gen/third_party/blink/renderer/core/css/properties/longhands.cc	7696
DynamicRangeLimit	Initial	NativeRenderDelayStyle	production-complete	out/Min/gen/third_party/blink/renderer/core/css/properties/longhands.cc	7725
DynamicRangeLimit	Inherit	NativeRenderDelayStyle	production-complete	out/Min/gen/third_party/blink/renderer/core/css/properties/longhands.cc	7728
DynamicRangeLimit	Value	NativeRenderDelayStyle	production-typed-branch	out/Min/gen/third_party/blink/renderer/core/css/properties/longhands.cc	7731
EmptyCells	Initial	Initial	complete	out/Min/gen/third_party/blink/renderer/core/css/properties/longhands.cc	7754
EmptyCells	Inherit	Inherit	complete	out/Min/gen/third_party/blink/renderer/core/css/properties/longhands.cc	7758
EmptyCells	Value	Identifier	identifier-branch	out/Min/gen/third_party/blink/renderer/core/css/properties/longhands.cc	7762
FieldSizing	Initial	Initial	complete	out/Min/gen/third_party/blink/renderer/core/css/properties/longhands.cc	7806
FieldSizing	Inherit	Inherit	complete	out/Min/gen/third_party/blink/renderer/core/css/properties/longhands.cc	7809
FieldSizing	Value	Identifier	identifier-branch	out/Min/gen/third_party/blink/renderer/core/css/properties/longhands.cc	7812
Fill	Initial	NativeSVG	production-complete	out/Min/gen/third_party/blink/renderer/core/css/properties/longhands.cc	7841
Fill	Inherit	NativeSVG	production-complete	out/Min/gen/third_party/blink/renderer/core/css/properties/longhands.cc	7845
FillOpacity	Initial	Initial	complete	out/Min/gen/third_party/blink/renderer/core/css/properties/longhands.cc	7875
FillOpacity	Inherit	Inherit	complete	out/Min/gen/third_party/blink/renderer/core/css/properties/longhands.cc	7878
FillOpacity	Value		unsupported	out/Min/gen/third_party/blink/renderer/core/css/properties/longhands.cc	7881
FillRule	Initial	Initial	complete	out/Min/gen/third_party/blink/renderer/core/css/properties/longhands.cc	7904
FillRule	Inherit	Inherit	complete	out/Min/gen/third_party/blink/renderer/core/css/properties/longhands.cc	7907
FillRule	Value		unsupported	out/Min/gen/third_party/blink/renderer/core/css/properties/longhands.cc	7910
Filter	Initial	NativeEffects	production-complete	out/Min/gen/third_party/blink/renderer/core/css/properties/longhands.cc	7939
Filter	Inherit	NativeEffects	production-same-zoom-branch	out/Min/gen/third_party/blink/renderer/core/css/properties/longhands.cc	7942
FlexBasis	Initial	Initial	complete	out/Min/gen/third_party/blink/renderer/core/css/properties/longhands.cc	7970
FlexBasis	Inherit	Inherit	partial-same-effective-zoom	out/Min/gen/third_party/blink/renderer/core/css/properties/longhands.cc	7973
FlexBasis	Value	ConvertedLength	post-conversion-setter	out/Min/gen/third_party/blink/renderer/core/css/properties/longhands.cc	7981
FlexDirection	Initial	Initial	complete	out/Min/gen/third_party/blink/renderer/core/css/properties/longhands.cc	8004
FlexDirection	Inherit	Inherit	complete	out/Min/gen/third_party/blink/renderer/core/css/properties/longhands.cc	8007
FlexDirection	Value	Identifier	identifier-branch	out/Min/gen/third_party/blink/renderer/core/css/properties/longhands.cc	8010
FlexGrow	Initial	Initial	complete	out/Min/gen/third_party/blink/renderer/core/css/properties/longhands.cc	8033
FlexGrow	Inherit	Inherit	complete	out/Min/gen/third_party/blink/renderer/core/css/properties/longhands.cc	8036
FlexGrow	Value	Number	numeric-literal-branch	out/Min/gen/third_party/blink/renderer/core/css/properties/longhands.cc	8039
FlexLineCount	Initial	Initial	complete	out/Min/gen/third_party/blink/renderer/core/css/properties/longhands.cc	8068
FlexLineCount	Inherit	Inherit	complete	out/Min/gen/third_party/blink/renderer/core/css/properties/longhands.cc	8071
FlexLineCount	Value	Number	numeric-literal-branch	out/Min/gen/third_party/blink/renderer/core/css/properties/longhands.cc	8074
FlexShrink	Initial	Initial	complete	out/Min/gen/third_party/blink/renderer/core/css/properties/longhands.cc	8097
FlexShrink	Inherit	Inherit	complete	out/Min/gen/third_party/blink/renderer/core/css/properties/longhands.cc	8100
FlexShrink	Value	Number	numeric-literal-branch	out/Min/gen/third_party/blink/renderer/core/css/properties/longhands.cc	8103
FlexWrap	Initial	Initial	complete	out/Min/gen/third_party/blink/renderer/core/css/properties/longhands.cc	8126
FlexWrap	Inherit	Inherit	complete	out/Min/gen/third_party/blink/renderer/core/css/properties/longhands.cc	8129
FlexWrap	Value	ConvertedFlexWrap	post-conversion-setter	out/Min/gen/third_party/blink/renderer/core/css/properties/longhands.cc	8132
Float	Initial	Initial	complete	out/Min/gen/third_party/blink/renderer/core/css/properties/longhands.cc	8155
Float	Inherit	Inherit	complete	out/Min/gen/third_party/blink/renderer/core/css/properties/longhands.cc	8158
Float	Value	Identifier	identifier-branch	out/Min/gen/third_party/blink/renderer/core/css/properties/longhands.cc	8161
FloodColor	Initial	Initial	complete	out/Min/gen/third_party/blink/renderer/core/css/properties/longhands.cc	8190
FloodColor	Inherit	Inherit	complete	out/Min/gen/third_party/blink/renderer/core/css/properties/longhands.cc	8194
FloodColor	Value	ConvertedColor	post-conversion-setter	out/Min/gen/third_party/blink/renderer/core/css/properties/longhands.cc	8198
FloodOpacity	Initial	Initial	complete	out/Min/gen/third_party/blink/renderer/core/css/properties/longhands.cc	8227
FloodOpacity	Inherit	Inherit	complete	out/Min/gen/third_party/blink/renderer/core/css/properties/longhands.cc	8230
FloodOpacity	Value		unsupported	out/Min/gen/third_party/blink/renderer/core/css/properties/longhands.cc	8233
FlowTolerance	Initial	NativeRenderDelayStyle	production-runtime-branch	out/Min/gen/third_party/blink/renderer/core/css/properties/longhands.cc	8268
FlowTolerance	Inherit	NativeRenderDelayStyle	production-runtime-branch	out/Min/gen/third_party/blink/renderer/core/css/properties/longhands.cc	8271
FlowTolerance	Value	NativeRenderDelayStyle	production-runtime-branch	out/Min/gen/third_party/blink/renderer/core/css/properties/longhands.cc	8279
FrameSizing	Initial	Initial	complete	out/Min/gen/third_party/blink/renderer/core/css/properties/longhands.cc	8328
FrameSizing	Inherit	Inherit	complete	out/Min/gen/third_party/blink/renderer/core/css/properties/longhands.cc	8331
FrameSizing	Value	Identifier	identifier-branch	out/Min/gen/third_party/blink/renderer/core/css/properties/longhands.cc	8334
GridAutoColumns	Initial	NativeGrid	production-complete	out/Min/gen/third_party/blink/renderer/core/css/properties/longhands.cc	8357
GridAutoColumns	Inherit	NativeGrid	production-same-zoom-branch	out/Min/gen/third_party/blink/renderer/core/css/properties/longhands.cc	8360
GridAutoColumns	Value	NativeGrid	production-typed-branch	out/Min/gen/third_party/blink/renderer/core/css/properties/longhands.cc	8368
GridAutoFlow	Initial	NativeGrid	production-complete	out/Min/gen/third_party/blink/renderer/core/css/properties/longhands.cc	8391
GridAutoFlow	Inherit	NativeGrid	production-complete	out/Min/gen/third_party/blink/renderer/core/css/properties/longhands.cc	8394
GridAutoFlow	Value	NativeGrid	production-complete	out/Min/gen/third_party/blink/renderer/core/css/properties/longhands.cc	8397
GridAutoRows	Initial	NativeGrid	production-complete	out/Min/gen/third_party/blink/renderer/core/css/properties/longhands.cc	8420
GridAutoRows	Inherit	NativeGrid	production-same-zoom-branch	out/Min/gen/third_party/blink/renderer/core/css/properties/longhands.cc	8423
GridAutoRows	Value	NativeGrid	production-typed-branch	out/Min/gen/third_party/blink/renderer/core/css/properties/longhands.cc	8431
GridColumnEnd	Initial	Initial	complete	out/Min/gen/third_party/blink/renderer/core/css/properties/longhands.cc	8460
GridColumnEnd	Inherit	Inherit	complete	out/Min/gen/third_party/blink/renderer/core/css/properties/longhands.cc	8463
GridColumnEnd	Value		unsupported	out/Min/gen/third_party/blink/renderer/core/css/properties/longhands.cc	8466
GridColumnStart	Initial	Initial	complete	out/Min/gen/third_party/blink/renderer/core/css/properties/longhands.cc	8495
GridColumnStart	Inherit	Inherit	complete	out/Min/gen/third_party/blink/renderer/core/css/properties/longhands.cc	8498
GridColumnStart	Value		unsupported	out/Min/gen/third_party/blink/renderer/core/css/properties/longhands.cc	8501
GridLanesDirection	Initial	NativeGridLanesDirection	production-runtime-branch	out/Min/gen/third_party/blink/renderer/core/css/properties/longhands.cc	8530
GridLanesDirection	Inherit	NativeGridLanesDirection	production-runtime-branch	out/Min/gen/third_party/blink/renderer/core/css/properties/longhands.cc	8533
GridLanesDirection	Value	NativeGridLanesDirection	production-runtime-branch	out/Min/gen/third_party/blink/renderer/core/css/properties/longhands.cc	8536
GridLanesPack	Initial	NativeGridLanesPack	production-runtime-branch	out/Min/gen/third_party/blink/renderer/core/css/properties/longhands.cc	8565
GridLanesPack	Inherit	NativeGridLanesPack	production-runtime-branch	out/Min/gen/third_party/blink/renderer/core/css/properties/longhands.cc	8568
GridLanesPack	Value	NativeGridLanesPack	production-runtime-branch	out/Min/gen/third_party/blink/renderer/core/css/properties/longhands.cc	8571
GridRowEnd	Initial	Initial	complete	out/Min/gen/third_party/blink/renderer/core/css/properties/longhands.cc	8600
GridRowEnd	Inherit	Inherit	complete	out/Min/gen/third_party/blink/renderer/core/css/properties/longhands.cc	8603
GridRowEnd	Value		unsupported	out/Min/gen/third_party/blink/renderer/core/css/properties/longhands.cc	8606
GridRowStart	Initial	Initial	complete	out/Min/gen/third_party/blink/renderer/core/css/properties/longhands.cc	8635
GridRowStart	Inherit	Inherit	complete	out/Min/gen/third_party/blink/renderer/core/css/properties/longhands.cc	8638
GridRowStart	Value		unsupported	out/Min/gen/third_party/blink/renderer/core/css/properties/longhands.cc	8641
GridTemplateAreas	Initial	NativeGrid	production-complete	out/Min/gen/third_party/blink/renderer/core/css/properties/longhands.cc	8664
GridTemplateAreas	Inherit	NativeGrid	production-complete	out/Min/gen/third_party/blink/renderer/core/css/properties/longhands.cc	8667
GridTemplateAreas	Value	NativeGrid	production-complete	out/Min/gen/third_party/blink/renderer/core/css/properties/longhands.cc	8670
GridTemplateColumns	Initial	NativeGrid	production-complete	out/Min/gen/third_party/blink/renderer/core/css/properties/longhands.cc	8699
GridTemplateColumns	Value	NativeGrid	production-typed-branch	out/Min/gen/third_party/blink/renderer/core/css/properties/longhands.cc	8702
GridTemplateRows	Initial	NativeGrid	production-complete	out/Min/gen/third_party/blink/renderer/core/css/properties/longhands.cc	8731
GridTemplateRows	Value	NativeGrid	production-typed-branch	out/Min/gen/third_party/blink/renderer/core/css/properties/longhands.cc	8734
HangingPunctuation	Initial	NativeInteraction	production-runtime-branch	out/Min/gen/third_party/blink/renderer/core/css/properties/longhands.cc	8763
HangingPunctuation	Inherit	NativeInteraction	production-runtime-branch	out/Min/gen/third_party/blink/renderer/core/css/properties/longhands.cc	8766
HangingPunctuation	Value	NativeInteraction	production-runtime-branch	out/Min/gen/third_party/blink/renderer/core/css/properties/longhands.cc	8769
Height	Initial	Initial	complete	out/Min/gen/third_party/blink/renderer/core/css/properties/longhands.cc	8827
Height	Inherit		unsupported	out/Min/gen/third_party/blink/renderer/core/css/properties/longhands.cc	8830
Height	Value	ConvertedLength	post-conversion-setter	out/Min/gen/third_party/blink/renderer/core/css/properties/longhands.cc	8838
HyphenateCharacter	Initial	NativeTypography	production-complete	out/Min/gen/third_party/blink/renderer/core/css/properties/longhands.cc	8890
HyphenateCharacter	Inherit	NativeTypography	production-complete	out/Min/gen/third_party/blink/renderer/core/css/properties/longhands.cc	8893
HyphenateCharacter	Value	NativeTypography	production-complete	out/Min/gen/third_party/blink/renderer/core/css/properties/longhands.cc	8896
HyphenateLimitChars	Initial	NativeTypography	production-complete	out/Min/gen/third_party/blink/renderer/core/css/properties/longhands.cc	8925
HyphenateLimitChars	Inherit	NativeTypography	production-complete	out/Min/gen/third_party/blink/renderer/core/css/properties/longhands.cc	8928
HyphenateLimitChars	Value	NativeTypography	production-typed-branch	out/Min/gen/third_party/blink/renderer/core/css/properties/longhands.cc	8931
Hyphens	Initial	Initial	complete	out/Min/gen/third_party/blink/renderer/core/css/properties/longhands.cc	8954
Hyphens	Inherit	Inherit	complete	out/Min/gen/third_party/blink/renderer/core/css/properties/longhands.cc	8957
Hyphens	Value	Identifier	identifier-branch	out/Min/gen/third_party/blink/renderer/core/css/properties/longhands.cc	8960
ImageAnimation	Initial	Initial	complete	out/Min/gen/third_party/blink/renderer/core/css/properties/longhands.cc	8989
ImageAnimation	Inherit	Inherit	complete	out/Min/gen/third_party/blink/renderer/core/css/properties/longhands.cc	8992
ImageAnimation	Value	Identifier	identifier-branch	out/Min/gen/third_party/blink/renderer/core/css/properties/longhands.cc	8995
ImageOrientation	Initial	NativeInteraction	production-complete	out/Min/gen/third_party/blink/renderer/core/css/properties/longhands.cc	9018
ImageOrientation	Inherit	NativeInteraction	production-complete	out/Min/gen/third_party/blink/renderer/core/css/properties/longhands.cc	9021
ImageOrientation	Value	NativeInteraction	production-complete	out/Min/gen/third_party/blink/renderer/core/css/properties/longhands.cc	9024
ImageRendering	Initial	Initial	complete	out/Min/gen/third_party/blink/renderer/core/css/properties/longhands.cc	9047
ImageRendering	Inherit	Inherit	complete	out/Min/gen/third_party/blink/renderer/core/css/properties/longhands.cc	9050
ImageRendering	Value	Identifier	identifier-branch	out/Min/gen/third_party/blink/renderer/core/css/properties/longhands.cc	9053
InitialLetter	Initial	NativeInitialScope	production-complete	out/Min/gen/third_party/blink/renderer/core/css/properties/longhands.cc	9102
InitialLetter	Inherit	NativeInitialScope	production-complete	out/Min/gen/third_party/blink/renderer/core/css/properties/longhands.cc	9105
InitialLetter	Value	NativeInitialScope	production-typed-branch	out/Min/gen/third_party/blink/renderer/core/css/properties/longhands.cc	9108
Interactivity	Initial	Initial	complete	out/Min/gen/third_party/blink/renderer/core/css/properties/longhands.cc	9332
Interactivity	Inherit	Inherit	complete	out/Min/gen/third_party/blink/renderer/core/css/properties/longhands.cc	9336
Interactivity	Value	Identifier	identifier-branch	out/Min/gen/third_party/blink/renderer/core/css/properties/longhands.cc	9340
InterestDelayEnd	Initial	NativeRenderDelayStyle	production-complete	out/Min/gen/third_party/blink/renderer/core/css/properties/longhands.cc	9364
InterestDelayEnd	Inherit	NativeRenderDelayStyle	production-complete	out/Min/gen/third_party/blink/renderer/core/css/properties/longhands.cc	9367
InterestDelayEnd	Value	NativeRenderDelayStyle	production-typed-branch	out/Min/gen/third_party/blink/renderer/core/css/properties/longhands.cc	9370
InterestDelayStart	Initial	NativeRenderDelayStyle	production-complete	out/Min/gen/third_party/blink/renderer/core/css/properties/longhands.cc	9393
InterestDelayStart	Inherit	NativeRenderDelayStyle	production-complete	out/Min/gen/third_party/blink/renderer/core/css/properties/longhands.cc	9396
InterestDelayStart	Value	NativeRenderDelayStyle	production-typed-branch	out/Min/gen/third_party/blink/renderer/core/css/properties/longhands.cc	9399
InternalAlignContentBlock	Initial	NativeUAInternal	production-complete	out/Min/gen/third_party/blink/renderer/core/css/properties/longhands.cc	9425
InternalAlignContentBlock	Inherit	NativeUAInternal	production-complete	out/Min/gen/third_party/blink/renderer/core/css/properties/longhands.cc	9428
InternalAlignContentBlock	Value	NativeUAInternal	production-complete	out/Min/gen/third_party/blink/renderer/core/css/properties/longhands.cc	9431
InternalEmptyLineHeight	Initial	NativeUAInternal	production-complete	out/Min/gen/third_party/blink/renderer/core/css/properties/longhands.cc	9457
InternalEmptyLineHeight	Inherit	NativeUAInternal	production-complete	out/Min/gen/third_party/blink/renderer/core/css/properties/longhands.cc	9460
InternalEmptyLineHeight	Value	NativeUAInternal	production-complete	out/Min/gen/third_party/blink/renderer/core/css/properties/longhands.cc	9463
InternalFontSizeDelta	Initial		unsupported	out/Min/gen/third_party/blink/renderer/core/css/properties/longhands.cc	9489
InternalFontSizeDelta	Inherit		unsupported	out/Min/gen/third_party/blink/renderer/core/css/properties/longhands.cc	9492
InternalFontSizeDelta	Value		unsupported	out/Min/gen/third_party/blink/renderer/core/css/properties/longhands.cc	9495
InternalForcedBackgroundColor	Initial	Initial	complete	out/Min/gen/third_party/blink/renderer/core/css/properties/longhands.cc	9527
InternalForcedBackgroundColor	Inherit	Inherit	complete	out/Min/gen/third_party/blink/renderer/core/css/properties/longhands.cc	9531
InternalForcedBackgroundColor	Value	ConvertedColor	post-conversion-setter	out/Min/gen/third_party/blink/renderer/core/css/properties/longhands.cc	9535
InternalForcedBorderColor	Initial		unsupported	out/Min/gen/third_party/blink/renderer/core/css/properties/longhands.cc	9567
InternalForcedBorderColor	Inherit	Inherit	complete	out/Min/gen/third_party/blink/renderer/core/css/properties/longhands.cc	9571
InternalForcedBorderColor	Value	ConvertedColor	post-conversion-setter	out/Min/gen/third_party/blink/renderer/core/css/properties/longhands.cc	9575
InternalForcedOutlineColor	Initial		unsupported	out/Min/gen/third_party/blink/renderer/core/css/properties/longhands.cc	9636
InternalForcedOutlineColor	Inherit	Inherit	complete	out/Min/gen/third_party/blink/renderer/core/css/properties/longhands.cc	9640
InternalForcedOutlineColor	Value	ConvertedColor	post-conversion-setter	out/Min/gen/third_party/blink/renderer/core/css/properties/longhands.cc	9644
InternalOverscrollContainer	Initial	Initial	complete	out/Min/gen/third_party/blink/renderer/core/css/properties/longhands.cc	9673
InternalOverscrollContainer	Inherit	Inherit	complete	out/Min/gen/third_party/blink/renderer/core/css/properties/longhands.cc	9676
InternalOverscrollContainer	Value	Identifier	identifier-branch	out/Min/gen/third_party/blink/renderer/core/css/properties/longhands.cc	9679
InternalOverscrollPosition	Initial	Initial	complete	out/Min/gen/third_party/blink/renderer/core/css/properties/longhands.cc	9708
InternalOverscrollPosition	Inherit	Inherit	complete	out/Min/gen/third_party/blink/renderer/core/css/properties/longhands.cc	9711
InternalOverscrollPosition	Value	Identifier	identifier-branch	out/Min/gen/third_party/blink/renderer/core/css/properties/longhands.cc	9714
InternalUnbounded	Initial	Initial	complete	out/Min/gen/third_party/blink/renderer/core/css/properties/longhands.cc	9743
InternalUnbounded	Inherit	Inherit	complete	out/Min/gen/third_party/blink/renderer/core/css/properties/longhands.cc	9746
InternalUnbounded	Value	Identifier	identifier-branch	out/Min/gen/third_party/blink/renderer/core/css/properties/longhands.cc	9749
InterpolateSize	Initial	Initial	complete	out/Min/gen/third_party/blink/renderer/core/css/properties/longhands.cc	9772
InterpolateSize	Inherit	Inherit	complete	out/Min/gen/third_party/blink/renderer/core/css/properties/longhands.cc	9775
InterpolateSize	Value	Identifier	identifier-branch	out/Min/gen/third_party/blink/renderer/core/css/properties/longhands.cc	9778
Isolation	Initial	Initial	complete	out/Min/gen/third_party/blink/renderer/core/css/properties/longhands.cc	9801
Isolation	Inherit	Inherit	complete	out/Min/gen/third_party/blink/renderer/core/css/properties/longhands.cc	9804
Isolation	Value	Identifier	identifier-branch	out/Min/gen/third_party/blink/renderer/core/css/properties/longhands.cc	9807
JustifyContent	Initial	Initial	complete	out/Min/gen/third_party/blink/renderer/core/css/properties/longhands.cc	9830
JustifyContent	Inherit	Inherit	complete	out/Min/gen/third_party/blink/renderer/core/css/properties/longhands.cc	9833
JustifyContent	Value	ConvertedContentAlignment	post-conversion-setter	out/Min/gen/third_party/blink/renderer/core/css/properties/longhands.cc	9836
JustifyItems	Initial	Initial	complete	out/Min/gen/third_party/blink/renderer/core/css/properties/longhands.cc	9859
JustifyItems	Inherit	Inherit	complete	out/Min/gen/third_party/blink/renderer/core/css/properties/longhands.cc	9862
JustifyItems	Value	ConvertedSelfAlignment	post-conversion-setter	out/Min/gen/third_party/blink/renderer/core/css/properties/longhands.cc	9865
JustifySelf	Initial	Initial	complete	out/Min/gen/third_party/blink/renderer/core/css/properties/longhands.cc	9888
JustifySelf	Inherit	Inherit	complete	out/Min/gen/third_party/blink/renderer/core/css/properties/longhands.cc	9891
JustifySelf	Value	ConvertedSelfAlignment	post-conversion-setter	out/Min/gen/third_party/blink/renderer/core/css/properties/longhands.cc	9894
Left	Initial	Initial	complete	out/Min/gen/third_party/blink/renderer/core/css/properties/longhands.cc	9926
Left	Inherit		unsupported	out/Min/gen/third_party/blink/renderer/core/css/properties/longhands.cc	9929
Left	Value	ConvertedLength	post-conversion-setter	out/Min/gen/third_party/blink/renderer/core/css/properties/longhands.cc	9937
LetterSpacing	Initial	Initial	complete	out/Min/gen/third_party/blink/renderer/core/css/properties/longhands.cc	9969
LetterSpacing	Inherit		unsupported	out/Min/gen/third_party/blink/renderer/core/css/properties/longhands.cc	9972
LetterSpacing	Value	ConvertedLength	post-conversion-setter	out/Min/gen/third_party/blink/renderer/core/css/properties/longhands.cc	9980
LightingColor	Initial	Initial	complete	out/Min/gen/third_party/blink/renderer/core/css/properties/longhands.cc	10009
LightingColor	Inherit	Inherit	complete	out/Min/gen/third_party/blink/renderer/core/css/properties/longhands.cc	10013
LightingColor	Value	ConvertedColor	post-conversion-setter	out/Min/gen/third_party/blink/renderer/core/css/properties/longhands.cc	10017
LineBreak	Initial	Initial	complete	out/Min/gen/third_party/blink/renderer/core/css/properties/longhands.cc	10040
LineBreak	Inherit	Inherit	complete	out/Min/gen/third_party/blink/renderer/core/css/properties/longhands.cc	10043
LineBreak	Value	Identifier	identifier-branch	out/Min/gen/third_party/blink/renderer/core/css/properties/longhands.cc	10046
LineHeight	Initial	NativeLineHeight	production-complete	out/Min/gen/third_party/blink/renderer/core/css/properties/longhands.cc	10125
LineHeight	Inherit	NativeLineHeight	production-typed-branch	out/Min/gen/third_party/blink/renderer/core/css/properties/longhands.cc	10128
LineHeight	Value	NativeLineHeight	production-typed-branch	out/Min/gen/third_party/blink/renderer/core/css/properties/longhands.cc	10136
ListStyleImage	Initial	NativeListCounter	production-complete	out/Min/gen/third_party/blink/renderer/core/css/properties/longhands.cc	10165
ListStyleImage	Inherit	NativeListCounter	production-same-zoom-branch	out/Min/gen/third_party/blink/renderer/core/css/properties/longhands.cc	10168
ListStylePosition	Initial	NativeListCounter	production-complete	out/Min/gen/third_party/blink/renderer/core/css/properties/longhands.cc	10196
ListStylePosition	Inherit	NativeListCounter	production-complete	out/Min/gen/third_party/blink/renderer/core/css/properties/longhands.cc	10200
ListStylePosition	Value	NativeListCounter	production-complete	out/Min/gen/third_party/blink/renderer/core/css/properties/longhands.cc	10204
ListStyleType	Initial	NativeListCounter	production-complete	out/Min/gen/third_party/blink/renderer/core/css/properties/longhands.cc	10228
ListStyleType	Inherit	NativeListCounter	production-complete	out/Min/gen/third_party/blink/renderer/core/css/properties/longhands.cc	10231
MarginBottom	Initial	Initial	complete	out/Min/gen/third_party/blink/renderer/core/css/properties/longhands.cc	10333
MarginBottom	Inherit		unsupported	out/Min/gen/third_party/blink/renderer/core/css/properties/longhands.cc	10336
MarginBottom	Value	ConvertedLength	post-conversion-setter	out/Min/gen/third_party/blink/renderer/core/css/properties/longhands.cc	10344
MarginLeft	Initial	Initial	complete	out/Min/gen/third_party/blink/renderer/core/css/properties/longhands.cc	10449
MarginLeft	Inherit		unsupported	out/Min/gen/third_party/blink/renderer/core/css/properties/longhands.cc	10452
MarginLeft	Value	ConvertedLength	post-conversion-setter	out/Min/gen/third_party/blink/renderer/core/css/properties/longhands.cc	10460
MarginRight	Initial	Initial	complete	out/Min/gen/third_party/blink/renderer/core/css/properties/longhands.cc	10495
MarginRight	Inherit		unsupported	out/Min/gen/third_party/blink/renderer/core/css/properties/longhands.cc	10498
MarginRight	Value	ConvertedLength	post-conversion-setter	out/Min/gen/third_party/blink/renderer/core/css/properties/longhands.cc	10506
MarginTop	Initial	Initial	complete	out/Min/gen/third_party/blink/renderer/core/css/properties/longhands.cc	10541
MarginTop	Inherit		unsupported	out/Min/gen/third_party/blink/renderer/core/css/properties/longhands.cc	10544
MarginTop	Value	ConvertedLength	post-conversion-setter	out/Min/gen/third_party/blink/renderer/core/css/properties/longhands.cc	10552
MarginTrim	Initial	NativeInteraction	production-runtime-branch	out/Min/gen/third_party/blink/renderer/core/css/properties/longhands.cc	10584
MarginTrim	Inherit	NativeInteraction	production-runtime-branch	out/Min/gen/third_party/blink/renderer/core/css/properties/longhands.cc	10587
MarginTrim	Value	NativeInteraction	production-runtime-branch	out/Min/gen/third_party/blink/renderer/core/css/properties/longhands.cc	10590
MarkerEnd	Initial	NativeSVGPresentation	production-complete	out/Min/gen/third_party/blink/renderer/core/css/properties/longhands.cc	10613
MarkerEnd	Inherit	NativeSVGPresentation	production-complete	out/Min/gen/third_party/blink/renderer/core/css/properties/longhands.cc	10616
MarkerMid	Initial	NativeSVGPresentation	production-complete	out/Min/gen/third_party/blink/renderer/core/css/properties/longhands.cc	10639
MarkerMid	Inherit	NativeSVGPresentation	production-complete	out/Min/gen/third_party/blink/renderer/core/css/properties/longhands.cc	10642
MarkerStart	Initial	NativeSVGPresentation	production-complete	out/Min/gen/third_party/blink/renderer/core/css/properties/longhands.cc	10665
MarkerStart	Inherit	NativeSVGPresentation	production-complete	out/Min/gen/third_party/blink/renderer/core/css/properties/longhands.cc	10668
MaskClip	Initial	NativeMaskFillLayer	production-complete	out/Min/gen/third_party/blink/renderer/core/css/properties/longhands.cc	10691
MaskClip	Inherit	NativeMaskFillLayer	production-complete	out/Min/gen/third_party/blink/renderer/core/css/properties/longhands.cc	10698
MaskClip	Value	NativeMaskFillLayer	production-complete	out/Min/gen/third_party/blink/renderer/core/css/properties/longhands.cc	10718
MaskImage	Initial	NativeMaskFillLayer	production-complete	out/Min/gen/third_party/blink/renderer/core/css/properties/longhands.cc	10761
MaskImage	Inherit	NativeMaskFillLayer	production-complete	out/Min/gen/third_party/blink/renderer/core/css/properties/longhands.cc	10768
MaskImage	Value	NativeMaskFillLayer	production-typed-branch	out/Min/gen/third_party/blink/renderer/core/css/properties/longhands.cc	10788
MaskMode	Initial	NativeMaskFillLayer	production-complete	out/Min/gen/third_party/blink/renderer/core/css/properties/longhands.cc	10831
MaskMode	Inherit	NativeMaskFillLayer	production-complete	out/Min/gen/third_party/blink/renderer/core/css/properties/longhands.cc	10838
MaskMode	Value	NativeMaskFillLayer	production-complete	out/Min/gen/third_party/blink/renderer/core/css/properties/longhands.cc	10858
MaskOrigin	Initial	NativeMaskFillLayer	production-complete	out/Min/gen/third_party/blink/renderer/core/css/properties/longhands.cc	10901
MaskOrigin	Inherit	NativeMaskFillLayer	production-complete	out/Min/gen/third_party/blink/renderer/core/css/properties/longhands.cc	10908
MaskOrigin	Value	NativeMaskFillLayer	production-complete	out/Min/gen/third_party/blink/renderer/core/css/properties/longhands.cc	10928
MaskRepeat	Initial	NativeMaskFillLayer	production-complete	out/Min/gen/third_party/blink/renderer/core/css/properties/longhands.cc	10971
MaskRepeat	Inherit	NativeMaskFillLayer	production-complete	out/Min/gen/third_party/blink/renderer/core/css/properties/longhands.cc	10978
MaskRepeat	Value	NativeMaskFillLayer	production-complete	out/Min/gen/third_party/blink/renderer/core/css/properties/longhands.cc	10998
MaskSize	Initial	NativeMaskFillLayer	production-complete	out/Min/gen/third_party/blink/renderer/core/css/properties/longhands.cc	11047
MaskSize	Inherit	NativeMaskFillLayer	production-same-zoom-branch	out/Min/gen/third_party/blink/renderer/core/css/properties/longhands.cc	11054
MaskSize	Value	NativeMaskFillLayer	production-typed-branch	out/Min/gen/third_party/blink/renderer/core/css/properties/longhands.cc	11079
MaskType	Initial	Initial	complete	out/Min/gen/third_party/blink/renderer/core/css/properties/longhands.cc	11122
MaskType	Inherit	Inherit	complete	out/Min/gen/third_party/blink/renderer/core/css/properties/longhands.cc	11125
MaskType	Value	Identifier	identifier-branch	out/Min/gen/third_party/blink/renderer/core/css/properties/longhands.cc	11128
MathShift	Initial	Initial	complete	out/Min/gen/third_party/blink/renderer/core/css/properties/longhands.cc	11151
MathShift	Inherit	Inherit	complete	out/Min/gen/third_party/blink/renderer/core/css/properties/longhands.cc	11154
MathShift	Value	Identifier	identifier-branch	out/Min/gen/third_party/blink/renderer/core/css/properties/longhands.cc	11157
MathStyle	Initial	Initial	complete	out/Min/gen/third_party/blink/renderer/core/css/properties/longhands.cc	11180
MathStyle	Inherit	Inherit	complete	out/Min/gen/third_party/blink/renderer/core/css/properties/longhands.cc	11183
MathStyle	Value	Identifier	identifier-branch	out/Min/gen/third_party/blink/renderer/core/css/properties/longhands.cc	11186
MaxHeight	Initial	Initial	complete	out/Min/gen/third_party/blink/renderer/core/css/properties/longhands.cc	11285
MaxHeight	Inherit		unsupported	out/Min/gen/third_party/blink/renderer/core/css/properties/longhands.cc	11288
MaxHeight	Value	ConvertedLength	post-conversion-setter	out/Min/gen/third_party/blink/renderer/core/css/properties/longhands.cc	11296
MaxLines	Initial	NativeLinePagination	production-runtime-branch	out/Min/gen/third_party/blink/renderer/core/css/properties/longhands.cc	11369
MaxLines	Inherit	NativeLinePagination	production-runtime-branch	out/Min/gen/third_party/blink/renderer/core/css/properties/longhands.cc	11372
MaxLines	Value	NativeLinePagination	production-runtime-branch	out/Min/gen/third_party/blink/renderer/core/css/properties/longhands.cc	11375
MaxWidth	Initial	Initial	complete	out/Min/gen/third_party/blink/renderer/core/css/properties/longhands.cc	11407
MaxWidth	Inherit		unsupported	out/Min/gen/third_party/blink/renderer/core/css/properties/longhands.cc	11410
MaxWidth	Value	ConvertedLength	post-conversion-setter	out/Min/gen/third_party/blink/renderer/core/css/properties/longhands.cc	11418
MinHeight	Initial	Initial	complete	out/Min/gen/third_party/blink/renderer/core/css/properties/longhands.cc	11488
MinHeight	Inherit		unsupported	out/Min/gen/third_party/blink/renderer/core/css/properties/longhands.cc	11491
MinHeight	Value	ConvertedLength	post-conversion-setter	out/Min/gen/third_party/blink/renderer/core/css/properties/longhands.cc	11499
MinWidth	Initial	Initial	complete	out/Min/gen/third_party/blink/renderer/core/css/properties/longhands.cc	11569
MinWidth	Inherit		unsupported	out/Min/gen/third_party/blink/renderer/core/css/properties/longhands.cc	11572
MinWidth	Value	ConvertedLength	post-conversion-setter	out/Min/gen/third_party/blink/renderer/core/css/properties/longhands.cc	11580
MixBlendMode	Initial	Initial	complete	out/Min/gen/third_party/blink/renderer/core/css/properties/longhands.cc	11606
MixBlendMode	Inherit	Inherit	complete	out/Min/gen/third_party/blink/renderer/core/css/properties/longhands.cc	11609
MixBlendMode	Value	Identifier	identifier-branch	out/Min/gen/third_party/blink/renderer/core/css/properties/longhands.cc	11612
ObjectFit	Initial	Initial	complete	out/Min/gen/third_party/blink/renderer/core/css/properties/longhands.cc	11675
ObjectFit	Inherit	Inherit	complete	out/Min/gen/third_party/blink/renderer/core/css/properties/longhands.cc	11678
ObjectFit	Value	Identifier	identifier-branch	out/Min/gen/third_party/blink/renderer/core/css/properties/longhands.cc	11681
ObjectPosition	Initial	NativePositionRepeat	production-complete	out/Min/gen/third_party/blink/renderer/core/css/properties/longhands.cc	11704
ObjectPosition	Inherit	NativePositionRepeat	production-literal-branch	out/Min/gen/third_party/blink/renderer/core/css/properties/longhands.cc	11707
ObjectPosition	Value	NativePositionRepeat	production-literal-branch	out/Min/gen/third_party/blink/renderer/core/css/properties/longhands.cc	11715
ObjectViewBox	Initial	NativeViewport	production-complete	out/Min/gen/third_party/blink/renderer/core/css/properties/longhands.cc	11738
ObjectViewBox	Inherit	NativeViewport	production-same-zoom-branch	out/Min/gen/third_party/blink/renderer/core/css/properties/longhands.cc	11741
ObjectViewBox	Value	NativeViewport	production-none-branch/shape-owner-unsupported	out/Min/gen/third_party/blink/renderer/core/css/properties/longhands.cc	11749
OffsetAnchor	Initial	NativeMotionPath	production-complete	out/Min/gen/third_party/blink/renderer/core/css/properties/longhands.cc	11772
OffsetAnchor	Inherit	NativeMotionPath	production-same-zoom-branch	out/Min/gen/third_party/blink/renderer/core/css/properties/longhands.cc	11775
OffsetAnchor	Value	NativeMotionPath	production-typed-branch	out/Min/gen/third_party/blink/renderer/core/css/properties/longhands.cc	11783
OffsetDistance	Initial	NativeMotionPath	production-complete	out/Min/gen/third_party/blink/renderer/core/css/properties/longhands.cc	11806
OffsetDistance	Inherit	NativeMotionPath	production-same-zoom-branch	out/Min/gen/third_party/blink/renderer/core/css/properties/longhands.cc	11809
OffsetDistance	Value	NativeMotionPath	production-typed-branch	out/Min/gen/third_party/blink/renderer/core/css/properties/longhands.cc	11817
OffsetPath	Initial	NativeMotionPath	production-complete	out/Min/gen/third_party/blink/renderer/core/css/properties/longhands.cc	11846
OffsetPath	Inherit	NativeMotionPath	production-same-zoom-branch	out/Min/gen/third_party/blink/renderer/core/css/properties/longhands.cc	11849
OffsetPath	Value	NativeMotionPath	production-typed-branch	out/Min/gen/third_party/blink/renderer/core/css/properties/longhands.cc	11857
OffsetPosition	Initial	NativeMotionPath	production-complete	out/Min/gen/third_party/blink/renderer/core/css/properties/longhands.cc	11880
OffsetPosition	Inherit	NativeMotionPath	production-same-zoom-branch	out/Min/gen/third_party/blink/renderer/core/css/properties/longhands.cc	11883
OffsetPosition	Value	NativeMotionPath	production-typed-branch	out/Min/gen/third_party/blink/renderer/core/css/properties/longhands.cc	11891
OffsetRotate	Initial	NativeMotionPath	production-complete	out/Min/gen/third_party/blink/renderer/core/css/properties/longhands.cc	11920
OffsetRotate	Inherit	NativeMotionPath	production-complete	out/Min/gen/third_party/blink/renderer/core/css/properties/longhands.cc	11923
OffsetRotate	Value	NativeMotionPath	production-typed-branch	out/Min/gen/third_party/blink/renderer/core/css/properties/longhands.cc	11926
Opacity	Initial	Initial	complete	out/Min/gen/third_party/blink/renderer/core/css/properties/longhands.cc	11955
Opacity	Inherit	Inherit	complete	out/Min/gen/third_party/blink/renderer/core/css/properties/longhands.cc	11958
Opacity	Value	Number	numeric-literal-branch	out/Min/gen/third_party/blink/renderer/core/css/properties/longhands.cc	11961
Order	Initial	Initial	complete	out/Min/gen/third_party/blink/renderer/core/css/properties/longhands.cc	11990
Order	Inherit	Inherit	complete	out/Min/gen/third_party/blink/renderer/core/css/properties/longhands.cc	11993
Order	Value	Number	numeric-literal-branch	out/Min/gen/third_party/blink/renderer/core/css/properties/longhands.cc	11996
OriginTrialTestProperty	Initial	Initial	complete	out/Min/gen/third_party/blink/renderer/core/css/properties/longhands.cc	12025
OriginTrialTestProperty	Inherit	Inherit	complete	out/Min/gen/third_party/blink/renderer/core/css/properties/longhands.cc	12028
OriginTrialTestProperty	Value	Identifier	identifier-branch	out/Min/gen/third_party/blink/renderer/core/css/properties/longhands.cc	12031
Orphans	Initial	NativeLayoutMisc	production-complete	out/Min/gen/third_party/blink/renderer/core/css/properties/longhands.cc	12060
Orphans	Inherit	NativeLayoutMisc	production-complete	out/Min/gen/third_party/blink/renderer/core/css/properties/longhands.cc	12063
Orphans	Value	NativeLayoutMisc	production-typed-branch	out/Min/gen/third_party/blink/renderer/core/css/properties/longhands.cc	12066
OutlineColor	Initial	NativeOverflowOutline	production-complete	out/Min/gen/third_party/blink/renderer/core/css/properties/longhands.cc	12089
OutlineColor	Inherit	NativeOverflowOutline	production-complete	out/Min/gen/third_party/blink/renderer/core/css/properties/longhands.cc	12093
OutlineColor	Value	NativeOverflowOutline	production-literal-branch	out/Min/gen/third_party/blink/renderer/core/css/properties/longhands.cc	12097
OutlineOffset	Initial	NativeOverflowOutline	production-complete	out/Min/gen/third_party/blink/renderer/core/css/properties/longhands.cc	12120
OutlineOffset	Inherit	NativeOverflowOutline	production-literal-branch	out/Min/gen/third_party/blink/renderer/core/css/properties/longhands.cc	12123
OutlineOffset	Value	NativeOverflowOutline	production-literal-branch	out/Min/gen/third_party/blink/renderer/core/css/properties/longhands.cc	12131
OutlineWidth	Value	NativeOverflowOutline	production-literal-branch	out/Min/gen/third_party/blink/renderer/core/css/properties/longhands.cc	12174
OverflowAnchor	Initial	Initial	complete	out/Min/gen/third_party/blink/renderer/core/css/properties/longhands.cc	12197
OverflowAnchor	Inherit	Inherit	complete	out/Min/gen/third_party/blink/renderer/core/css/properties/longhands.cc	12200
OverflowAnchor	Value	Identifier	identifier-branch	out/Min/gen/third_party/blink/renderer/core/css/properties/longhands.cc	12203
OverflowClipMargin	Initial	Initial	complete	out/Min/gen/third_party/blink/renderer/core/css/properties/longhands.cc	12261
OverflowClipMargin	Inherit		unsupported	out/Min/gen/third_party/blink/renderer/core/css/properties/longhands.cc	12264
OverflowClipMargin	Value		unsupported	out/Min/gen/third_party/blink/renderer/core/css/properties/longhands.cc	12272
OverflowWrap	Initial	Initial	complete	out/Min/gen/third_party/blink/renderer/core/css/properties/longhands.cc	12330
OverflowWrap	Inherit	Inherit	complete	out/Min/gen/third_party/blink/renderer/core/css/properties/longhands.cc	12333
OverflowWrap	Value	Identifier	identifier-branch	out/Min/gen/third_party/blink/renderer/core/css/properties/longhands.cc	12336
Overlay	Initial	Initial	complete	out/Min/gen/third_party/blink/renderer/core/css/properties/longhands.cc	12423
Overlay	Inherit	Inherit	complete	out/Min/gen/third_party/blink/renderer/core/css/properties/longhands.cc	12426
Overlay	Value	Identifier	identifier-branch	out/Min/gen/third_party/blink/renderer/core/css/properties/longhands.cc	12429
OverscrollBehaviorX	Initial	NativeScroll	production-complete	out/Min/gen/third_party/blink/renderer/core/css/properties/longhands.cc	12551
OverscrollBehaviorX	Inherit	NativeScroll	production-complete	out/Min/gen/third_party/blink/renderer/core/css/properties/longhands.cc	12554
OverscrollBehaviorX	Value	NativeScroll	production-complete	out/Min/gen/third_party/blink/renderer/core/css/properties/longhands.cc	12557
OverscrollBehaviorY	Initial	NativeScroll	production-complete	out/Min/gen/third_party/blink/renderer/core/css/properties/longhands.cc	12589
OverscrollBehaviorY	Inherit	NativeScroll	production-complete	out/Min/gen/third_party/blink/renderer/core/css/properties/longhands.cc	12592
OverscrollBehaviorY	Value	NativeScroll	production-complete	out/Min/gen/third_party/blink/renderer/core/css/properties/longhands.cc	12595
OverscrollContainerType	Initial	Initial	complete	out/Min/gen/third_party/blink/renderer/core/css/properties/longhands.cc	12624
OverscrollContainerType	Inherit	Inherit	complete	out/Min/gen/third_party/blink/renderer/core/css/properties/longhands.cc	12627
OverscrollContainerType	Value	Identifier	identifier-branch	out/Min/gen/third_party/blink/renderer/core/css/properties/longhands.cc	12630
PaddingBottom	Initial	Initial	complete	out/Min/gen/third_party/blink/renderer/core/css/properties/longhands.cc	12752
PaddingBottom	Inherit		unsupported	out/Min/gen/third_party/blink/renderer/core/css/properties/longhands.cc	12755
PaddingBottom	Value	ConvertedLength	post-conversion-setter	out/Min/gen/third_party/blink/renderer/core/css/properties/longhands.cc	12763
PaddingLeft	Initial	Initial	complete	out/Min/gen/third_party/blink/renderer/core/css/properties/longhands.cc	12865
PaddingLeft	Inherit		unsupported	out/Min/gen/third_party/blink/renderer/core/css/properties/longhands.cc	12868
PaddingLeft	Value	ConvertedLength	post-conversion-setter	out/Min/gen/third_party/blink/renderer/core/css/properties/longhands.cc	12876
PaddingRight	Initial	Initial	complete	out/Min/gen/third_party/blink/renderer/core/css/properties/longhands.cc	12908
PaddingRight	Inherit		unsupported	out/Min/gen/third_party/blink/renderer/core/css/properties/longhands.cc	12911
PaddingRight	Value	ConvertedLength	post-conversion-setter	out/Min/gen/third_party/blink/renderer/core/css/properties/longhands.cc	12919
PaddingTop	Initial	Initial	complete	out/Min/gen/third_party/blink/renderer/core/css/properties/longhands.cc	12951
PaddingTop	Inherit		unsupported	out/Min/gen/third_party/blink/renderer/core/css/properties/longhands.cc	12954
PaddingTop	Value	ConvertedLength	post-conversion-setter	out/Min/gen/third_party/blink/renderer/core/css/properties/longhands.cc	12962
Page	Initial	NativeViewport	production-document-root-native-name-branch	out/Min/gen/third_party/blink/renderer/core/css/properties/longhands.cc	12985
Page	Inherit	NativeViewport	production-document-root-native-name-branch	out/Min/gen/third_party/blink/renderer/core/css/properties/longhands.cc	12988
Page	Value	NativeViewport	production-document-root-native-name-branch	out/Min/gen/third_party/blink/renderer/core/css/properties/longhands.cc	12991
PageMarginSafety	Initial	Initial	complete	out/Min/gen/third_party/blink/renderer/core/css/properties/longhands.cc	13020
PageMarginSafety	Inherit	Inherit	complete	out/Min/gen/third_party/blink/renderer/core/css/properties/longhands.cc	13023
PageMarginSafety	Value	Identifier	identifier-branch	out/Min/gen/third_party/blink/renderer/core/css/properties/longhands.cc	13026
PageOrientation	Initial	Initial	complete	out/Min/gen/third_party/blink/renderer/core/css/properties/longhands.cc	13049
PageOrientation	Inherit	Inherit	complete	out/Min/gen/third_party/blink/renderer/core/css/properties/longhands.cc	13052
PageOrientation	Value	Identifier	identifier-branch	out/Min/gen/third_party/blink/renderer/core/css/properties/longhands.cc	13055
PaintOrder	Initial	NativeSVG	production-complete	out/Min/gen/third_party/blink/renderer/core/css/properties/longhands.cc	13078
PaintOrder	Inherit	NativeSVG	production-complete	out/Min/gen/third_party/blink/renderer/core/css/properties/longhands.cc	13081
PaintOrder	Value	NativeSVG	production-complete	out/Min/gen/third_party/blink/renderer/core/css/properties/longhands.cc	13084
PathLength	Initial	NativeSVG	production-complete	out/Min/gen/third_party/blink/renderer/core/css/properties/longhands.cc	13113
PathLength	Inherit	NativeSVG	production-same-zoom-branch	out/Min/gen/third_party/blink/renderer/core/css/properties/longhands.cc	13116
PathLength	Value	NativeSVG	production-typed-branch	out/Min/gen/third_party/blink/renderer/core/css/properties/longhands.cc	13124
Perspective	Initial	NativeTransform	production-complete	out/Min/gen/third_party/blink/renderer/core/css/properties/longhands.cc	13199
Perspective	Inherit	NativeTransform	production-same-zoom-branch	out/Min/gen/third_party/blink/renderer/core/css/properties/longhands.cc	13202
Perspective	Value	NativeTransform	production-typed-branch	out/Min/gen/third_party/blink/renderer/core/css/properties/longhands.cc	13210
PerspectiveOrigin	Initial	NativeTransform	production-complete	out/Min/gen/third_party/blink/renderer/core/css/properties/longhands.cc	13233
PerspectiveOrigin	Inherit	NativeTransform	production-same-zoom-branch	out/Min/gen/third_party/blink/renderer/core/css/properties/longhands.cc	13236
PerspectiveOrigin	Value	NativeTransform	production-typed-branch	out/Min/gen/third_party/blink/renderer/core/css/properties/longhands.cc	13244
PointerEvents	Initial	Initial	complete	out/Min/gen/third_party/blink/renderer/core/css/properties/longhands.cc	13267
PointerEvents	Inherit	Inherit	complete	out/Min/gen/third_party/blink/renderer/core/css/properties/longhands.cc	13271
PointerEvents	Value	Identifier	identifier-branch	out/Min/gen/third_party/blink/renderer/core/css/properties/longhands.cc	13275
PositionTryFallbacks	Initial	NativeAnchorPosition	production-complete	out/Min/gen/third_party/blink/renderer/core/css/properties/longhands.cc	13331
PositionTryFallbacks	Inherit	NativeAnchorPosition	production-complete	out/Min/gen/third_party/blink/renderer/core/css/properties/longhands.cc	13334
PositionTryOrder	Initial	NativeAnchorPosition	production-complete	out/Min/gen/third_party/blink/renderer/core/css/properties/longhands.cc	13357
PositionTryOrder	Inherit	NativeAnchorPosition	production-complete	out/Min/gen/third_party/blink/renderer/core/css/properties/longhands.cc	13360
PositionTryOrder	Value	NativeAnchorPosition	production-complete	out/Min/gen/third_party/blink/renderer/core/css/properties/longhands.cc	13363
PositionVisibility	Initial	NativeAnchorPosition	production-complete	out/Min/gen/third_party/blink/renderer/core/css/properties/longhands.cc	13386
PositionVisibility	Inherit	NativeAnchorPosition	production-complete	out/Min/gen/third_party/blink/renderer/core/css/properties/longhands.cc	13389
PositionVisibility	Value	NativeAnchorPosition	production-complete	out/Min/gen/third_party/blink/renderer/core/css/properties/longhands.cc	13392
PrintColorAdjust	Initial	Initial	complete	out/Min/gen/third_party/blink/renderer/core/css/properties/longhands.cc	13435
PrintColorAdjust	Inherit	Inherit	complete	out/Min/gen/third_party/blink/renderer/core/css/properties/longhands.cc	13438
PrintColorAdjust	Value	Identifier	identifier-branch	out/Min/gen/third_party/blink/renderer/core/css/properties/longhands.cc	13441
Quotes	Initial	NativeListCounter	production-complete	out/Min/gen/third_party/blink/renderer/core/css/properties/longhands.cc	13490
Quotes	Inherit	NativeListCounter	production-complete	out/Min/gen/third_party/blink/renderer/core/css/properties/longhands.cc	13493
Quotes	Value	NativeListCounter	production-complete	out/Min/gen/third_party/blink/renderer/core/css/properties/longhands.cc	13496
R	Initial	NativeSVG	production-complete	out/Min/gen/third_party/blink/renderer/core/css/properties/longhands.cc	13519
R	Inherit	NativeSVG	production-same-zoom-branch	out/Min/gen/third_party/blink/renderer/core/css/properties/longhands.cc	13522
R	Value	NativeSVG	production-typed-branch	out/Min/gen/third_party/blink/renderer/core/css/properties/longhands.cc	13530
ReadingFlow	Initial	Initial	complete	out/Min/gen/third_party/blink/renderer/core/css/properties/longhands.cc	13573
ReadingFlow	Inherit	Inherit	complete	out/Min/gen/third_party/blink/renderer/core/css/properties/longhands.cc	13576
ReadingFlow	Value	Identifier	identifier-branch	out/Min/gen/third_party/blink/renderer/core/css/properties/longhands.cc	13579
ReadingOrder	Initial	Initial	complete	out/Min/gen/third_party/blink/renderer/core/css/properties/longhands.cc	13608
ReadingOrder	Inherit	Inherit	complete	out/Min/gen/third_party/blink/renderer/core/css/properties/longhands.cc	13611
ReadingOrder	Value	Number	numeric-literal-branch	out/Min/gen/third_party/blink/renderer/core/css/properties/longhands.cc	13614
Resize	Initial	Initial	complete	out/Min/gen/third_party/blink/renderer/core/css/properties/longhands.cc	13637
Resize	Inherit	Inherit	complete	out/Min/gen/third_party/blink/renderer/core/css/properties/longhands.cc	13640
Right	Initial	Initial	complete	out/Min/gen/third_party/blink/renderer/core/css/properties/longhands.cc	13698
Right	Inherit		unsupported	out/Min/gen/third_party/blink/renderer/core/css/properties/longhands.cc	13701
Right	Value	ConvertedLength	post-conversion-setter	out/Min/gen/third_party/blink/renderer/core/css/properties/longhands.cc	13709
Rotate	Initial	NativeTransform	production-complete	out/Min/gen/third_party/blink/renderer/core/css/properties/longhands.cc	13735
Rotate	Inherit	NativeTransform	production-complete	out/Min/gen/third_party/blink/renderer/core/css/properties/longhands.cc	13738
Rotate	Value	NativeTransform	production-typed-branch	out/Min/gen/third_party/blink/renderer/core/css/properties/longhands.cc	13741
RowGap	Initial	Initial	complete	out/Min/gen/third_party/blink/renderer/core/css/properties/longhands.cc	13770
RowGap	Inherit		unsupported	out/Min/gen/third_party/blink/renderer/core/css/properties/longhands.cc	13773
RowGap	Value		unsupported	out/Min/gen/third_party/blink/renderer/core/css/properties/longhands.cc	13781
RowRuleBreak	Initial	NativeGapRuleBits	production-complete	out/Min/gen/third_party/blink/renderer/core/css/properties/longhands.cc	13804
RowRuleBreak	Inherit	NativeGapRuleBits	production-complete	out/Min/gen/third_party/blink/renderer/core/css/properties/longhands.cc	13807
RowRuleBreak	Value	NativeGapRuleBits	production-complete	out/Min/gen/third_party/blink/renderer/core/css/properties/longhands.cc	13810
RowRuleColor	Initial	NativeGapRuleShared	production-complete	out/Min/gen/third_party/blink/renderer/core/css/properties/longhands.cc	13833
RowRuleColor	Inherit	NativeGapRuleShared	production-complete	out/Min/gen/third_party/blink/renderer/core/css/properties/longhands.cc	13836
RowRuleColor	Value	NativeGapRuleShared	production-typed-branch	out/Min/gen/third_party/blink/renderer/core/css/properties/longhands.cc	13839
RowRuleInsetCapEnd	Initial	Initial	complete	out/Min/gen/third_party/blink/renderer/core/css/properties/longhands.cc	13862
RowRuleInsetCapEnd	Inherit		unsupported	out/Min/gen/third_party/blink/renderer/core/css/properties/longhands.cc	13865
RowRuleInsetCapEnd	Value	ConvertedLength	post-conversion-setter	out/Min/gen/third_party/blink/renderer/core/css/properties/longhands.cc	13873
RowRuleInsetCapStart	Initial	Initial	complete	out/Min/gen/third_party/blink/renderer/core/css/properties/longhands.cc	13896
RowRuleInsetCapStart	Inherit		unsupported	out/Min/gen/third_party/blink/renderer/core/css/properties/longhands.cc	13899
RowRuleInsetCapStart	Value	ConvertedLength	post-conversion-setter	out/Min/gen/third_party/blink/renderer/core/css/properties/longhands.cc	13907
RowRuleInsetJunctionEnd	Initial	Initial	complete	out/Min/gen/third_party/blink/renderer/core/css/properties/longhands.cc	13930
RowRuleInsetJunctionEnd	Inherit		unsupported	out/Min/gen/third_party/blink/renderer/core/css/properties/longhands.cc	13933
RowRuleInsetJunctionEnd	Value	ConvertedLength	post-conversion-setter	out/Min/gen/third_party/blink/renderer/core/css/properties/longhands.cc	13941
RowRuleInsetJunctionStart	Initial	Initial	complete	out/Min/gen/third_party/blink/renderer/core/css/properties/longhands.cc	13964
RowRuleInsetJunctionStart	Inherit		unsupported	out/Min/gen/third_party/blink/renderer/core/css/properties/longhands.cc	13967
RowRuleInsetJunctionStart	Value	ConvertedLength	post-conversion-setter	out/Min/gen/third_party/blink/renderer/core/css/properties/longhands.cc	13975
RowRuleStyle	Initial	NativeGapRuleShared	production-complete	out/Min/gen/third_party/blink/renderer/core/css/properties/longhands.cc	13998
RowRuleStyle	Inherit	NativeGapRuleShared	production-complete	out/Min/gen/third_party/blink/renderer/core/css/properties/longhands.cc	14001
RowRuleStyle	Value	NativeGapRuleShared	production-typed-branch	out/Min/gen/third_party/blink/renderer/core/css/properties/longhands.cc	14004
RowRuleVisibilityItems	Initial	NativeGapRuleBits	production-complete	out/Min/gen/third_party/blink/renderer/core/css/properties/longhands.cc	14027
RowRuleVisibilityItems	Inherit	NativeGapRuleBits	production-complete	out/Min/gen/third_party/blink/renderer/core/css/properties/longhands.cc	14030
RowRuleVisibilityItems	Value	NativeGapRuleBits	production-complete	out/Min/gen/third_party/blink/renderer/core/css/properties/longhands.cc	14033
RowRuleWidth	Value	NativeGapRuleShared	production-typed-branch	out/Min/gen/third_party/blink/renderer/core/css/properties/longhands.cc	14056
RubyAlign	Initial	Initial	complete	out/Min/gen/third_party/blink/renderer/core/css/properties/longhands.cc	14079
RubyAlign	Inherit	Inherit	complete	out/Min/gen/third_party/blink/renderer/core/css/properties/longhands.cc	14082
RubyAlign	Value	Identifier	identifier-branch	out/Min/gen/third_party/blink/renderer/core/css/properties/longhands.cc	14085
RubyOverhang	Initial	NativeTypography	production-complete	out/Min/gen/third_party/blink/renderer/core/css/properties/longhands.cc	14114
RubyOverhang	Inherit	NativeTypography	production-complete	out/Min/gen/third_party/blink/renderer/core/css/properties/longhands.cc	14117
RubyOverhang	Value	NativeTypography	production-complete	out/Min/gen/third_party/blink/renderer/core/css/properties/longhands.cc	14120
RubyPosition	Initial	NativeTypography	production-complete	out/Min/gen/third_party/blink/renderer/core/css/properties/longhands.cc	14143
RubyPosition	Inherit	NativeTypography	production-complete	out/Min/gen/third_party/blink/renderer/core/css/properties/longhands.cc	14146
RubyPosition	Value	NativeTypography	production-complete	out/Min/gen/third_party/blink/renderer/core/css/properties/longhands.cc	14149
RuleOverlap	Initial	Initial	complete	out/Min/gen/third_party/blink/renderer/core/css/properties/longhands.cc	14172
RuleOverlap	Inherit	Inherit	complete	out/Min/gen/third_party/blink/renderer/core/css/properties/longhands.cc	14175
RuleOverlap	Value	Identifier	identifier-branch	out/Min/gen/third_party/blink/renderer/core/css/properties/longhands.cc	14178
Rx	Initial	NativeSVG	production-complete	out/Min/gen/third_party/blink/renderer/core/css/properties/longhands.cc	14201
Rx	Inherit	NativeSVG	production-same-zoom-branch	out/Min/gen/third_party/blink/renderer/core/css/properties/longhands.cc	14204
Rx	Value	NativeSVG	production-typed-branch	out/Min/gen/third_party/blink/renderer/core/css/properties/longhands.cc	14212
Ry	Initial	NativeSVG	production-complete	out/Min/gen/third_party/blink/renderer/core/css/properties/longhands.cc	14235
Ry	Inherit	NativeSVG	production-same-zoom-branch	out/Min/gen/third_party/blink/renderer/core/css/properties/longhands.cc	14238
Ry	Value	NativeSVG	production-typed-branch	out/Min/gen/third_party/blink/renderer/core/css/properties/longhands.cc	14246
Scale	Initial	NativeTransform	production-complete	out/Min/gen/third_party/blink/renderer/core/css/properties/longhands.cc	14269
Scale	Inherit	NativeTransform	production-complete	out/Min/gen/third_party/blink/renderer/core/css/properties/longhands.cc	14272
Scale	Value	NativeTransform	production-typed-branch	out/Min/gen/third_party/blink/renderer/core/css/properties/longhands.cc	14275
ScrollAxisLock	Initial	Initial	complete	out/Min/gen/third_party/blink/renderer/core/css/properties/longhands.cc	14304
ScrollAxisLock	Inherit	Inherit	complete	out/Min/gen/third_party/blink/renderer/core/css/properties/longhands.cc	14307
ScrollAxisLock	Value	Identifier	identifier-branch	out/Min/gen/third_party/blink/renderer/core/css/properties/longhands.cc	14310
ScrollBehavior	Initial	Initial	complete	out/Min/gen/third_party/blink/renderer/core/css/properties/longhands.cc	14333
ScrollBehavior	Inherit	Inherit	complete	out/Min/gen/third_party/blink/renderer/core/css/properties/longhands.cc	14336
ScrollBehavior	Value		unsupported	out/Min/gen/third_party/blink/renderer/core/css/properties/longhands.cc	14339
ScrollInitialTarget	Initial	Initial	complete	out/Min/gen/third_party/blink/renderer/core/css/properties/longhands.cc	14368
ScrollInitialTarget	Inherit	Inherit	complete	out/Min/gen/third_party/blink/renderer/core/css/properties/longhands.cc	14371
ScrollInitialTarget	Value	Identifier	identifier-branch	out/Min/gen/third_party/blink/renderer/core/css/properties/longhands.cc	14374
ScrollMarginBottom	Initial	NativeScroll	production-complete	out/Min/gen/third_party/blink/renderer/core/css/properties/longhands.cc	14476
ScrollMarginBottom	Inherit	NativeScroll	production-same-zoom-branch	out/Min/gen/third_party/blink/renderer/core/css/properties/longhands.cc	14479
ScrollMarginBottom	Value	NativeScroll	production-typed-branch	out/Min/gen/third_party/blink/renderer/core/css/properties/longhands.cc	14487
ScrollMarginLeft	Initial	NativeScroll	production-complete	out/Min/gen/third_party/blink/renderer/core/css/properties/longhands.cc	14589
ScrollMarginLeft	Inherit	NativeScroll	production-same-zoom-branch	out/Min/gen/third_party/blink/renderer/core/css/properties/longhands.cc	14592
ScrollMarginLeft	Value	NativeScroll	production-typed-branch	out/Min/gen/third_party/blink/renderer/core/css/properties/longhands.cc	14600
ScrollMarginRight	Initial	NativeScroll	production-complete	out/Min/gen/third_party/blink/renderer/core/css/properties/longhands.cc	14632
ScrollMarginRight	Inherit	NativeScroll	production-same-zoom-branch	out/Min/gen/third_party/blink/renderer/core/css/properties/longhands.cc	14635
ScrollMarginRight	Value	NativeScroll	production-typed-branch	out/Min/gen/third_party/blink/renderer/core/css/properties/longhands.cc	14643
ScrollMarginTop	Initial	NativeScroll	production-complete	out/Min/gen/third_party/blink/renderer/core/css/properties/longhands.cc	14675
ScrollMarginTop	Inherit	NativeScroll	production-same-zoom-branch	out/Min/gen/third_party/blink/renderer/core/css/properties/longhands.cc	14678
ScrollMarginTop	Value	NativeScroll	production-typed-branch	out/Min/gen/third_party/blink/renderer/core/css/properties/longhands.cc	14686
ScrollMarkerGroup	Initial	NativeInitialScope	production-complete	out/Min/gen/third_party/blink/renderer/core/css/properties/longhands.cc	14715
ScrollMarkerGroup	Inherit	NativeInitialScope	production-complete	out/Min/gen/third_party/blink/renderer/core/css/properties/longhands.cc	14718
ScrollMarkerGroup	Value	NativeInitialScope	production-complete	out/Min/gen/third_party/blink/renderer/core/css/properties/longhands.cc	14721
ScrollPaddingBottom	Initial	NativeScroll	production-complete	out/Min/gen/third_party/blink/renderer/core/css/properties/longhands.cc	14841
ScrollPaddingBottom	Inherit	NativeScroll	production-same-zoom-branch	out/Min/gen/third_party/blink/renderer/core/css/properties/longhands.cc	14844
ScrollPaddingBottom	Value	NativeScroll	production-typed-branch	out/Min/gen/third_party/blink/renderer/core/css/properties/longhands.cc	14852
ScrollPaddingLeft	Initial	NativeScroll	production-complete	out/Min/gen/third_party/blink/renderer/core/css/properties/longhands.cc	14972
ScrollPaddingLeft	Inherit	NativeScroll	production-same-zoom-branch	out/Min/gen/third_party/blink/renderer/core/css/properties/longhands.cc	14975
ScrollPaddingLeft	Value	NativeScroll	production-typed-branch	out/Min/gen/third_party/blink/renderer/core/css/properties/longhands.cc	14983
ScrollPaddingRight	Initial	NativeScroll	production-complete	out/Min/gen/third_party/blink/renderer/core/css/properties/longhands.cc	15021
ScrollPaddingRight	Inherit	NativeScroll	production-same-zoom-branch	out/Min/gen/third_party/blink/renderer/core/css/properties/longhands.cc	15024
ScrollPaddingRight	Value	NativeScroll	production-typed-branch	out/Min/gen/third_party/blink/renderer/core/css/properties/longhands.cc	15032
ScrollPaddingTop	Initial	NativeScroll	production-complete	out/Min/gen/third_party/blink/renderer/core/css/properties/longhands.cc	15070
ScrollPaddingTop	Inherit	NativeScroll	production-same-zoom-branch	out/Min/gen/third_party/blink/renderer/core/css/properties/longhands.cc	15073
ScrollPaddingTop	Value	NativeScroll	production-typed-branch	out/Min/gen/third_party/blink/renderer/core/css/properties/longhands.cc	15081
ScrollSnapAlign	Initial	NativeScroll	production-complete	out/Min/gen/third_party/blink/renderer/core/css/properties/longhands.cc	15104
ScrollSnapAlign	Inherit	NativeScroll	production-complete	out/Min/gen/third_party/blink/renderer/core/css/properties/longhands.cc	15107
ScrollSnapAlign	Value	NativeScroll	production-complete	out/Min/gen/third_party/blink/renderer/core/css/properties/longhands.cc	15110
ScrollSnapStop	Initial	Initial	complete	out/Min/gen/third_party/blink/renderer/core/css/properties/longhands.cc	15133
ScrollSnapStop	Inherit	Inherit	complete	out/Min/gen/third_party/blink/renderer/core/css/properties/longhands.cc	15136
ScrollSnapStop	Value	Identifier	identifier-branch	out/Min/gen/third_party/blink/renderer/core/css/properties/longhands.cc	15139
ScrollSnapType	Initial	NativeScroll	production-complete	out/Min/gen/third_party/blink/renderer/core/css/properties/longhands.cc	15162
ScrollSnapType	Inherit	NativeScroll	production-complete	out/Min/gen/third_party/blink/renderer/core/css/properties/longhands.cc	15165
ScrollSnapType	Value	NativeScroll	production-typed-branch	out/Min/gen/third_party/blink/renderer/core/css/properties/longhands.cc	15168
ScrollTargetGroup	Initial	Initial	complete	out/Min/gen/third_party/blink/renderer/core/css/properties/longhands.cc	15197
ScrollTargetGroup	Inherit	Inherit	complete	out/Min/gen/third_party/blink/renderer/core/css/properties/longhands.cc	15200
ScrollTargetGroup	Value	Identifier	identifier-branch	out/Min/gen/third_party/blink/renderer/core/css/properties/longhands.cc	15203
ScrollTimelineAxis	Initial	NativeTimeline	production-complete	out/Min/gen/third_party/blink/renderer/core/css/properties/longhands.cc	15226
ScrollTimelineAxis	Inherit	NativeTimeline	production-complete	out/Min/gen/third_party/blink/renderer/core/css/properties/longhands.cc	15229
ScrollTimelineAxis	Value	NativeTimeline	production-complete	out/Min/gen/third_party/blink/renderer/core/css/properties/longhands.cc	15232
ScrollTimelineName	Initial	NativeTimeline	production-complete	out/Min/gen/third_party/blink/renderer/core/css/properties/longhands.cc	15255
ScrollTimelineName	Inherit	NativeTimeline	production-complete	out/Min/gen/third_party/blink/renderer/core/css/properties/longhands.cc	15258
ScrollTimelineName	Value	NativeTimeline	production-document-root-unscoped-name-branch	out/Min/gen/third_party/blink/renderer/core/css/properties/longhands.cc	15261
ScrollbarColor	Initial	NativeScroll	production-complete	out/Min/gen/third_party/blink/renderer/core/css/properties/longhands.cc	15290
ScrollbarColor	Inherit	NativeScroll	production-complete	out/Min/gen/third_party/blink/renderer/core/css/properties/longhands.cc	15293
ScrollbarColor	Value	NativeScroll	production-typed-branch	out/Min/gen/third_party/blink/renderer/core/css/properties/longhands.cc	15296
ScrollbarGutter	Initial	NativeScroll	production-complete	out/Min/gen/third_party/blink/renderer/core/css/properties/longhands.cc	15319
ScrollbarGutter	Inherit	NativeScroll	production-complete	out/Min/gen/third_party/blink/renderer/core/css/properties/longhands.cc	15322
ScrollbarGutter	Value	NativeScroll	production-complete	out/Min/gen/third_party/blink/renderer/core/css/properties/longhands.cc	15325
ScrollbarWidth	Initial	Initial	complete	out/Min/gen/third_party/blink/renderer/core/css/properties/longhands.cc	15354
ScrollbarWidth	Inherit	Inherit	complete	out/Min/gen/third_party/blink/renderer/core/css/properties/longhands.cc	15357
ScrollbarWidth	Value	Identifier	identifier-branch	out/Min/gen/third_party/blink/renderer/core/css/properties/longhands.cc	15360
ShapeImageThreshold	Initial	NativeEffects	production-complete	out/Min/gen/third_party/blink/renderer/core/css/properties/longhands.cc	15415
ShapeImageThreshold	Inherit	NativeEffects	production-complete	out/Min/gen/third_party/blink/renderer/core/css/properties/longhands.cc	15418
ShapeImageThreshold	Value	NativeEffects	production-typed-branch	out/Min/gen/third_party/blink/renderer/core/css/properties/longhands.cc	15421
ShapeMargin	Initial	Initial	complete	out/Min/gen/third_party/blink/renderer/core/css/properties/longhands.cc	15444
ShapeMargin	Inherit		unsupported	out/Min/gen/third_party/blink/renderer/core/css/properties/longhands.cc	15447
ShapeMargin	Value	ConvertedLength	post-conversion-setter	out/Min/gen/third_party/blink/renderer/core/css/properties/longhands.cc	15455
ShapeOutside	Initial	NativeEffects	production-complete	out/Min/gen/third_party/blink/renderer/core/css/properties/longhands.cc	15478
ShapeOutside	Inherit	NativeEffects	production-same-zoom-branch	out/Min/gen/third_party/blink/renderer/core/css/properties/longhands.cc	15481
ShapeOutside	Value	NativeEffects	production-typed-branch	out/Min/gen/third_party/blink/renderer/core/css/properties/longhands.cc	15489
ShapeRendering	Initial	Initial	complete	out/Min/gen/third_party/blink/renderer/core/css/properties/longhands.cc	15512
ShapeRendering	Inherit	Inherit	complete	out/Min/gen/third_party/blink/renderer/core/css/properties/longhands.cc	15515
ShapeRendering	Value	Identifier	identifier-branch	out/Min/gen/third_party/blink/renderer/core/css/properties/longhands.cc	15518
Speak	Initial	Initial	complete	out/Min/gen/third_party/blink/renderer/core/css/properties/longhands.cc	15581
Speak	Inherit	Inherit	complete	out/Min/gen/third_party/blink/renderer/core/css/properties/longhands.cc	15584
Speak	Value	Identifier	identifier-branch	out/Min/gen/third_party/blink/renderer/core/css/properties/longhands.cc	15587
StopColor	Initial	Initial	complete	out/Min/gen/third_party/blink/renderer/core/css/properties/longhands.cc	15656
StopColor	Inherit	Inherit	complete	out/Min/gen/third_party/blink/renderer/core/css/properties/longhands.cc	15660
StopColor	Value	ConvertedColor	post-conversion-setter	out/Min/gen/third_party/blink/renderer/core/css/properties/longhands.cc	15664
StopOpacity	Initial	Initial	complete	out/Min/gen/third_party/blink/renderer/core/css/properties/longhands.cc	15693
StopOpacity	Inherit	Inherit	complete	out/Min/gen/third_party/blink/renderer/core/css/properties/longhands.cc	15696
StopOpacity	Value		unsupported	out/Min/gen/third_party/blink/renderer/core/css/properties/longhands.cc	15699
Stroke	Initial	NativeSVG	production-complete	out/Min/gen/third_party/blink/renderer/core/css/properties/longhands.cc	15728
Stroke	Inherit	NativeSVG	production-complete	out/Min/gen/third_party/blink/renderer/core/css/properties/longhands.cc	15732
StrokeDasharray	Initial	NativeSVG	production-complete	out/Min/gen/third_party/blink/renderer/core/css/properties/longhands.cc	15756
StrokeDasharray	Inherit	NativeSVG	production-same-zoom-branch	out/Min/gen/third_party/blink/renderer/core/css/properties/longhands.cc	15759
StrokeDasharray	Value	NativeSVG	production-typed-branch	out/Min/gen/third_party/blink/renderer/core/css/properties/longhands.cc	15767
StrokeDashoffset	Initial	NativeSVG	production-complete	out/Min/gen/third_party/blink/renderer/core/css/properties/longhands.cc	15790
StrokeDashoffset	Inherit	NativeSVG	production-same-zoom-branch	out/Min/gen/third_party/blink/renderer/core/css/properties/longhands.cc	15793
StrokeDashoffset	Value	NativeSVG	production-typed-branch	out/Min/gen/third_party/blink/renderer/core/css/properties/longhands.cc	15801
StrokeLinecap	Initial	NativeSVGPresentation	production-complete	out/Min/gen/third_party/blink/renderer/core/css/properties/longhands.cc	15824
StrokeLinecap	Inherit	NativeSVGPresentation	production-complete	out/Min/gen/third_party/blink/renderer/core/css/properties/longhands.cc	15827
StrokeLinecap	Value	NativeSVGPresentation	production-complete	out/Min/gen/third_party/blink/renderer/core/css/properties/longhands.cc	15830
StrokeLinejoin	Initial	NativeSVGPresentation	production-complete	out/Min/gen/third_party/blink/renderer/core/css/properties/longhands.cc	15853
StrokeLinejoin	Inherit	NativeSVGPresentation	production-complete	out/Min/gen/third_party/blink/renderer/core/css/properties/longhands.cc	15856
StrokeLinejoin	Value	NativeSVGPresentation	production-complete	out/Min/gen/third_party/blink/renderer/core/css/properties/longhands.cc	15859
StrokeMiterlimit	Initial	NativeSVGPresentation	production-complete	out/Min/gen/third_party/blink/renderer/core/css/properties/longhands.cc	15882
StrokeMiterlimit	Inherit	NativeSVGPresentation	production-complete	out/Min/gen/third_party/blink/renderer/core/css/properties/longhands.cc	15885
StrokeMiterlimit	Value	NativeSVGPresentation	production-typed-branch	out/Min/gen/third_party/blink/renderer/core/css/properties/longhands.cc	15888
StrokeOpacity	Initial	Initial	complete	out/Min/gen/third_party/blink/renderer/core/css/properties/longhands.cc	15917
StrokeOpacity	Inherit	Inherit	complete	out/Min/gen/third_party/blink/renderer/core/css/properties/longhands.cc	15920
StrokeOpacity	Value		unsupported	out/Min/gen/third_party/blink/renderer/core/css/properties/longhands.cc	15923
StrokeWidth	Initial	NativeSVG	production-complete	out/Min/gen/third_party/blink/renderer/core/css/properties/longhands.cc	15946
StrokeWidth	Inherit	NativeSVG	production-same-zoom-branch	out/Min/gen/third_party/blink/renderer/core/css/properties/longhands.cc	15949
StrokeWidth	Value	NativeSVG	production-typed-branch	out/Min/gen/third_party/blink/renderer/core/css/properties/longhands.cc	15957
TabSize	Initial	NativeLinePagination	production-complete	out/Min/gen/third_party/blink/renderer/core/css/properties/longhands.cc	16060
TabSize	Inherit	NativeLinePagination	production-same-zoom-branch	out/Min/gen/third_party/blink/renderer/core/css/properties/longhands.cc	16063
TabSize	Value	NativeLinePagination	production-typed-branch	out/Min/gen/third_party/blink/renderer/core/css/properties/longhands.cc	16071
TableLayout	Initial	Initial	complete	out/Min/gen/third_party/blink/renderer/core/css/properties/longhands.cc	16094
TableLayout	Inherit	Inherit	complete	out/Min/gen/third_party/blink/renderer/core/css/properties/longhands.cc	16097
TableLayout	Value	Identifier	identifier-branch	out/Min/gen/third_party/blink/renderer/core/css/properties/longhands.cc	16100
TextAlign	Initial	Initial	complete	out/Min/gen/third_party/blink/renderer/core/css/properties/longhands.cc	16123
TextAlign	Inherit	Inherit	complete	out/Min/gen/third_party/blink/renderer/core/css/properties/longhands.cc	16126
TextAlignLast	Initial	Initial	complete	out/Min/gen/third_party/blink/renderer/core/css/properties/longhands.cc	16149
TextAlignLast	Inherit	Inherit	complete	out/Min/gen/third_party/blink/renderer/core/css/properties/longhands.cc	16152
TextAlignLast	Value	Identifier	identifier-branch	out/Min/gen/third_party/blink/renderer/core/css/properties/longhands.cc	16155
TextAnchor	Initial	Initial	complete	out/Min/gen/third_party/blink/renderer/core/css/properties/longhands.cc	16178
TextAnchor	Inherit	Inherit	complete	out/Min/gen/third_party/blink/renderer/core/css/properties/longhands.cc	16181
TextAnchor	Value	Identifier	identifier-branch	out/Min/gen/third_party/blink/renderer/core/css/properties/longhands.cc	16184
TextAutospace	Initial	NativeTextBox	production-complete	out/Min/gen/third_party/blink/renderer/core/css/properties/longhands.cc	16207
TextAutospace	Inherit	NativeTextBox	production-complete	out/Min/gen/third_party/blink/renderer/core/css/properties/longhands.cc	16210
TextAutospace	Value	NativeTextBox	production-complete	out/Min/gen/third_party/blink/renderer/core/css/properties/longhands.cc	16213
TextBoxEdge	Initial	NativeTextBox	production-complete	out/Min/gen/third_party/blink/renderer/core/css/properties/longhands.cc	16236
TextBoxEdge	Inherit	NativeTextBox	production-complete	out/Min/gen/third_party/blink/renderer/core/css/properties/longhands.cc	16239
TextBoxEdge	Value	NativeTextBox	production-complete	out/Min/gen/third_party/blink/renderer/core/css/properties/longhands.cc	16242
TextBoxTrim	Initial	NativeTextBox	production-complete	out/Min/gen/third_party/blink/renderer/core/css/properties/longhands.cc	16265
TextBoxTrim	Inherit	NativeTextBox	production-complete	out/Min/gen/third_party/blink/renderer/core/css/properties/longhands.cc	16268
TextBoxTrim	Value	NativeTextBox	production-complete	out/Min/gen/third_party/blink/renderer/core/css/properties/longhands.cc	16271
TextCombineUpright	Initial	Initial	complete	out/Min/gen/third_party/blink/renderer/core/css/properties/longhands.cc	16294
TextCombineUpright	Inherit	Inherit	complete	out/Min/gen/third_party/blink/renderer/core/css/properties/longhands.cc	16297
TextCombineUpright	Value	Identifier	identifier-branch	out/Min/gen/third_party/blink/renderer/core/css/properties/longhands.cc	16300
TextDecorationColor	Initial	NativeText	production-complete	out/Min/gen/third_party/blink/renderer/core/css/properties/longhands.cc	16329
TextDecorationColor	Inherit	NativeText	production-complete	out/Min/gen/third_party/blink/renderer/core/css/properties/longhands.cc	16333
TextDecorationColor	Value	NativeText	production-color-context-branch	out/Min/gen/third_party/blink/renderer/core/css/properties/longhands.cc	16337
TextDecorationInset	Initial	NativeTextBox	production-runtime-branch	out/Min/gen/third_party/blink/renderer/core/css/properties/longhands.cc	16366
TextDecorationInset	Inherit	NativeTextBox	production-runtime-branch	out/Min/gen/third_party/blink/renderer/core/css/properties/longhands.cc	16369
TextDecorationInset	Value	NativeTextBox	production-runtime-branch	out/Min/gen/third_party/blink/renderer/core/css/properties/longhands.cc	16377
TextDecorationLine	Initial	NativeText	production-complete	out/Min/gen/third_party/blink/renderer/core/css/properties/longhands.cc	16400
TextDecorationLine	Inherit	NativeText	production-complete	out/Min/gen/third_party/blink/renderer/core/css/properties/longhands.cc	16403
TextDecorationLine	Value	NativeText	production-complete	out/Min/gen/third_party/blink/renderer/core/css/properties/longhands.cc	16406
TextDecorationSkipInk	Initial	Initial	complete	out/Min/gen/third_party/blink/renderer/core/css/properties/longhands.cc	16429
TextDecorationSkipInk	Inherit	Inherit	complete	out/Min/gen/third_party/blink/renderer/core/css/properties/longhands.cc	16432
TextDecorationSkipInk	Value	Identifier	identifier-branch	out/Min/gen/third_party/blink/renderer/core/css/properties/longhands.cc	16435
TextDecorationSkipSpaces	Initial	NativeTypography	production-runtime-branch	out/Min/gen/third_party/blink/renderer/core/css/properties/longhands.cc	16464
TextDecorationSkipSpaces	Inherit	NativeTypography	production-runtime-branch	out/Min/gen/third_party/blink/renderer/core/css/properties/longhands.cc	16467
TextDecorationSkipSpaces	Value	NativeTypography	production-runtime-branch	out/Min/gen/third_party/blink/renderer/core/css/properties/longhands.cc	16470
TextDecorationStyle	Initial	NativeText	production-complete	out/Min/gen/third_party/blink/renderer/core/css/properties/longhands.cc	16493
TextDecorationStyle	Inherit	NativeText	production-complete	out/Min/gen/third_party/blink/renderer/core/css/properties/longhands.cc	16496
TextDecorationStyle	Value	NativeText	production-complete	out/Min/gen/third_party/blink/renderer/core/css/properties/longhands.cc	16499
TextDecorationThickness	Initial	NativeText	production-complete	out/Min/gen/third_party/blink/renderer/core/css/properties/longhands.cc	16522
TextDecorationThickness	Inherit	NativeText	production-same-zoom-branch	out/Min/gen/third_party/blink/renderer/core/css/properties/longhands.cc	16525
TextDecorationThickness	Value	NativeText	production-typed-branch	out/Min/gen/third_party/blink/renderer/core/css/properties/longhands.cc	16533
TextEmphasisColor	Initial	NativeTypographyColor	production-complete	out/Min/gen/third_party/blink/renderer/core/css/properties/longhands.cc	16562
TextEmphasisColor	Inherit	NativeTypographyColor	production-complete	out/Min/gen/third_party/blink/renderer/core/css/properties/longhands.cc	16566
TextEmphasisColor	Value	NativeTypographyColor	production-typed-branch	out/Min/gen/third_party/blink/renderer/core/css/properties/longhands.cc	16570
TextEmphasisPosition	Initial	NativeTypography	production-complete	out/Min/gen/third_party/blink/renderer/core/css/properties/longhands.cc	16593
TextEmphasisPosition	Inherit	NativeTypography	production-complete	out/Min/gen/third_party/blink/renderer/core/css/properties/longhands.cc	16596
TextEmphasisPosition	Value	NativeTypography	production-complete	out/Min/gen/third_party/blink/renderer/core/css/properties/longhands.cc	16599
TextFit	Initial	NativeTextBox	production-complete	out/Min/gen/third_party/blink/renderer/core/css/properties/longhands.cc	16654
TextFit	Inherit	NativeTextBox	production-complete	out/Min/gen/third_party/blink/renderer/core/css/properties/longhands.cc	16657
TextFit	Value	NativeTextBox	production-typed-branch	out/Min/gen/third_party/blink/renderer/core/css/properties/longhands.cc	16660
TextIndent	Initial	NativeText	production-complete	out/Min/gen/third_party/blink/renderer/core/css/properties/longhands.cc	16683
TextIndent	Inherit	NativeText	production-same-zoom-branch	out/Min/gen/third_party/blink/renderer/core/css/properties/longhands.cc	16686
TextJustify	Initial	NativeText	production-complete	out/Min/gen/third_party/blink/renderer/core/css/properties/longhands.cc	16714
TextJustify	Inherit	NativeText	production-complete	out/Min/gen/third_party/blink/renderer/core/css/properties/longhands.cc	16717
TextJustify	Value	NativeText	production-complete	out/Min/gen/third_party/blink/renderer/core/css/properties/longhands.cc	16720
TextOverflow	Initial	NativeText	production-complete	out/Min/gen/third_party/blink/renderer/core/css/properties/longhands.cc	16743
TextOverflow	Inherit	NativeText	production-complete	out/Min/gen/third_party/blink/renderer/core/css/properties/longhands.cc	16746
TextOverflow	Value	NativeText	production-complete	out/Min/gen/third_party/blink/renderer/core/css/properties/longhands.cc	16749
TextShadow	Initial	NativeShadowList	production-complete	out/Min/gen/third_party/blink/renderer/core/css/properties/longhands.cc	16772
TextShadow	Inherit	NativeShadowList	production-literal-branch	out/Min/gen/third_party/blink/renderer/core/css/properties/longhands.cc	16775
TextShadow	Value	NativeShadowList	production-literal-branch	out/Min/gen/third_party/blink/renderer/core/css/properties/longhands.cc	16783
TextTransform	Initial	NativeText	production-complete	out/Min/gen/third_party/blink/renderer/core/css/properties/longhands.cc	16806
TextTransform	Inherit	NativeText	production-complete	out/Min/gen/third_party/blink/renderer/core/css/properties/longhands.cc	16810
TextTransform	Value	NativeText	production-complete	out/Min/gen/third_party/blink/renderer/core/css/properties/longhands.cc	16814
TextUnderlineOffset	Initial	NativeText	production-complete	out/Min/gen/third_party/blink/renderer/core/css/properties/longhands.cc	16838
TextUnderlineOffset	Inherit	NativeText	production-same-zoom-branch	out/Min/gen/third_party/blink/renderer/core/css/properties/longhands.cc	16841
TextUnderlineOffset	Value	NativeText	production-typed-branch	out/Min/gen/third_party/blink/renderer/core/css/properties/longhands.cc	16849
TextUnderlinePosition	Initial	NativeText	production-complete	out/Min/gen/third_party/blink/renderer/core/css/properties/longhands.cc	16872
TextUnderlinePosition	Inherit	NativeText	production-complete	out/Min/gen/third_party/blink/renderer/core/css/properties/longhands.cc	16875
TextUnderlinePosition	Value	NativeText	production-complete	out/Min/gen/third_party/blink/renderer/core/css/properties/longhands.cc	16878
TextWrapMode	Initial	Initial	complete	out/Min/gen/third_party/blink/renderer/core/css/properties/longhands.cc	16901
TextWrapMode	Inherit	Inherit	complete	out/Min/gen/third_party/blink/renderer/core/css/properties/longhands.cc	16904
TextWrapMode	Value	Identifier	identifier-branch	out/Min/gen/third_party/blink/renderer/core/css/properties/longhands.cc	16907
TextWrapStyle	Initial	Initial	complete	out/Min/gen/third_party/blink/renderer/core/css/properties/longhands.cc	16930
TextWrapStyle	Inherit	Inherit	complete	out/Min/gen/third_party/blink/renderer/core/css/properties/longhands.cc	16933
TextWrapStyle	Value	Identifier	identifier-branch	out/Min/gen/third_party/blink/renderer/core/css/properties/longhands.cc	16936
TimelineScope	Initial	NativeTimeline	production-complete	out/Min/gen/third_party/blink/renderer/core/css/properties/longhands.cc	16959
TimelineScope	Inherit	NativeTimeline	production-complete	out/Min/gen/third_party/blink/renderer/core/css/properties/longhands.cc	16962
TimelineScope	Value	NativeTimeline	production-document-root-unscoped-name-branch	out/Min/gen/third_party/blink/renderer/core/css/properties/longhands.cc	16965
TimelineTriggerActivationRangeEnd	Initial	NativeCSSAnimationData	production-complete	out/Min/gen/third_party/blink/renderer/core/css/properties/longhands.cc	16994
TimelineTriggerActivationRangeEnd	Inherit	NativeCSSAnimationData	production-same-zoom-branch	out/Min/gen/third_party/blink/renderer/core/css/properties/longhands.cc	17002
TimelineTriggerActivationRangeEnd	Value	NativeCSSAnimationData	production-typed-branch	out/Min/gen/third_party/blink/renderer/core/css/properties/longhands.cc	17015
TimelineTriggerActivationRangeStart	Initial	NativeCSSAnimationData	production-complete	out/Min/gen/third_party/blink/renderer/core/css/properties/longhands.cc	17051
TimelineTriggerActivationRangeStart	Inherit	NativeCSSAnimationData	production-same-zoom-branch	out/Min/gen/third_party/blink/renderer/core/css/properties/longhands.cc	17059
TimelineTriggerActivationRangeStart	Value	NativeCSSAnimationData	production-typed-branch	out/Min/gen/third_party/blink/renderer/core/css/properties/longhands.cc	17072
TimelineTriggerActiveRangeEnd	Initial	NativeCSSAnimationData	production-complete	out/Min/gen/third_party/blink/renderer/core/css/properties/longhands.cc	17108
TimelineTriggerActiveRangeEnd	Inherit	NativeCSSAnimationData	production-same-zoom-branch	out/Min/gen/third_party/blink/renderer/core/css/properties/longhands.cc	17116
TimelineTriggerActiveRangeEnd	Value	NativeCSSAnimationData	production-typed-branch	out/Min/gen/third_party/blink/renderer/core/css/properties/longhands.cc	17129
TimelineTriggerActiveRangeStart	Initial	NativeCSSAnimationData	production-complete	out/Min/gen/third_party/blink/renderer/core/css/properties/longhands.cc	17165
TimelineTriggerActiveRangeStart	Inherit	NativeCSSAnimationData	production-same-zoom-branch	out/Min/gen/third_party/blink/renderer/core/css/properties/longhands.cc	17173
TimelineTriggerActiveRangeStart	Value	NativeCSSAnimationData	production-typed-branch	out/Min/gen/third_party/blink/renderer/core/css/properties/longhands.cc	17186
TimelineTriggerName	Initial	NativeCSSAnimationData	production-complete	out/Min/gen/third_party/blink/renderer/core/css/properties/longhands.cc	17222
TimelineTriggerName	Inherit	NativeCSSAnimationData	production-complete	out/Min/gen/third_party/blink/renderer/core/css/properties/longhands.cc	17230
TimelineTriggerName	Value	NativeCSSAnimationData	production-typed-branch	out/Min/gen/third_party/blink/renderer/core/css/properties/longhands.cc	17238
TimelineTriggerSource	Initial	NativeCSSAnimationData	production-complete	out/Min/gen/third_party/blink/renderer/core/css/properties/longhands.cc	17274
TimelineTriggerSource	Inherit	NativeCSSAnimationData	production-complete	out/Min/gen/third_party/blink/renderer/core/css/properties/longhands.cc	17282
TimelineTriggerSource	Value	NativeCSSAnimationData	production-typed-branch	out/Min/gen/third_party/blink/renderer/core/css/properties/longhands.cc	17290
Top	Initial	Initial	complete	out/Min/gen/third_party/blink/renderer/core/css/properties/longhands.cc	17329
Top	Inherit		unsupported	out/Min/gen/third_party/blink/renderer/core/css/properties/longhands.cc	17332
Top	Value	ConvertedLength	post-conversion-setter	out/Min/gen/third_party/blink/renderer/core/css/properties/longhands.cc	17340
TouchAction	Initial	NativeInteraction	production-complete	out/Min/gen/third_party/blink/renderer/core/css/properties/longhands.cc	17366
TouchAction	Inherit	NativeInteraction	production-complete	out/Min/gen/third_party/blink/renderer/core/css/properties/longhands.cc	17369
TouchAction	Value	NativeInteraction	production-complete	out/Min/gen/third_party/blink/renderer/core/css/properties/longhands.cc	17372
Transform	Initial	NativeTransform	production-complete	out/Min/gen/third_party/blink/renderer/core/css/properties/longhands.cc	17401
Transform	Inherit	NativeTransform	production-same-zoom-branch	out/Min/gen/third_party/blink/renderer/core/css/properties/longhands.cc	17404
Transform	Value	NativeTransform	production-typed-branch	out/Min/gen/third_party/blink/renderer/core/css/properties/longhands.cc	17412
TransformBox	Initial	Initial	complete	out/Min/gen/third_party/blink/renderer/core/css/properties/longhands.cc	17435
TransformBox	Inherit	Inherit	complete	out/Min/gen/third_party/blink/renderer/core/css/properties/longhands.cc	17438
TransformBox	Value	Identifier	identifier-branch	out/Min/gen/third_party/blink/renderer/core/css/properties/longhands.cc	17441
TransformOrigin	Initial	NativeTransform	production-complete	out/Min/gen/third_party/blink/renderer/core/css/properties/longhands.cc	17464
TransformOrigin	Inherit	NativeTransform	production-same-zoom-branch	out/Min/gen/third_party/blink/renderer/core/css/properties/longhands.cc	17467
TransformOrigin	Value	NativeTransform	production-typed-branch	out/Min/gen/third_party/blink/renderer/core/css/properties/longhands.cc	17475
TransformStyle	Initial	Initial	complete	out/Min/gen/third_party/blink/renderer/core/css/properties/longhands.cc	17498
TransformStyle	Inherit	Inherit	complete	out/Min/gen/third_party/blink/renderer/core/css/properties/longhands.cc	17501
TransformStyle	Value	Identifier	identifier-branch	out/Min/gen/third_party/blink/renderer/core/css/properties/longhands.cc	17504
TransitionBehavior	Initial	Initial	complete	out/Min/gen/third_party/blink/renderer/core/css/properties/longhands.cc	17527
TransitionBehavior	Inherit	Inherit	complete	out/Min/gen/third_party/blink/renderer/core/css/properties/longhands.cc	17535
TransitionBehavior	Value	ConvertedBehaviorList	post-conversion-setter	out/Min/gen/third_party/blink/renderer/core/css/properties/longhands.cc	17543
TransitionDelay	Initial	Initial	complete	out/Min/gen/third_party/blink/renderer/core/css/properties/longhands.cc	17573
TransitionDelay	Inherit	Inherit	complete	out/Min/gen/third_party/blink/renderer/core/css/properties/longhands.cc	17581
TransitionDelay	Value	ConvertedDelayStartList	post-conversion-setter	out/Min/gen/third_party/blink/renderer/core/css/properties/longhands.cc	17589
TransitionDuration	Initial	Initial	complete	out/Min/gen/third_party/blink/renderer/core/css/properties/longhands.cc	17619
TransitionDuration	Inherit	Inherit	complete	out/Min/gen/third_party/blink/renderer/core/css/properties/longhands.cc	17627
TransitionDuration	Value	ConvertedDurationList	post-conversion-setter	out/Min/gen/third_party/blink/renderer/core/css/properties/longhands.cc	17635
TransitionProperty	Initial	Initial	complete	out/Min/gen/third_party/blink/renderer/core/css/properties/longhands.cc	17665
TransitionProperty	Inherit	Inherit	complete	out/Min/gen/third_party/blink/renderer/core/css/properties/longhands.cc	17673
TransitionProperty	Value	ConvertedPropertyList	post-conversion-setter	out/Min/gen/third_party/blink/renderer/core/css/properties/longhands.cc	17681
TransitionTimingFunction	Initial	Initial	complete	out/Min/gen/third_party/blink/renderer/core/css/properties/longhands.cc	17711
TransitionTimingFunction	Inherit	Inherit	complete	out/Min/gen/third_party/blink/renderer/core/css/properties/longhands.cc	17719
TransitionTimingFunction	Value	ConvertedTimingFunctionList	post-conversion-setter	out/Min/gen/third_party/blink/renderer/core/css/properties/longhands.cc	17727
Translate	Initial	NativeTransform	production-complete	out/Min/gen/third_party/blink/renderer/core/css/properties/longhands.cc	17757
Translate	Inherit	NativeTransform	production-same-zoom-branch	out/Min/gen/third_party/blink/renderer/core/css/properties/longhands.cc	17760
Translate	Value	NativeTransform	production-typed-branch	out/Min/gen/third_party/blink/renderer/core/css/properties/longhands.cc	17768
TriggerScope	Initial	NativeInitialScope	production-complete	out/Min/gen/third_party/blink/renderer/core/css/properties/longhands.cc	17803
TriggerScope	Inherit	NativeInitialScope	production-complete	out/Min/gen/third_party/blink/renderer/core/css/properties/longhands.cc	17806
TriggerScope	Value	NativeInitialScope	production-typed-branch	out/Min/gen/third_party/blink/renderer/core/css/properties/longhands.cc	17809
UnicodeBidi	Initial	Initial	complete	out/Min/gen/third_party/blink/renderer/core/css/properties/longhands.cc	17852
UnicodeBidi	Inherit	Inherit	complete	out/Min/gen/third_party/blink/renderer/core/css/properties/longhands.cc	17855
UnicodeBidi	Value		unsupported	out/Min/gen/third_party/blink/renderer/core/css/properties/longhands.cc	17858
UserSelect	Initial	Initial	complete	out/Min/gen/third_party/blink/renderer/core/css/properties/longhands.cc	17901
UserSelect	Inherit	Inherit	complete	out/Min/gen/third_party/blink/renderer/core/css/properties/longhands.cc	17904
UserSelect	Value	Identifier	identifier-branch	out/Min/gen/third_party/blink/renderer/core/css/properties/longhands.cc	17907
VectorEffect	Initial	Initial	complete	out/Min/gen/third_party/blink/renderer/core/css/properties/longhands.cc	17930
VectorEffect	Inherit	Inherit	complete	out/Min/gen/third_party/blink/renderer/core/css/properties/longhands.cc	17933
VectorEffect	Value	Identifier	identifier-branch	out/Min/gen/third_party/blink/renderer/core/css/properties/longhands.cc	17936
VerticalAlign	Initial	NativeLinePagination	production-complete	out/Min/gen/third_party/blink/renderer/core/css/properties/longhands.cc	17959
ViewTimelineAxis	Initial	NativeTimeline	production-complete	out/Min/gen/third_party/blink/renderer/core/css/properties/longhands.cc	17982
ViewTimelineAxis	Inherit	NativeTimeline	production-complete	out/Min/gen/third_party/blink/renderer/core/css/properties/longhands.cc	17985
ViewTimelineAxis	Value	NativeTimeline	production-complete	out/Min/gen/third_party/blink/renderer/core/css/properties/longhands.cc	17988
ViewTimelineInset	Initial	NativeTimeline	production-complete	out/Min/gen/third_party/blink/renderer/core/css/properties/longhands.cc	18011
ViewTimelineInset	Inherit	NativeTimeline	production-same-zoom-branch	out/Min/gen/third_party/blink/renderer/core/css/properties/longhands.cc	18014
ViewTimelineInset	Value	NativeTimeline	production-typed-length-branch	out/Min/gen/third_party/blink/renderer/core/css/properties/longhands.cc	18022
ViewTimelineName	Initial	NativeTimeline	production-complete	out/Min/gen/third_party/blink/renderer/core/css/properties/longhands.cc	18045
ViewTimelineName	Inherit	NativeTimeline	production-complete	out/Min/gen/third_party/blink/renderer/core/css/properties/longhands.cc	18048
ViewTimelineName	Value	NativeTimeline	production-document-root-unscoped-name-branch	out/Min/gen/third_party/blink/renderer/core/css/properties/longhands.cc	18051
ViewTransitionClass	Initial	NativeViewTransitionStyle	production-complete	out/Min/gen/third_party/blink/renderer/core/css/properties/longhands.cc	18074
ViewTransitionClass	Inherit	NativeViewTransitionStyle	production-complete	out/Min/gen/third_party/blink/renderer/core/css/properties/longhands.cc	18077
ViewTransitionClass	Value	NativeViewTransitionStyle	production-typed-branch	out/Min/gen/third_party/blink/renderer/core/css/properties/longhands.cc	18080
ViewTransitionGroup	Initial	NativeViewTransitionStyle	production-complete	out/Min/gen/third_party/blink/renderer/core/css/properties/longhands.cc	18103
ViewTransitionGroup	Inherit	NativeViewTransitionStyle	production-complete	out/Min/gen/third_party/blink/renderer/core/css/properties/longhands.cc	18106
ViewTransitionGroup	Value	NativeViewTransitionStyle	production-typed-branch	out/Min/gen/third_party/blink/renderer/core/css/properties/longhands.cc	18109
ViewTransitionName	Initial	NativeViewTransitionStyle	production-complete	out/Min/gen/third_party/blink/renderer/core/css/properties/longhands.cc	18132
ViewTransitionName	Inherit	NativeViewTransitionStyle	production-complete	out/Min/gen/third_party/blink/renderer/core/css/properties/longhands.cc	18135
ViewTransitionName	Value	NativeViewTransitionStyle	production-typed-branch	out/Min/gen/third_party/blink/renderer/core/css/properties/longhands.cc	18138
ViewTransitionScope	Initial	Initial	complete	out/Min/gen/third_party/blink/renderer/core/css/properties/longhands.cc	18161
ViewTransitionScope	Inherit	Inherit	complete	out/Min/gen/third_party/blink/renderer/core/css/properties/longhands.cc	18164
ViewTransitionScope	Value	Identifier	identifier-branch	out/Min/gen/third_party/blink/renderer/core/css/properties/longhands.cc	18167
Visibility	Initial	Initial	complete	out/Min/gen/third_party/blink/renderer/core/css/properties/longhands.cc	18190
Visibility	Inherit	Inherit	complete	out/Min/gen/third_party/blink/renderer/core/css/properties/longhands.cc	18194
Visibility	Value	Identifier	identifier-branch	out/Min/gen/third_party/blink/renderer/core/css/properties/longhands.cc	18198
WebkitBorderHorizontalSpacing	Initial	NativeBorder	production-complete	out/Min/gen/third_party/blink/renderer/core/css/properties/longhands.cc	18222
WebkitBorderHorizontalSpacing	Inherit	NativeBorder	production-same-zoom-branch	out/Min/gen/third_party/blink/renderer/core/css/properties/longhands.cc	18225
WebkitBorderHorizontalSpacing	Value	NativeBorder	production-typed-branch	out/Min/gen/third_party/blink/renderer/core/css/properties/longhands.cc	18233
WebkitBorderImage	Initial	NativeNinePieceImage	production-complete	out/Min/gen/third_party/blink/renderer/core/css/properties/longhands.cc	18262
WebkitBorderImage	Inherit	NativeNinePieceImage	production-complete	out/Min/gen/third_party/blink/renderer/core/css/properties/longhands.cc	18265
WebkitBorderVerticalSpacing	Initial	NativeBorder	production-complete	out/Min/gen/third_party/blink/renderer/core/css/properties/longhands.cc	18288
WebkitBorderVerticalSpacing	Inherit	NativeBorder	production-same-zoom-branch	out/Min/gen/third_party/blink/renderer/core/css/properties/longhands.cc	18291
WebkitBorderVerticalSpacing	Value	NativeBorder	production-typed-branch	out/Min/gen/third_party/blink/renderer/core/css/properties/longhands.cc	18299
WebkitBoxAlign	Initial	Initial	complete	out/Min/gen/third_party/blink/renderer/core/css/properties/longhands.cc	18322
WebkitBoxAlign	Inherit	Inherit	complete	out/Min/gen/third_party/blink/renderer/core/css/properties/longhands.cc	18325
WebkitBoxAlign	Value	Identifier	identifier-branch	out/Min/gen/third_party/blink/renderer/core/css/properties/longhands.cc	18328
WebkitBoxDirection	Initial	Initial	complete	out/Min/gen/third_party/blink/renderer/core/css/properties/longhands.cc	18374
WebkitBoxDirection	Inherit	Inherit	complete	out/Min/gen/third_party/blink/renderer/core/css/properties/longhands.cc	18377
WebkitBoxDirection	Value	Identifier	identifier-branch	out/Min/gen/third_party/blink/renderer/core/css/properties/longhands.cc	18380
WebkitBoxFlex	Initial	Initial	complete	out/Min/gen/third_party/blink/renderer/core/css/properties/longhands.cc	18403
WebkitBoxFlex	Inherit	Inherit	complete	out/Min/gen/third_party/blink/renderer/core/css/properties/longhands.cc	18406
WebkitBoxFlex	Value	Number	numeric-literal-branch	out/Min/gen/third_party/blink/renderer/core/css/properties/longhands.cc	18409
WebkitBoxOrdinalGroup	Initial	NativeStableMisc	production-complete	out/Min/gen/third_party/blink/renderer/core/css/properties/longhands.cc	18438
WebkitBoxOrdinalGroup	Inherit	NativeStableMisc	production-complete	out/Min/gen/third_party/blink/renderer/core/css/properties/longhands.cc	18441
WebkitBoxOrdinalGroup	Value	NativeStableMisc	production-typed-branch	out/Min/gen/third_party/blink/renderer/core/css/properties/longhands.cc	18444
WebkitBoxOrient	Initial	Initial	complete	out/Min/gen/third_party/blink/renderer/core/css/properties/longhands.cc	18467
WebkitBoxOrient	Inherit	Inherit	complete	out/Min/gen/third_party/blink/renderer/core/css/properties/longhands.cc	18470
WebkitBoxOrient	Value	Identifier	identifier-branch	out/Min/gen/third_party/blink/renderer/core/css/properties/longhands.cc	18473
WebkitBoxPack	Initial	Initial	complete	out/Min/gen/third_party/blink/renderer/core/css/properties/longhands.cc	18496
WebkitBoxPack	Inherit	Inherit	complete	out/Min/gen/third_party/blink/renderer/core/css/properties/longhands.cc	18499
WebkitBoxPack	Value	Identifier	identifier-branch	out/Min/gen/third_party/blink/renderer/core/css/properties/longhands.cc	18502
WebkitBoxReflect	Initial	NativeReflection	production-complete	out/Min/gen/third_party/blink/renderer/core/css/properties/longhands.cc	18525
WebkitBoxReflect	Inherit	NativeReflection	production-same-zoom-branch	out/Min/gen/third_party/blink/renderer/core/css/properties/longhands.cc	18528
WebkitBoxReflect	Value	NativeReflection	production-typed-branch	out/Min/gen/third_party/blink/renderer/core/css/properties/longhands.cc	18536
WebkitLineClamp	Initial	NativeLinePagination	production-complete	out/Min/gen/third_party/blink/renderer/core/css/properties/longhands.cc	18593
WebkitLineClamp	Inherit	NativeLinePagination	production-complete	out/Min/gen/third_party/blink/renderer/core/css/properties/longhands.cc	18596
WebkitLineClamp	Value	NativeLinePagination	production-typed-branch	out/Min/gen/third_party/blink/renderer/core/css/properties/longhands.cc	18599
WebkitMaskBoxImageOutset	Initial	NativeMaskNinePieceImage	production-complete	out/Min/gen/third_party/blink/renderer/core/css/properties/longhands.cc	18628
WebkitMaskBoxImageOutset	Inherit	NativeMaskNinePieceImage	production-same-zoom-branch	out/Min/gen/third_party/blink/renderer/core/css/properties/longhands.cc	18637
WebkitMaskBoxImageOutset	Value	NativeMaskNinePieceImage	production-typed-branch	out/Min/gen/third_party/blink/renderer/core/css/properties/longhands.cc	18647
WebkitMaskBoxImageRepeat	Initial	NativeMaskNinePieceImage	production-complete	out/Min/gen/third_party/blink/renderer/core/css/properties/longhands.cc	18672
WebkitMaskBoxImageRepeat	Inherit	NativeMaskNinePieceImage	production-complete	out/Min/gen/third_party/blink/renderer/core/css/properties/longhands.cc	18682
WebkitMaskBoxImageRepeat	Value	NativeMaskNinePieceImage	production-complete	out/Min/gen/third_party/blink/renderer/core/css/properties/longhands.cc	18687
WebkitMaskBoxImageSlice	Initial	NativeMaskNinePieceImage	production-complete	out/Min/gen/third_party/blink/renderer/core/css/properties/longhands.cc	18712
WebkitMaskBoxImageSlice	Inherit	NativeMaskNinePieceImage	production-complete	out/Min/gen/third_party/blink/renderer/core/css/properties/longhands.cc	18724
WebkitMaskBoxImageSlice	Value	NativeMaskNinePieceImage	production-typed-branch	out/Min/gen/third_party/blink/renderer/core/css/properties/longhands.cc	18729
WebkitMaskBoxImageSource	Initial	NativeMaskNinePieceImage	production-complete	out/Min/gen/third_party/blink/renderer/core/css/properties/longhands.cc	18760
WebkitMaskBoxImageSource	Inherit	NativeMaskNinePieceImage	production-complete	out/Min/gen/third_party/blink/renderer/core/css/properties/longhands.cc	18763
WebkitMaskBoxImageWidth	Initial	NativeMaskNinePieceImage	production-complete	out/Min/gen/third_party/blink/renderer/core/css/properties/longhands.cc	18792
WebkitMaskBoxImageWidth	Inherit	NativeMaskNinePieceImage	production-same-zoom-branch	out/Min/gen/third_party/blink/renderer/core/css/properties/longhands.cc	18803
WebkitMaskBoxImageWidth	Value	NativeMaskNinePieceImage	production-typed-branch	out/Min/gen/third_party/blink/renderer/core/css/properties/longhands.cc	18813
WebkitMaskPositionX	Initial	NativeMaskFillLayer	production-complete	out/Min/gen/third_party/blink/renderer/core/css/properties/longhands.cc	18838
WebkitMaskPositionX	Inherit	NativeMaskFillLayer	production-same-zoom-branch	out/Min/gen/third_party/blink/renderer/core/css/properties/longhands.cc	18845
WebkitMaskPositionX	Value	NativeMaskFillLayer	production-typed-branch	out/Min/gen/third_party/blink/renderer/core/css/properties/longhands.cc	18872
WebkitMaskPositionY	Initial	NativeMaskFillLayer	production-complete	out/Min/gen/third_party/blink/renderer/core/css/properties/longhands.cc	18915
WebkitMaskPositionY	Inherit	NativeMaskFillLayer	production-same-zoom-branch	out/Min/gen/third_party/blink/renderer/core/css/properties/longhands.cc	18922
WebkitMaskPositionY	Value	NativeMaskFillLayer	production-typed-branch	out/Min/gen/third_party/blink/renderer/core/css/properties/longhands.cc	18949
WebkitPerspectiveOriginX	Initial	NativeTransform	production-complete	out/Min/gen/third_party/blink/renderer/core/css/properties/longhands.cc	18992
WebkitPerspectiveOriginX	Value	NativeTransform	production-typed-branch	out/Min/gen/third_party/blink/renderer/core/css/properties/longhands.cc	18995
WebkitPerspectiveOriginY	Initial	NativeTransform	production-complete	out/Min/gen/third_party/blink/renderer/core/css/properties/longhands.cc	19018
WebkitPerspectiveOriginY	Value	NativeTransform	production-typed-branch	out/Min/gen/third_party/blink/renderer/core/css/properties/longhands.cc	19021
WebkitRtlOrdering	Initial	Initial	complete	out/Min/gen/third_party/blink/renderer/core/css/properties/longhands.cc	19044
WebkitRtlOrdering	Inherit	Inherit	complete	out/Min/gen/third_party/blink/renderer/core/css/properties/longhands.cc	19048
WebkitRtlOrdering	Value	Identifier	identifier-branch	out/Min/gen/third_party/blink/renderer/core/css/properties/longhands.cc	19052
WebkitTapHighlightColor	Initial		unsupported	out/Min/gen/third_party/blink/renderer/core/css/properties/longhands.cc	19105
WebkitTapHighlightColor	Inherit	Inherit	complete	out/Min/gen/third_party/blink/renderer/core/css/properties/longhands.cc	19108
WebkitTapHighlightColor	Value	ConvertedColor	post-conversion-setter	out/Min/gen/third_party/blink/renderer/core/css/properties/longhands.cc	19111
WebkitTextDecorationsInEffect	Initial	NativeTextBoxEmpty	production-complete	out/Min/gen/third_party/blink/renderer/core/css/properties/longhands.cc	19157
WebkitTextDecorationsInEffect	Inherit	NativeTextBoxEmpty	production-complete	out/Min/gen/third_party/blink/renderer/core/css/properties/longhands.cc	19160
WebkitTextDecorationsInEffect	Value	NativeTextBoxEmpty	production-complete	out/Min/gen/third_party/blink/renderer/core/css/properties/longhands.cc	19163
WebkitTextFillColor	Initial		unsupported	out/Min/gen/third_party/blink/renderer/core/css/properties/longhands.cc	19192
WebkitTextFillColor	Inherit	Inherit	complete	out/Min/gen/third_party/blink/renderer/core/css/properties/longhands.cc	19196
WebkitTextFillColor	Value	ConvertedColor	post-conversion-setter	out/Min/gen/third_party/blink/renderer/core/css/properties/longhands.cc	19200
WebkitTextSecurity	Initial	Initial	complete	out/Min/gen/third_party/blink/renderer/core/css/properties/longhands.cc	19223
WebkitTextSecurity	Inherit	Inherit	complete	out/Min/gen/third_party/blink/renderer/core/css/properties/longhands.cc	19226
WebkitTextSecurity	Value	Identifier	identifier-branch	out/Min/gen/third_party/blink/renderer/core/css/properties/longhands.cc	19229
WebkitTextStrokeColor	Initial	NativeSVGPresentation	production-complete	out/Min/gen/third_party/blink/renderer/core/css/properties/longhands.cc	19258
WebkitTextStrokeColor	Inherit	NativeSVGPresentation	production-complete	out/Min/gen/third_party/blink/renderer/core/css/properties/longhands.cc	19262
WebkitTextStrokeColor	Value	NativeSVGPresentation	production-typed-branch	out/Min/gen/third_party/blink/renderer/core/css/properties/longhands.cc	19266
WebkitTextStrokeWidth	Initial	NativeSVGPresentation	production-complete	out/Min/gen/third_party/blink/renderer/core/css/properties/longhands.cc	19289
WebkitTextStrokeWidth	Inherit	NativeSVGPresentation	production-same-zoom-branch	out/Min/gen/third_party/blink/renderer/core/css/properties/longhands.cc	19292
WebkitTextStrokeWidth	Value	NativeSVGPresentation	production-typed-branch	out/Min/gen/third_party/blink/renderer/core/css/properties/longhands.cc	19300
WebkitTransformOriginX	Initial	NativeTransform	production-complete	out/Min/gen/third_party/blink/renderer/core/css/properties/longhands.cc	19323
WebkitTransformOriginX	Value	NativeTransform	production-typed-branch	out/Min/gen/third_party/blink/renderer/core/css/properties/longhands.cc	19326
WebkitTransformOriginY	Initial	NativeTransform	production-complete	out/Min/gen/third_party/blink/renderer/core/css/properties/longhands.cc	19349
WebkitTransformOriginY	Value	NativeTransform	production-typed-branch	out/Min/gen/third_party/blink/renderer/core/css/properties/longhands.cc	19352
WebkitTransformOriginZ	Initial	NativeTransform	production-complete	out/Min/gen/third_party/blink/renderer/core/css/properties/longhands.cc	19375
WebkitTransformOriginZ	Value	NativeTransform	production-typed-branch	out/Min/gen/third_party/blink/renderer/core/css/properties/longhands.cc	19378
WebkitUserDrag	Initial	Initial	complete	out/Min/gen/third_party/blink/renderer/core/css/properties/longhands.cc	19401
WebkitUserDrag	Inherit	Inherit	complete	out/Min/gen/third_party/blink/renderer/core/css/properties/longhands.cc	19404
WebkitUserDrag	Value	Identifier	identifier-branch	out/Min/gen/third_party/blink/renderer/core/css/properties/longhands.cc	19407
WebkitUserModify	Initial	Initial	complete	out/Min/gen/third_party/blink/renderer/core/css/properties/longhands.cc	19430
WebkitUserModify	Inherit	Inherit	complete	out/Min/gen/third_party/blink/renderer/core/css/properties/longhands.cc	19433
WebkitUserModify	Value	Identifier	identifier-branch	out/Min/gen/third_party/blink/renderer/core/css/properties/longhands.cc	19436
WhiteSpaceCollapse	Initial	Initial	complete	out/Min/gen/third_party/blink/renderer/core/css/properties/longhands.cc	19459
WhiteSpaceCollapse	Inherit	Inherit	complete	out/Min/gen/third_party/blink/renderer/core/css/properties/longhands.cc	19462
WhiteSpaceCollapse	Value	Identifier	identifier-branch	out/Min/gen/third_party/blink/renderer/core/css/properties/longhands.cc	19465
Widows	Initial	NativeLayoutMisc	production-complete	out/Min/gen/third_party/blink/renderer/core/css/properties/longhands.cc	19494
Widows	Inherit	NativeLayoutMisc	production-complete	out/Min/gen/third_party/blink/renderer/core/css/properties/longhands.cc	19497
Widows	Value	NativeLayoutMisc	production-typed-branch	out/Min/gen/third_party/blink/renderer/core/css/properties/longhands.cc	19500
Width	Initial	Initial	complete	out/Min/gen/third_party/blink/renderer/core/css/properties/longhands.cc	19532
Width	Inherit		unsupported	out/Min/gen/third_party/blink/renderer/core/css/properties/longhands.cc	19535
Width	Value	ConvertedLength	post-conversion-setter	out/Min/gen/third_party/blink/renderer/core/css/properties/longhands.cc	19543
WindowDrag	Initial	Initial	complete	out/Min/gen/third_party/blink/renderer/core/css/properties/longhands.cc	19595
WindowDrag	Inherit	Inherit	complete	out/Min/gen/third_party/blink/renderer/core/css/properties/longhands.cc	19598
WordBreak	Initial	Initial	complete	out/Min/gen/third_party/blink/renderer/core/css/properties/longhands.cc	19621
WordBreak	Inherit	Inherit	complete	out/Min/gen/third_party/blink/renderer/core/css/properties/longhands.cc	19624
WordSpacing	Initial	Initial	complete	out/Min/gen/third_party/blink/renderer/core/css/properties/longhands.cc	19653
WordSpacing	Inherit		unsupported	out/Min/gen/third_party/blink/renderer/core/css/properties/longhands.cc	19656
WordSpacing	Value	ConvertedLength	post-conversion-setter	out/Min/gen/third_party/blink/renderer/core/css/properties/longhands.cc	19664
X	Initial	NativeSVG	production-complete	out/Min/gen/third_party/blink/renderer/core/css/properties/longhands.cc	19687
X	Inherit	NativeSVG	production-same-zoom-branch	out/Min/gen/third_party/blink/renderer/core/css/properties/longhands.cc	19690
X	Value	NativeSVG	production-typed-branch	out/Min/gen/third_party/blink/renderer/core/css/properties/longhands.cc	19698
Y	Initial	NativeSVG	production-complete	out/Min/gen/third_party/blink/renderer/core/css/properties/longhands.cc	19721
Y	Inherit	NativeSVG	production-same-zoom-branch	out/Min/gen/third_party/blink/renderer/core/css/properties/longhands.cc	19724
Y	Value	NativeSVG	production-typed-branch	out/Min/gen/third_party/blink/renderer/core/css/properties/longhands.cc	19732
ZIndex	Initial	NativeOverflowOutline	production-complete	out/Min/gen/third_party/blink/renderer/core/css/properties/longhands.cc	19755
ZIndex	Inherit	NativeOverflowOutline	production-complete	out/Min/gen/third_party/blink/renderer/core/css/properties/longhands.cc	19758
ZIndex	Value	NativeOverflowOutline	production-literal-branch	out/Min/gen/third_party/blink/renderer/core/css/properties/longhands.cc	19764
MaskComposite	Initial	NativeMaskFillLayer	production-complete	out/Min/gen/third_party/blink/renderer/core/css/properties/longhands.cc	19791
MaskComposite	Inherit	NativeMaskFillLayer	production-complete	out/Min/gen/third_party/blink/renderer/core/css/properties/longhands.cc	19798
MaskComposite	Value	NativeMaskFillLayer	production-complete	out/Min/gen/third_party/blink/renderer/core/css/properties/longhands.cc	19818
PositionAnchor	Initial	NativeAnchorPosition	production-typed-branch	third_party/blink/renderer/core/css/properties/longhands/longhands_custom.cc	252
PositionAnchor	Inherit	NativeAnchorPosition	production-typed-branch	third_party/blink/renderer/core/css/properties/longhands/longhands_custom.cc	256
PositionAnchor	Value	NativeAnchorPosition	production-typed-branch	third_party/blink/renderer/core/css/properties/longhands/longhands_custom.cc	260
BackdropFilter	Value	NativeEffects	production-typed-branch	third_party/blink/renderer/core/css/properties/longhands/longhands_custom.cc	925
BackgroundClip	Value		unsupported	third_party/blink/renderer/core/css/properties/longhands/longhands_custom.cc	1045
BaselineShift	Inherit	NativeSVGPresentation	production-same-zoom-branch	third_party/blink/renderer/core/css/properties/longhands/longhands_custom.cc	1273
BaselineShift	Value	NativeSVGPresentation	production-typed-branch	third_party/blink/renderer/core/css/properties/longhands/longhands_custom.cc	1285
BorderBottomWidth	Initial	NativeBorder	production-complete	third_party/blink/renderer/core/css/properties/longhands/longhands_custom.cc	1408
BorderBottomWidth	Inherit	NativeBorder	production-same-zoom-branch	third_party/blink/renderer/core/css/properties/longhands/longhands_custom.cc	1415
BorderImageSource	Value	NativeNinePieceImage	production-typed-branch	third_party/blink/renderer/core/css/properties/longhands/longhands_custom.cc	1539
BorderLeftWidth	Initial	NativeBorder	production-complete	third_party/blink/renderer/core/css/properties/longhands/longhands_custom.cc	1642
BorderLeftWidth	Inherit	NativeBorder	production-same-zoom-branch	third_party/blink/renderer/core/css/properties/longhands/longhands_custom.cc	1649
BorderRightWidth	Initial	NativeBorder	production-complete	third_party/blink/renderer/core/css/properties/longhands/longhands_custom.cc	1729
BorderRightWidth	Inherit	NativeBorder	production-same-zoom-branch	third_party/blink/renderer/core/css/properties/longhands/longhands_custom.cc	1736
BorderTopWidth	Initial	NativeBorder	production-complete	third_party/blink/renderer/core/css/properties/longhands/longhands_custom.cc	1834
BorderTopWidth	Inherit	NativeBorder	production-same-zoom-branch	third_party/blink/renderer/core/css/properties/longhands/longhands_custom.cc	1841
Color	Initial		unsupported	third_party/blink/renderer/core/css/properties/longhands/longhands_custom.cc	2377
Color	Inherit		unsupported	third_party/blink/renderer/core/css/properties/longhands/longhands_custom.cc	2384
Color	Value		unsupported	third_party/blink/renderer/core/css/properties/longhands/longhands_custom.cc	2396
ColorScheme	Initial	NativeColorUI	production-context-branch	third_party/blink/renderer/core/css/properties/longhands/longhands_custom.cc	2557
ColorScheme	Inherit	NativeColorUI	production-complete	third_party/blink/renderer/core/css/properties/longhands/longhands_custom.cc	2561
ColorScheme	Value	NativeColorUI	production-context-branch	third_party/blink/renderer/core/css/properties/longhands/longhands_custom.cc	2568
ColumnRuleWidth	Initial	NativeColumnRule	production-complete	third_party/blink/renderer/core/css/properties/longhands/longhands_custom.cc	2732
ColumnRuleWidth	Inherit	NativeColumnRule	production-same-zoom-branch	third_party/blink/renderer/core/css/properties/longhands/longhands_custom.cc	2739
RowRuleWidth	Initial	NativeGapRuleShared	production-complete	third_party/blink/renderer/core/css/properties/longhands/longhands_custom.cc	2767
RowRuleWidth	Inherit	NativeGapRuleShared	production-same-zoom-branch	third_party/blink/renderer/core/css/properties/longhands/longhands_custom.cc	2774
Content	Initial		unsupported	third_party/blink/renderer/core/css/properties/longhands/longhands_custom.cc	3158
Content	Inherit		unsupported	third_party/blink/renderer/core/css/properties/longhands/longhands_custom.cc	3162
Content	Value		unsupported	third_party/blink/renderer/core/css/properties/longhands/longhands_custom.cc	3193
Cursor	Initial	NativeEffects	production-complete	third_party/blink/renderer/core/css/properties/longhands/longhands_custom.cc	3490
Cursor	Inherit	NativeEffects	production-complete	third_party/blink/renderer/core/css/properties/longhands/longhands_custom.cc	3497
Cursor	Value	NativeEffects	production-typed-branch	third_party/blink/renderer/core/css/properties/longhands/longhands_custom.cc	3504
Direction	Value	NativeWritingDirection	production-complete	third_party/blink/renderer/core/css/properties/longhands/longhands_custom.cc	3610
Display	Initial	Initial	complete	third_party/blink/renderer/core/css/properties/longhands/longhands_custom.cc	3896
Display	Inherit	Inherit	complete	third_party/blink/renderer/core/css/properties/longhands/longhands_custom.cc	3903
Display	Value	Identifier	identifier-branch	third_party/blink/renderer/core/css/properties/longhands/longhands_custom.cc	3910
Fill	Value	NativeSVG	production-color-none-context-branch	third_party/blink/renderer/core/css/properties/longhands/longhands_custom.cc	4133
Filter	Value	NativeEffects	production-typed-branch	third_party/blink/renderer/core/css/properties/longhands/longhands_custom.cc	4170
FontFamily	Initial		unsupported	third_party/blink/renderer/core/css/properties/longhands/longhands_custom.cc	4417
FontFamily	Inherit		unsupported	third_party/blink/renderer/core/css/properties/longhands/longhands_custom.cc	4423
FontStyle	Inherit		unsupported	third_party/blink/renderer/core/css/properties/longhands/longhands_custom.cc	4513
FontStyle	Value		unsupported	third_party/blink/renderer/core/css/properties/longhands/longhands_custom.cc	4519
InternalVisitedColor	Initial		unsupported	third_party/blink/renderer/core/css/properties/longhands/longhands_custom.cc	4854
InternalVisitedColor	Inherit		unsupported	third_party/blink/renderer/core/css/properties/longhands/longhands_custom.cc	4860
InternalVisitedColor	Value		unsupported	third_party/blink/renderer/core/css/properties/longhands/longhands_custom.cc	4879
GridTemplateColumns	Inherit	NativeGrid	production-same-zoom-branch	third_party/blink/renderer/core/css/properties/longhands/longhands_custom.cc	5167
GridTemplateRows	Inherit	NativeGrid	production-same-zoom-branch	third_party/blink/renderer/core/css/properties/longhands/longhands_custom.cc	5192
PositionArea	Initial	NativeAnchorPosition	production-typed-branch	third_party/blink/renderer/core/css/properties/longhands/longhands_custom.cc	5411
PositionArea	Inherit	NativeAnchorPosition	production-typed-branch	third_party/blink/renderer/core/css/properties/longhands/longhands_custom.cc	5415
PositionArea	Value	NativeAnchorPosition	production-typed-branch	third_party/blink/renderer/core/css/properties/longhands/longhands_custom.cc	5419
InternalForcedColor	Initial	Initial	complete	third_party/blink/renderer/core/css/properties/longhands/longhands_custom.cc	6030
InternalForcedColor	Inherit	Inherit	complete	third_party/blink/renderer/core/css/properties/longhands/longhands_custom.cc	6035
InternalForcedColor	Value		unsupported	third_party/blink/renderer/core/css/properties/longhands/longhands_custom.cc	6040
InternalForcedVisitedColor	Initial	Initial	complete	third_party/blink/renderer/core/css/properties/longhands/longhands_custom.cc	6102
InternalForcedVisitedColor	Inherit		unsupported	third_party/blink/renderer/core/css/properties/longhands/longhands_custom.cc	6107
InternalForcedVisitedColor	Value		unsupported	third_party/blink/renderer/core/css/properties/longhands/longhands_custom.cc	6112
LineClamp	Initial	NativeLinePagination	production-runtime-branch	third_party/blink/renderer/core/css/properties/longhands/longhands_custom.cc	6515
LineClamp	Inherit	NativeLinePagination	production-runtime-branch	third_party/blink/renderer/core/css/properties/longhands/longhands_custom.cc	6522
LineClamp	Value	NativeLinePagination	production-runtime-branch	third_party/blink/renderer/core/css/properties/longhands/longhands_custom.cc	6529
ListStyleImage	Value	NativeListCounter	production-typed-branch	third_party/blink/renderer/core/css/properties/longhands/longhands_custom.cc	6589
ListStyleType	Value	NativeListCounter	production-typed-branch	third_party/blink/renderer/core/css/properties/longhands/longhands_custom.cc	6654
MarkerEnd	Value	NativeSVGPresentation	production-none-branch/resource-unsupported	third_party/blink/renderer/core/css/properties/longhands/longhands_custom.cc	6968
MarkerMid	Value	NativeSVGPresentation	production-none-branch/resource-unsupported	third_party/blink/renderer/core/css/properties/longhands/longhands_custom.cc	6994
MarkerStart	Value	NativeSVGPresentation	production-none-branch/resource-unsupported	third_party/blink/renderer/core/css/properties/longhands/longhands_custom.cc	7020
MathDepth	Value	NativeStableMisc	production-typed-branch	third_party/blink/renderer/core/css/properties/longhands/longhands_custom.cc	7070
MaxContentSizing	Initial		unsupported	third_party/blink/renderer/core/css/properties/longhands/longhands_custom.cc	7103
MaxContentSizing	Inherit	Inherit	complete	third_party/blink/renderer/core/css/properties/longhands/longhands_custom.cc	7108
MaxContentSizing	Value		unsupported	third_party/blink/renderer/core/css/properties/longhands/longhands_custom.cc	7115
OutlineStyle	Initial	NativeOverflowOutline	production-complete	third_party/blink/renderer/core/css/properties/longhands/longhands_custom.cc	7565
OutlineStyle	Inherit	NativeOverflowOutline	production-complete	third_party/blink/renderer/core/css/properties/longhands/longhands_custom.cc	7572
OutlineStyle	Value	NativeOverflowOutline	production-complete	third_party/blink/renderer/core/css/properties/longhands/longhands_custom.cc	7578
OutlineWidth	Initial	NativeOverflowOutline	production-complete	third_party/blink/renderer/core/css/properties/longhands/longhands_custom.cc	7588
OutlineWidth	Inherit	NativeOverflowOutline	production-literal-branch	third_party/blink/renderer/core/css/properties/longhands/longhands_custom.cc	7595
OverflowX	Initial	NativeOverflowOutline	production-complete	third_party/blink/renderer/core/css/properties/longhands/longhands_custom.cc	7738
OverflowX	Inherit	NativeOverflowOutline	production-complete	third_party/blink/renderer/core/css/properties/longhands/longhands_custom.cc	7746
OverflowX	Value	NativeOverflowOutline	production-complete	third_party/blink/renderer/core/css/properties/longhands/longhands_custom.cc	7756
OverflowY	Initial	NativeOverflowOutline	production-complete	third_party/blink/renderer/core/css/properties/longhands/longhands_custom.cc	7777
OverflowY	Inherit	NativeOverflowOutline	production-complete	third_party/blink/renderer/core/css/properties/longhands/longhands_custom.cc	7785
OverflowY	Value	NativeOverflowOutline	production-complete	third_party/blink/renderer/core/css/properties/longhands/longhands_custom.cc	7795
PositionTryFallbacks	Value	NativeAnchorPosition	production-typed-branch	third_party/blink/renderer/core/css/properties/longhands/longhands_custom.cc	8357
Resize	Value		unsupported	third_party/blink/renderer/core/css/properties/longhands/longhands_custom.cc	8480
Size	Initial	NativeViewport	production-empty-css-wide	third_party/blink/renderer/core/css/properties/longhands/longhands_custom.cc	9413
Size	Inherit	NativeViewport	production-empty-css-wide	third_party/blink/renderer/core/css/properties/longhands/longhands_custom.cc	9415
Size	Value	NativeViewport	production-native-size-branch/page-cascade-pending	third_party/blink/renderer/core/css/properties/longhands/longhands_custom.cc	9417
Stroke	Value	NativeSVG	production-color-none-context-branch	third_party/blink/renderer/core/css/properties/longhands/longhands_custom.cc	9553
TextAlign	Value		unsupported	third_party/blink/renderer/core/css/properties/longhands/longhands_custom.cc	9741
TextIndent	Value	NativeText	production-typed-branch	third_party/blink/renderer/core/css/properties/longhands/longhands_custom.cc	10073
TextOrientation	Initial		unsupported	third_party/blink/renderer/core/css/properties/longhands/longhands_custom.cc	10132
TextOrientation	Inherit		unsupported	third_party/blink/renderer/core/css/properties/longhands/longhands_custom.cc	10137
TextOrientation	Value		unsupported	third_party/blink/renderer/core/css/properties/longhands/longhands_custom.cc	10141
VerticalAlign	Inherit	NativeLinePagination	production-same-zoom-branch	third_party/blink/renderer/core/css/properties/longhands/longhands_custom.cc	10821
VerticalAlign	Value	NativeLinePagination	production-typed-branch	third_party/blink/renderer/core/css/properties/longhands/longhands_custom.cc	10837
WindowDrag	Value		unsupported	third_party/blink/renderer/core/css/properties/longhands/longhands_custom.cc	10984
WebkitBorderImage	Value	NativeNinePieceImage	production-typed-branch	third_party/blink/renderer/core/css/properties/longhands/longhands_custom.cc	11060
AlternativeWebkitLineClampLonghand	Initial	NativeLinePagination	production-runtime-branch	third_party/blink/renderer/core/css/properties/longhands/longhands_custom.cc	11312
AlternativeWebkitLineClampLonghand	Inherit	NativeLinePagination	production-runtime-branch	third_party/blink/renderer/core/css/properties/longhands/longhands_custom.cc	11320
AlternativeWebkitLineClampLonghand	Value	NativeLinePagination	production-runtime-branch	third_party/blink/renderer/core/css/properties/longhands/longhands_custom.cc	11328
WebkitLocale	Value	NativeViewport	production-native-locale-branch/cache-icu-fontbuilder-lifecycle-pending	third_party/blink/renderer/core/css/properties/longhands/longhands_custom.cc	11365
WebkitMaskBoxImageSource	Value	NativeMaskNinePieceImage	production-typed-branch	third_party/blink/renderer/core/css/properties/longhands/longhands_custom.cc	11430
WebkitPerspectiveOriginX	Inherit	NativeTransform	production-same-zoom-branch	third_party/blink/renderer/core/css/properties/longhands/longhands_custom.cc	11681
WebkitPerspectiveOriginY	Inherit	NativeTransform	production-same-zoom-branch	third_party/blink/renderer/core/css/properties/longhands/longhands_custom.cc	11705
TextEmphasisStyle	Initial	NativeTypography	production-complete	third_party/blink/renderer/core/css/properties/longhands/longhands_custom.cc	12059
TextEmphasisStyle	Inherit	NativeTypography	production-complete	third_party/blink/renderer/core/css/properties/longhands/longhands_custom.cc	12069
TextEmphasisStyle	Value	NativeTypography	production-complete	third_party/blink/renderer/core/css/properties/longhands/longhands_custom.cc	12077
WebkitTransformOriginX	Inherit	NativeTransform	production-same-zoom-branch	third_party/blink/renderer/core/css/properties/longhands/longhands_custom.cc	12264
WebkitTransformOriginY	Inherit	NativeTransform	production-same-zoom-branch	third_party/blink/renderer/core/css/properties/longhands/longhands_custom.cc	12306
WebkitTransformOriginZ	Inherit	NativeTransform	production-same-zoom-branch	third_party/blink/renderer/core/css/properties/longhands/longhands_custom.cc	12329
WillChange	Initial	NativeInteraction	production-complete	third_party/blink/renderer/core/css/properties/longhands/longhands_custom.cc	12490
WillChange	Inherit	NativeInteraction	production-complete	third_party/blink/renderer/core/css/properties/longhands/longhands_custom.cc	12497
WillChange	Value	NativeInteraction	production-typed-branch	third_party/blink/renderer/core/css/properties/longhands/longhands_custom.cc	12504
WordBreak	Value		unsupported	third_party/blink/renderer/core/css/properties/longhands/longhands_custom.cc	12601
WritingMode	Initial	NativeWritingDirection	production-complete	third_party/blink/renderer/core/css/properties/longhands/longhands_custom.cc	12635
WritingMode	Inherit	NativeWritingDirection	production-complete	third_party/blink/renderer/core/css/properties/longhands/longhands_custom.cc	12639
WritingMode	Value	NativeWritingDirection	production-complete	third_party/blink/renderer/core/css/properties/longhands/longhands_custom.cc	12643
TextSizeAdjust	Initial	NativeTypography	production-typed-branch	third_party/blink/renderer/core/css/properties/longhands/longhands_custom.cc	12650
TextSizeAdjust	Inherit	NativeTypography	production-typed-branch	third_party/blink/renderer/core/css/properties/longhands/longhands_custom.cc	12654
TextSizeAdjust	Value	NativeTypography	production-typed-branch	third_party/blink/renderer/core/css/properties/longhands/longhands_custom.cc	12658
Zoom	Initial	NativeViewport	production-unchanged-effective-zoom-branch/fontbuilder-owner-pending	third_party/blink/renderer/core/css/properties/longhands/longhands_custom.cc	12761
Zoom	Inherit	NativeViewport	production-unchanged-effective-zoom-branch/fontbuilder-owner-pending	third_party/blink/renderer/core/css/properties/longhands/longhands_custom.cc	12765
Zoom	Value	NativeViewport	production-unchanged-effective-zoom-branch/fontbuilder-owner-pending	third_party/blink/renderer/core/css/properties/longhands/longhands_custom.cc	12769
BorderStartStartRadius	ToPhysical	LogicalBorderRadius	production-complete	out/Min/gen/third_party/blink/renderer/core/css/properties/longhands.cc	5224
BorderStartEndRadius	ToPhysical	LogicalBorderRadius	production-complete	out/Min/gen/third_party/blink/renderer/core/css/properties/longhands.cc	5183
BorderEndStartRadius	ToPhysical	LogicalBorderRadius	production-complete	out/Min/gen/third_party/blink/renderer/core/css/properties/longhands.cc	4424
BorderEndEndRadius	ToPhysical	LogicalBorderRadius	production-complete	out/Min/gen/third_party/blink/renderer/core/css/properties/longhands.cc	4383
BorderSpacing	Expand	ProductionLonghands	production-complete	third_party/blink/renderer/core/css/properties/shorthands/shorthands_custom.cc	1043
BorderBlockColor	Expand	ProductionLonghands	production-complete	third_party/blink/renderer/core/css/properties/shorthands/shorthands_custom.cc	554
BorderBlockStyle	Expand	ProductionLonghands	production-complete	third_party/blink/renderer/core/css/properties/shorthands/shorthands_custom.cc	636
BorderBlockWidth	Expand	ProductionLonghands	production-complete	third_party/blink/renderer/core/css/properties/shorthands/shorthands_custom.cc	656
BorderInlineColor	Expand	ProductionLonghands	production-complete	third_party/blink/renderer/core/css/properties/shorthands/shorthands_custom.cc	828
BorderInlineStyle	Expand	ProductionLonghands	production-complete	third_party/blink/renderer/core/css/properties/shorthands/shorthands_custom.cc	910
BorderInlineWidth	Expand	ProductionLonghands	production-complete	third_party/blink/renderer/core/css/properties/shorthands/shorthands_custom.cc	930
BorderRadius	Expand	ProductionLonghands	production-complete	third_party/blink/renderer/core/css/properties/shorthands/shorthands_custom.cc	970
BorderBlock	Expand	LogicalBorderShorthand	production-expansion-complete/leaf-collaborators-partial	third_party/blink/renderer/core/css/properties/shorthands/shorthands_custom.cc	574
BorderInline	Expand	LogicalBorderShorthand	production-expansion-complete/leaf-collaborators-partial	third_party/blink/renderer/core/css/properties/shorthands/shorthands_custom.cc	848
BorderBlockStart	Expand	LogicalBorderShorthand	production-expansion-complete/leaf-collaborators-partial	third_party/blink/renderer/core/css/properties/shorthands/shorthands_custom.cc	626
BorderBlockEnd	Expand	LogicalBorderShorthand	production-expansion-complete/leaf-collaborators-partial	third_party/blink/renderer/core/css/properties/shorthands/shorthands_custom.cc	616
BorderInlineStart	Expand	LogicalBorderShorthand	production-expansion-complete/leaf-collaborators-partial	third_party/blink/renderer/core/css/properties/shorthands/shorthands_custom.cc	900
BorderInlineEnd	Expand	LogicalBorderShorthand	production-expansion-complete/leaf-collaborators-partial	third_party/blink/renderer/core/css/properties/shorthands/shorthands_custom.cc	890
BorderBlockEndColor	ToPhysical	LogicalBorderEdge	production-complete	out/Min/gen/third_party/blink/renderer/core/css/properties/longhands.cc	3909
BorderBlockEndStyle	ToPhysical	LogicalBorderEdge	production-complete	out/Min/gen/third_party/blink/renderer/core/css/properties/longhands.cc	3950
BorderBlockEndWidth	ToPhysical	LogicalBorderEdge	production-complete	out/Min/gen/third_party/blink/renderer/core/css/properties/longhands.cc	3985
BorderBlockStartColor	ToPhysical	LogicalBorderEdge	production-complete	out/Min/gen/third_party/blink/renderer/core/css/properties/longhands.cc	4020
BorderBlockStartStyle	ToPhysical	LogicalBorderEdge	production-complete	out/Min/gen/third_party/blink/renderer/core/css/properties/longhands.cc	4061
BorderBlockStartWidth	ToPhysical	LogicalBorderEdge	production-complete	out/Min/gen/third_party/blink/renderer/core/css/properties/longhands.cc	4096
BorderInlineEndColor	ToPhysical	LogicalBorderEdge	production-complete	out/Min/gen/third_party/blink/renderer/core/css/properties/longhands.cc	4677
BorderInlineEndStyle	ToPhysical	LogicalBorderEdge	production-complete	out/Min/gen/third_party/blink/renderer/core/css/properties/longhands.cc	4718
BorderInlineEndWidth	ToPhysical	LogicalBorderEdge	production-complete	out/Min/gen/third_party/blink/renderer/core/css/properties/longhands.cc	4753
BorderInlineStartColor	ToPhysical	LogicalBorderEdge	production-complete	out/Min/gen/third_party/blink/renderer/core/css/properties/longhands.cc	4788
BorderInlineStartStyle	ToPhysical	LogicalBorderEdge	production-complete	out/Min/gen/third_party/blink/renderer/core/css/properties/longhands.cc	4829
BorderInlineStartWidth	ToPhysical	LogicalBorderEdge	production-complete	out/Min/gen/third_party/blink/renderer/core/css/properties/longhands.cc	4864
InternalVisitedBorderBlockEndColor	ToPhysical	NativeVisitedLogicalBorder	production-complete	out/Min/gen/third_party/blink/renderer/core/css/properties/longhands.cc	1306
InternalVisitedBorderBlockStartColor	ToPhysical	NativeVisitedLogicalBorder	production-complete	out/Min/gen/third_party/blink/renderer/core/css/properties/longhands.cc	1350
InternalVisitedBorderInlineEndColor	ToPhysical	NativeVisitedLogicalBorder	production-complete	out/Min/gen/third_party/blink/renderer/core/css/properties/longhands.cc	1443
InternalVisitedBorderInlineStartColor	ToPhysical	NativeVisitedLogicalBorder	production-complete	out/Min/gen/third_party/blink/renderer/core/css/properties/longhands.cc	1487
Marker	Expand	NativeSVGPresentation	production-complete	third_party/blink/renderer/core/css/properties/shorthands/shorthands_custom.cc	4353
WebkitTextStroke	Expand	NativeSVGPresentation	production-typed-branch	third_party/blink/renderer/core/css/properties/shorthands/shorthands_custom.cc	6458
TextDecoration	Expand	ProductionLonghands	production-complete	third_party/blink/renderer/core/css/properties/shorthands/shorthands_custom.cc	5232
ContainIntrinsicBlockSize	Resolve	NativeLayoutMisc	production-complete	out/Min/gen/third_party/blink/renderer/core/css/properties/longhands.cc	6657
ContainIntrinsicInlineSize	Resolve	NativeLayoutMisc	production-complete	out/Min/gen/third_party/blink/renderer/core/css/properties/longhands.cc	6738
Columns	Expand	ProductionLonghands	production-typed-branch	third_party/blink/renderer/core/css/properties/shorthands/shorthands_custom.cc	1934
ContainIntrinsicSize	Expand	ProductionLonghands	production-typed-branch	third_party/blink/renderer/core/css/properties/shorthands/shorthands_custom.cc	2044
ListStyle	Expand	ProductionLonghands	production-typed-branch	third_party/blink/renderer/core/css/properties/shorthands/shorthands_custom.cc	4173
ScrollTimeline	Expand	NativeTimeline	production-complete	third_party/blink/renderer/core/css/properties/shorthands/shorthands_custom.cc	5210
ViewTimeline	Expand	NativeTimeline	production-typed-length-branch	third_party/blink/renderer/core/css/properties/shorthands/shorthands_custom.cc	5671
Animation	Expand	ProductionLonghands	production-typed-branch	third_party/blink/renderer/core/css/properties/shorthands/shorthands_custom.cc	281
OverscrollBehavior	Expand	ProductionLonghands	production-complete	third_party/blink/renderer/core/css/properties/shorthands/shorthands_custom.cc	4529
ScrollMarginBlock	Expand	ProductionLonghands	production-typed-branch	third_party/blink/renderer/core/css/properties/shorthands/shorthands_custom.cc	4943
ScrollMarginInline	Expand	ProductionLonghands	production-typed-branch	third_party/blink/renderer/core/css/properties/shorthands/shorthands_custom.cc	4983
ScrollPaddingBlock	Expand	ProductionLonghands	production-typed-branch	third_party/blink/renderer/core/css/properties/shorthands/shorthands_custom.cc	5003
ScrollPaddingInline	Expand	ProductionLonghands	production-typed-branch	third_party/blink/renderer/core/css/properties/shorthands/shorthands_custom.cc	5043
ScrollMarginBlockStart	ToPhysical	LogicalScrollSide	production-complete	out/Min/gen/third_party/blink/renderer/core/css/properties/longhands.cc	14436
ScrollMarginBlockEnd	ToPhysical	LogicalScrollSide	production-complete	out/Min/gen/third_party/blink/renderer/core/css/properties/longhands.cc	14401
ScrollMarginInlineStart	ToPhysical	LogicalScrollSide	production-complete	out/Min/gen/third_party/blink/renderer/core/css/properties/longhands.cc	14549
ScrollMarginInlineEnd	ToPhysical	LogicalScrollSide	production-complete	out/Min/gen/third_party/blink/renderer/core/css/properties/longhands.cc	14514
ScrollPaddingBlockStart	ToPhysical	LogicalScrollSide	production-complete	out/Min/gen/third_party/blink/renderer/core/css/properties/longhands.cc	14789
ScrollPaddingBlockEnd	ToPhysical	LogicalScrollSide	production-complete	out/Min/gen/third_party/blink/renderer/core/css/properties/longhands.cc	14748
ScrollPaddingInlineStart	ToPhysical	LogicalScrollSide	production-complete	out/Min/gen/third_party/blink/renderer/core/css/properties/longhands.cc	14920
ScrollPaddingInlineEnd	ToPhysical	LogicalScrollSide	production-complete	out/Min/gen/third_party/blink/renderer/core/css/properties/longhands.cc	14879
Grid	Expand	ProductionLonghands	production-typed-branch	third_party/blink/renderer/core/css/properties/shorthands/shorthands_custom.cc	3766
GridTemplate	Expand	ProductionLonghands	production-typed-branch	third_party/blink/renderer/core/css/properties/shorthands/shorthands_custom.cc	4031
PageBreakAfter	Expand	ProductionLonghands	production-complete	third_party/blink/renderer/core/css/properties/shorthands/shorthands_custom.cc	4621
PageBreakBefore	Expand	ProductionLonghands	production-complete	third_party/blink/renderer/core/css/properties/shorthands/shorthands_custom.cc	4648
PageBreakInside	Expand	ProductionLonghands	production-complete	third_party/blink/renderer/core/css/properties/shorthands/shorthands_custom.cc	4675
AlternativeLineClampShorthand	Expand	ProductionLonghands	production-runtime-branch	third_party/blink/renderer/core/css/properties/shorthands/shorthands_custom.cc	5775
AlternativeWebkitLineClampShorthand	Expand	ProductionLonghands	production-runtime-branch	third_party/blink/renderer/core/css/properties/shorthands/shorthands_custom.cc	5898
PositionTry	Expand	ProductionLonghands	production-typed-branch	third_party/blink/renderer/core/css/properties/shorthands/shorthands_custom.cc	4915
BorderImage	Expand	ProductionLonghands	production-typed-branch	third_party/blink/renderer/core/css/properties/shorthands/shorthands_custom.cc	772
Offset	Expand	ProductionLonghands	production-typed-branch	third_party/blink/renderer/core/css/properties/shorthands/shorthands_custom.cc	4393
Mask	Expand	ProductionLonghands	production-typed-branch	third_party/blink/renderer/core/css/properties/shorthands/shorthands_custom.cc	6016
WebkitMaskBoxImage	Expand	ProductionLonghands	production-typed-branch	third_party/blink/renderer/core/css/properties/shorthands/shorthands_custom.cc	5960
TextEmphasis	Expand	ProductionLonghands	production-typed-branch	third_party/blink/renderer/core/css/properties/shorthands/shorthands_custom.cc	6338
TextBox	Expand	ProductionLonghands	production-complete	third_party/blink/renderer/core/css/properties/shorthands/shorthands_custom.cc	6251
TextSpacing	Expand	ProductionLonghands	production-runtime-branch	third_party/blink/renderer/core/css/properties/shorthands/shorthands_custom.cc	6358
ColumnRule	Expand	ProductionLonghands	production-typed-branch	third_party/blink/renderer/core/css/properties/shorthands/shorthands_custom.cc	1147
WebkitColumnBreakAfter	Expand	ProductionLonghands	production-complete	third_party/blink/renderer/core/css/properties/shorthands/shorthands_custom.cc	5694
WebkitColumnBreakBefore	Expand	ProductionLonghands	production-complete	third_party/blink/renderer/core/css/properties/shorthands/shorthands_custom.cc	5721
WebkitColumnBreakInside	Expand	ProductionLonghands	production-complete	third_party/blink/renderer/core/css/properties/shorthands/shorthands_custom.cc	5748
RowRule	Expand	ProductionLonghands	production-typed-branch	third_party/blink/renderer/core/css/properties/shorthands/shorthands_custom.cc	1185
Rule	Expand	ProductionLonghands	production-typed-branch	third_party/blink/renderer/core/css/properties/shorthands/shorthands_custom.cc	6057
RuleColor	Expand	ProductionLonghands	production-typed-branch	third_party/blink/renderer/core/css/properties/shorthands/shorthands_custom.cc	6105
RuleWidth	Expand	ProductionLonghands	production-typed-branch	third_party/blink/renderer/core/css/properties/shorthands/shorthands_custom.cc	6141
RuleStyle	Expand	ProductionLonghands	production-typed-branch	third_party/blink/renderer/core/css/properties/shorthands/shorthands_custom.cc	6177
FontSynthesis	Expand	ProductionLonghands	production-complete	third_party/blink/renderer/core/css/properties/shorthands/shorthands_custom.cc	3473
TimelineTrigger	Expand	ProductionLonghands	production-typed-branch	third_party/blink/renderer/core/css/properties/shorthands/shorthands_custom.cc	5423
TimelineTriggerActivationRange	Expand	ProductionLonghands	production-typed-branch	third_party/blink/renderer/core/css/properties/shorthands/shorthands_custom.cc	5471
TimelineTriggerActiveRange	Expand	ProductionLonghands	production-typed-branch	third_party/blink/renderer/core/css/properties/shorthands/shorthands_custom.cc	5510
InterestDelay	Expand	ProductionLonghands	production-typed-branch	third_party/blink/renderer/core/css/properties/shorthands/shorthands_custom.cc	4154
GridLanes	Expand	ProductionLonghands	production-runtime-branch	third_party/blink/renderer/core/css/properties/shorthands/shorthands_custom.cc	3934
RuleBreak	Expand	ProductionLonghands	production-complete	third_party/blink/renderer/core/css/properties/shorthands/shorthands_custom.cc	1223
RuleVisibilityItems	Expand	ProductionLonghands	production-complete	third_party/blink/renderer/core/css/properties/shorthands/shorthands_custom.cc	6213
