property	coverage	source	line	consumer	pending
AccentColor	typed consumer branches	third_party/blink/renderer/core/css/properties/longhands/longhands_custom.cc	7475	AccentColor::ParseSingleValue / auto or ConsumeColor	shared ConsumeColor advanced/relative/math/mix/light-dark/alpha/contrast functional syntax; ColorParserContext OnlyAbsoluteColors branch; system/accent/provider/text-link contexts; native Color::ResolveNonFiniteValues
AlignContent	stable consumer complete	third_party/blink/renderer/core/css/properties/longhands/longhands_custom.cc	157	ConsumeContentDistributionOverflowPosition	none
AlignItems	stable consumer complete	third_party/blink/renderer/core/css/properties/longhands/longhands_custom.cc	174	ConsumeSelfPositionOverflowPosition	alternate DisableAnchorCenterOnAlignJustifyItems runtime flag
AlignSelf	stable consumer complete	third_party/blink/renderer/core/css/properties/longhands/longhands_custom.cc	197	ConsumeSelfPositionOverflowPosition	none
AlignmentBaseline	literal branches	third_party/blink/renderer/core/css/css_properties.json5	2045	generated keyword grammar	functions/math/var and context-dependent extensions
AlternativeLineClampShorthand	runtime-gated typed consumer	third_party/blink/renderer/core/css/properties/shorthands/shorthands_custom.cc	5775	AlternativeLineClampShorthand::ParseShorthand	CSSLineClamp experimental / CSSLineClampAsShorthand test runtime flags: disabled at stable defaults; host ExecutionContext exposure/alternate-property selection; shared CSSMath unsupported functions/typed arithmetic
AlternativeWebkitLineClampLonghand	runtime-gated typed consumer	third_party/blink/renderer/core/css/properties/longhands/longhands_custom.cc	11278	AlternativeWebkitLineClampLonghand::ParseSingleValue / none or ConsumePositiveInteger	CSSLineClamp experimental / CSSLineClampAsShorthand test runtime flags: disabled at stable defaults; host ExecutionContext exposure/alternate-property selection; shared CSSMath unsupported functions/typed arithmetic
AlternativeWebkitLineClampShorthand	runtime-gated typed consumer	third_party/blink/renderer/core/css/properties/shorthands/shorthands_custom.cc	5898	AlternativeWebkitLineClampShorthand::ParseShorthand	CSSLineClamp experimental / CSSLineClampAsShorthand test runtime flags: disabled at stable defaults; host ExecutionContext exposure/alternate-property selection; shared CSSMath unsupported functions/typed arithmetic
AnchorName	typed consumer branches	third_party/blink/renderer/core/css/properties/longhands/longhands_custom.cc	326	AnchorName::ParseSingleValue / none or ConsumeDashedIdent comma list	CSSIdentFunction test runtime branch (stable disabled); document-root scope mapped, shadow/non-null TreeScope population remains owner-dependent
AnchorScope	typed consumer branches	out/Min/gen/third_party/blink/renderer/core/css/properties/longhands.cc	2269	ConsumeNameScope / CSSScopedKeywordValue all / ConsumeDashedIdent comma list	CSSIdentFunction test runtime branch (stable disabled); document-root scope mapped, shadow/non-null TreeScope population remains owner-dependent
Animation	typed consumer branches	third_party/blink/renderer/core/css/properties/shorthands/shorthands_custom.cc	281	Animation::ParseShorthand	extended CSSMath functions/typed exponent arithmetic; CSSIdentFunction runtime option; use counters; shadow name TreeScope population
AnimationComposition	stable consumer complete	third_party/blink/renderer/core/css/properties/longhands/longhands_custom.cc	361	ConsumeCommaSeparatedList	none
AnimationDelay	typed consumer branches	third_party/blink/renderer/core/css/properties/longhands/longhands_custom.cc	394	ConsumeCommaSeparatedList	extended CSSMath functions/typed exponent arithmetic
AnimationDirection	stable consumer complete	third_party/blink/renderer/core/css/properties/longhands/longhands_custom.cc	422	ConsumeCommaSeparatedList	none
AnimationDuration	typed consumer branches	third_party/blink/renderer/core/css/properties/longhands/longhands_custom.cc	446	ConsumeCommaSeparatedList	extended CSSMath functions/typed exponent arithmetic
AnimationFillMode	stable consumer complete	third_party/blink/renderer/core/css/properties/longhands/longhands_custom.cc	469	ConsumeCommaSeparatedList	none
AnimationIterationCount	typed consumer branches	third_party/blink/renderer/core/css/properties/longhands/longhands_custom.cc	493	ConsumeCommaSeparatedList	extended CSSMath functions/typed exponent arithmetic
AnimationName	typed consumer branches	third_party/blink/renderer/core/css/properties/longhands/longhands_custom.cc	519	ConsumeCommaSeparatedList	CSSIdentFunction runtime option; quoted-name use counters; shadow TreeScope population/HasTreeScopedReference
AnimationPlayState	stable consumer complete	third_party/blink/renderer/core/css/properties/longhands/longhands_custom.cc	540	ConsumeCommaSeparatedList	none
AnimationRange	literal branches	third_party/blink/renderer/core/css/properties/shorthands/shorthands_custom.cc	480	AnimationRange::ParseShorthand	extended CSSMath functions/typed arithmetic; alternate ScrollTimelineNamedRangeScroll runtime option
AnimationRangeEnd	literal branches	third_party/blink/renderer/core/css/properties/longhands/longhands_custom.cc	585	ConsumeCommaSeparatedList	extended CSSMath functions/typed arithmetic; alternate ScrollTimelineNamedRangeScroll runtime option
AnimationRangeStart	literal branches	third_party/blink/renderer/core/css/properties/longhands/longhands_custom.cc	563	ConsumeCommaSeparatedList	extended CSSMath functions/typed arithmetic; alternate ScrollTimelineNamedRangeScroll runtime option
AnimationTimeline	literal branches	third_party/blink/renderer/core/css/properties/longhands/longhands_custom.cc	607	ConsumeCommaSeparatedList	CSSScrollValue/CSSViewValue; CSSIdentFunction runtime option; TreeScope population
AnimationTimingFunction	typed consumer branches	third_party/blink/renderer/core/css/properties/longhands/longhands_custom.cc	629	ConsumeCommaSeparatedList	extended CSSMath functions/typed exponent arithmetic; element-dependent easing arguments; CSSLinearEasing use counter
AnimationTrigger	literal branches	third_party/blink/renderer/core/css/properties/longhands/longhands_custom.cc	651	ConsumeCommaSeparatedList	CSSIdentFunction runtime option; TreeScope population
Appearance	typed consumer branches	third_party/blink/renderer/core/css/properties/longhands/longhands_custom.cc	11007	CSSParser::ParseValue resolved-id alias normalization / Appearance::ParseSingleValue / CSSParserFastPaths::IsValidKeywordPropertyAndValue	document CountKeywordOnlyPropertyUsage/WarnInvalidKeywordPropertyUsage and slider-vertical deprecation counters; alternate AppearanceBase experimental runtime flag (stable disabled)
AspectRatio	typed consumer branches	third_party/blink/renderer/core/css/properties/longhands/longhands_custom.cc	863	ConsumeIdent	shared CSSMath unsupported function/typed-arithmetic branches
BackdropFilter	typed consumer branches	out/Min/gen/third_party/blink/renderer/core/css/properties/longhands.cc	2995	ConsumeFilterFunctionList	SVG URL request/referrer and resource owner/reuse; shared CSSMath unsupported branches; drop-shadow advanced color/relative-unit collaborators; standardized cross-zoom reapplication and relative-unit contexts
BackfaceVisibility	literal branches	third_party/blink/renderer/core/css/css_properties.json5	2136	generated keyword grammar	functions/math/var and context-dependent extensions
Background	literal branches	third_party/blink/renderer/core/css/properties/shorthands/shorthands_custom.cc	515	Background::ParseShorthand	functions/math/var and context-dependent extensions
BackgroundAttachment	literal branches	third_party/blink/renderer/core/css/properties/longhands/longhands_custom.cc	949	ConsumeCommaSeparatedList	functions/math/var and context-dependent extensions
BackgroundBlendMode	literal branches	third_party/blink/renderer/core/css/properties/longhands/longhands_custom.cc	970	ConsumeCommaSeparatedList	functions/math/var and context-dependent extensions
BackgroundClip	literal branches	third_party/blink/renderer/core/css/properties/longhands/longhands_custom.cc	991	ConsumeCommaSeparatedList	functions/math/var and context-dependent extensions
BackgroundColor	literal branches	out/Min/gen/third_party/blink/renderer/core/css/properties/longhands.cc	3248	ConsumeColorMaybeQuirky	functions/math/var and context-dependent extensions
BackgroundImage	literal branches	third_party/blink/renderer/core/css/properties/longhands/longhands_custom.cc	1122	ConsumeCommaSeparatedList	ConsumeAngle CSSMathFunctionValue; ConsumeColorInterpolationSpace; radial/conic/other generated image subtypes; URL request modifiers/referrer context; ConsumeColor functions beyond rgb/rgba
BackgroundOrigin	literal branches	third_party/blink/renderer/core/css/properties/longhands/longhands_custom.cc	1148	ParseBackgroundBox	functions/math/var and context-dependent extensions
BackgroundPosition	literal branches	third_party/blink/renderer/core/css/properties/shorthands/shorthands_custom.cc	534	BackgroundPosition::ParseShorthand	CSSMathFunctionValue / negative percentage reference; three-valued position use counter
BackgroundPositionX	literal branches	third_party/blink/renderer/core/css/properties/longhands/longhands_custom.cc	1170	ConsumeCommaSeparatedList	functions/math/var and context-dependent extensions
BackgroundPositionY	literal branches	third_party/blink/renderer/core/css/properties/longhands/longhands_custom.cc	1190	ConsumeCommaSeparatedList	functions/math/var and context-dependent extensions
BackgroundRepeat	stable consumer complete	third_party/blink/renderer/core/css/properties/longhands/longhands_custom.cc	1219	ParseRepeatStyle	none
BackgroundSize	literal branches	out/Min/gen/third_party/blink/renderer/core/css/properties/longhands.cc	3649	ParseBackgroundSize	functions/math/var and context-dependent extensions
BaselineShift	typed consumer branches	third_party/blink/renderer/core/css/properties/longhands/longhands_custom.cc	1242	ConsumeIdent	shared CSSMath unsupported functions/typed arithmetic; font-metric/container-relative length conversion; standardized browser zoom parent re-conversion owner (stable enabled)
BaselineSource	literal branches	third_party/blink/renderer/core/css/css_properties.json5	2363	generated keyword grammar	functions/math/var and context-dependent extensions
BlockEllipsis	runtime-gated typed consumer	third_party/blink/renderer/core/css/css_properties.json5	7583	generated keyword grammar	CSSLineClamp experimental / CSSLineClampAsShorthand test runtime flags: disabled at stable defaults; host ExecutionContext exposure/alternate-property selection; shared CSSMath unsupported functions/typed arithmetic
BlockSize	literal branches	out/Min/gen/third_party/blink/renderer/core/css/properties/longhands.cc	3878	ConsumeWidthOrHeight	functions/math/var and context-dependent extensions
Border	literal branches	third_party/blink/renderer/core/css/properties/shorthands/shorthands_custom.cc	716	Border::ParseShorthand	functions/math/var and context-dependent extensions
BorderBlock	typed shorthand expansion branches	third_party/blink/renderer/core/css/properties/shorthands/shorthands_custom.cc	574	BorderBlock::ParseShorthand	reuses existing border color/style/width consumers and native physical mapping; alternate shared greedy use_initial_value_function branch (selected default false); advanced/system/provider color collaborators; shared CSSMath unsupported function/typed-arithmetic branches; font-metric/container-relative length conversion; standardized browser zoom inheritance adapter
BorderBlockColor	literal branches	third_party/blink/renderer/core/css/properties/shorthands/shorthands_custom.cc	554	BorderBlockColor::ParseShorthand	ConsumeColor functions beyond rgb/rgba; system color provider/context
BorderBlockEnd	typed shorthand expansion branches	third_party/blink/renderer/core/css/properties/shorthands/shorthands_custom.cc	616	BorderBlockEnd::ParseShorthand	reuses existing border color/style/width consumers and native physical mapping; alternate shared greedy use_initial_value_function branch (selected default false); advanced/system/provider color collaborators; shared CSSMath unsupported function/typed-arithmetic branches; font-metric/container-relative length conversion; standardized browser zoom inheritance adapter
BorderBlockEndColor	literal branches	out/Min/gen/third_party/blink/renderer/core/css/properties/longhands.cc	3919	ConsumeColor	functions/math/var and context-dependent extensions
BorderBlockEndStyle	stable consumer complete	out/Min/gen/third_party/blink/renderer/core/css/properties/longhands.cc	3950	SurrogateFor physical border-style grammar	none
BorderBlockEndWidth	typed consumer branches	third_party/blink/renderer/core/css/properties/longhands/longhands_custom.cc	1318	ConsumeBorderWidth	font-metric/container-relative length conversion; standardized browser zoom inheritance adapter
BorderBlockStart	typed shorthand expansion branches	third_party/blink/renderer/core/css/properties/shorthands/shorthands_custom.cc	626	BorderBlockStart::ParseShorthand	reuses existing border color/style/width consumers and native physical mapping; alternate shared greedy use_initial_value_function branch (selected default false); advanced/system/provider color collaborators; shared CSSMath unsupported function/typed-arithmetic branches; font-metric/container-relative length conversion; standardized browser zoom inheritance adapter
BorderBlockStartColor	literal branches	out/Min/gen/third_party/blink/renderer/core/css/properties/longhands.cc	4030	ConsumeColor	functions/math/var and context-dependent extensions
BorderBlockStartStyle	stable consumer complete	out/Min/gen/third_party/blink/renderer/core/css/properties/longhands.cc	4061	SurrogateFor physical border-style grammar	none
BorderBlockStartWidth	typed consumer branches	third_party/blink/renderer/core/css/properties/longhands/longhands_custom.cc	1327	ConsumeBorderWidth	font-metric/container-relative length conversion; standardized browser zoom inheritance adapter
BorderBlockStyle	stable consumer complete	third_party/blink/renderer/core/css/properties/shorthands/shorthands_custom.cc	636	BorderBlockStyle::ParseShorthand	none
BorderBlockWidth	typed consumer branches	third_party/blink/renderer/core/css/properties/shorthands/shorthands_custom.cc	656	BorderBlockWidth::ParseShorthand	font-metric/container-relative length conversion; standardized browser zoom inheritance adapter
BorderBottom	literal branches	third_party/blink/renderer/core/css/properties/shorthands/shorthands_custom.cc	676	BorderBottom::ParseShorthand	functions/math/var and context-dependent extensions
BorderBottomColor	literal branches	out/Min/gen/third_party/blink/renderer/core/css/properties/longhands.cc	4135	ConsumeBorderColorSide	ConsumeColor functions beyond rgb/rgba; system color provider/context
BorderBottomLeftRadius	typed consumer branches	out/Min/gen/third_party/blink/renderer/core/css/properties/longhands.cc	4181	ParseBorderRadiusCorner	font-metric/container-relative length conversion; standardized browser zoom inheritance adapter
BorderBottomRightRadius	typed consumer branches	out/Min/gen/third_party/blink/renderer/core/css/properties/longhands.cc	4230	ParseBorderRadiusCorner	font-metric/container-relative length conversion; standardized browser zoom inheritance adapter
BorderBottomStyle	literal branches	third_party/blink/renderer/core/css/css_properties.json5	2450	generated keyword grammar	functions/math/var and context-dependent extensions
BorderBottomWidth	typed consumer branches	out/Min/gen/third_party/blink/renderer/core/css/properties/longhands.cc	4317	ParseBorderWidthSide	font-metric/container-relative length conversion; standardized browser zoom inheritance adapter
BorderCollapse	literal branches	third_party/blink/renderer/core/css/css_properties.json5	2499	generated keyword grammar	functions/math/var and context-dependent extensions
BorderColor	literal branches	third_party/blink/renderer/core/css/properties/shorthands/shorthands_custom.cc	696	BorderColor::ParseShorthand	functions/math/var and context-dependent extensions
BorderEndEndRadius	typed consumer branches	out/Min/gen/third_party/blink/renderer/core/css/properties/longhands.cc	4393	ParseBorderRadiusCorner	font-metric/container-relative length conversion; standardized browser zoom inheritance adapter
BorderEndStartRadius	typed consumer branches	out/Min/gen/third_party/blink/renderer/core/css/properties/longhands.cc	4434	ParseBorderRadiusCorner	font-metric/container-relative length conversion; standardized browser zoom inheritance adapter
BorderImage	typed consumer branches	third_party/blink/renderer/core/css/properties/shorthands/shorthands_custom.cc	772	BorderImage::ParseShorthand	generated/image-set/light-dark image subtypes; URL context/request modifiers/referrer; shared CSSMath unsupported functions/typed arithmetic and extended gradient/color collaborators
BorderImageOutset	typed consumer branches	out/Min/gen/third_party/blink/renderer/core/css/properties/longhands.cc	4460	ConsumeBorderImageOutset / number then standard-mode length	shared CSSMath unsupported functions/typed arithmetic
BorderImageRepeat	stable consumer complete	third_party/blink/renderer/core/css/properties/longhands/longhands_custom.cc	1470	ConsumeBorderImageRepeat / horizontal-vertical CSSValuePair	none
BorderImageSlice	typed consumer branches	third_party/blink/renderer/core/css/properties/longhands/longhands_custom.cc	1494	ConsumeBorderImageSlice / Complete4Sides / fill	shared CSSMath unsupported functions/typed arithmetic
BorderImageSource	typed consumer branches	out/Min/gen/third_party/blink/renderer/core/css/properties/longhands.cc	4590	ConsumeImageOrNone	generated/image-set/light-dark image subtypes; URL context/request modifiers/referrer; shared CSSMath unsupported functions/typed arithmetic and extended gradient/color collaborators
BorderImageWidth	typed consumer branches	out/Min/gen/third_party/blink/renderer/core/css/properties/longhands.cc	4622	ConsumeBorderImageWidth / number then standard-mode length-percent-auto	shared CSSMath unsupported functions/typed arithmetic
BorderInline	typed shorthand expansion branches	third_party/blink/renderer/core/css/properties/shorthands/shorthands_custom.cc	848	BorderInline::ParseShorthand	reuses existing border color/style/width consumers and native physical mapping; alternate shared greedy use_initial_value_function branch (selected default false); advanced/system/provider color collaborators; shared CSSMath unsupported function/typed-arithmetic branches; font-metric/container-relative length conversion; standardized browser zoom inheritance adapter
BorderInlineColor	literal branches	third_party/blink/renderer/core/css/properties/shorthands/shorthands_custom.cc	828	BorderInlineColor::ParseShorthand	ConsumeColor functions beyond rgb/rgba; system color provider/context
BorderInlineEnd	typed shorthand expansion branches	third_party/blink/renderer/core/css/properties/shorthands/shorthands_custom.cc	890	BorderInlineEnd::ParseShorthand	reuses existing border color/style/width consumers and native physical mapping; alternate shared greedy use_initial_value_function branch (selected default false); advanced/system/provider color collaborators; shared CSSMath unsupported function/typed-arithmetic branches; font-metric/container-relative length conversion; standardized browser zoom inheritance adapter
BorderInlineEndColor	literal branches	out/Min/gen/third_party/blink/renderer/core/css/properties/longhands.cc	4687	ConsumeColor	functions/math/var and context-dependent extensions
BorderInlineEndStyle	stable consumer complete	out/Min/gen/third_party/blink/renderer/core/css/properties/longhands.cc	4718	SurrogateFor physical border-style grammar	none
BorderInlineEndWidth	typed consumer branches	third_party/blink/renderer/core/css/properties/longhands/longhands_custom.cc	1570	ConsumeBorderWidth	font-metric/container-relative length conversion; standardized browser zoom inheritance adapter
BorderInlineStart	typed shorthand expansion branches	third_party/blink/renderer/core/css/properties/shorthands/shorthands_custom.cc	900	BorderInlineStart::ParseShorthand	reuses existing border color/style/width consumers and native physical mapping; alternate shared greedy use_initial_value_function branch (selected default false); advanced/system/provider color collaborators; shared CSSMath unsupported function/typed-arithmetic branches; font-metric/container-relative length conversion; standardized browser zoom inheritance adapter
BorderInlineStartColor	literal branches	out/Min/gen/third_party/blink/renderer/core/css/properties/longhands.cc	4798	ConsumeColor	functions/math/var and context-dependent extensions
BorderInlineStartStyle	stable consumer complete	out/Min/gen/third_party/blink/renderer/core/css/properties/longhands.cc	4829	SurrogateFor physical border-style grammar	none
BorderInlineStartWidth	typed consumer branches	third_party/blink/renderer/core/css/properties/longhands/longhands_custom.cc	1579	ConsumeBorderWidth	font-metric/container-relative length conversion; standardized browser zoom inheritance adapter
BorderInlineStyle	stable consumer complete	third_party/blink/renderer/core/css/properties/shorthands/shorthands_custom.cc	910	BorderInlineStyle::ParseShorthand	none
BorderInlineWidth	typed consumer branches	third_party/blink/renderer/core/css/properties/shorthands/shorthands_custom.cc	930	BorderInlineWidth::ParseShorthand	font-metric/container-relative length conversion; standardized browser zoom inheritance adapter
BorderLeft	literal branches	third_party/blink/renderer/core/css/properties/shorthands/shorthands_custom.cc	950	BorderLeft::ParseShorthand	functions/math/var and context-dependent extensions
BorderLeftColor	literal branches	out/Min/gen/third_party/blink/renderer/core/css/properties/longhands.cc	4903	ConsumeBorderColorSide	ConsumeColor functions beyond rgb/rgba; system color provider/context
BorderLeftStyle	literal branches	third_party/blink/renderer/core/css/css_properties.json5	2619	generated keyword grammar	functions/math/var and context-dependent extensions
BorderLeftWidth	typed consumer branches	out/Min/gen/third_party/blink/renderer/core/css/properties/longhands.cc	4987	ParseBorderWidthSide	font-metric/container-relative length conversion; standardized browser zoom inheritance adapter
BorderRadius	typed consumer branches	third_party/blink/renderer/core/css/properties/shorthands/shorthands_custom.cc	970	BorderRadius::ParseShorthand	font-metric/container-relative length conversion; standardized browser zoom inheritance adapter
BorderRight	literal branches	third_party/blink/renderer/core/css/properties/shorthands/shorthands_custom.cc	1023	BorderRight::ParseShorthand	functions/math/var and context-dependent extensions
BorderRightColor	literal branches	out/Min/gen/third_party/blink/renderer/core/css/properties/longhands.cc	5025	ConsumeBorderColorSide	ConsumeColor functions beyond rgb/rgba; system color provider/context
BorderRightStyle	literal branches	third_party/blink/renderer/core/css/css_properties.json5	2695	generated keyword grammar	functions/math/var and context-dependent extensions
BorderRightWidth	typed consumer branches	out/Min/gen/third_party/blink/renderer/core/css/properties/longhands.cc	5109	ParseBorderWidthSide	font-metric/container-relative length conversion; standardized browser zoom inheritance adapter
BorderShape	unsupported	third_party/blink/renderer/core/css/properties/longhands/longhands_custom.cc	1888	ConsumeIdent	whole property consumer
BorderSpacing	typed consumer branches	third_party/blink/renderer/core/css/properties/shorthands/shorthands_custom.cc	1043	BorderSpacing::ParseShorthand	font-metric/container-relative length conversion; standardized browser zoom inheritance adapter
BorderStartEndRadius	typed consumer branches	out/Min/gen/third_party/blink/renderer/core/css/properties/longhands.cc	5193	ParseBorderRadiusCorner	font-metric/container-relative length conversion; standardized browser zoom inheritance adapter
BorderStartStartRadius	typed consumer branches	out/Min/gen/third_party/blink/renderer/core/css/properties/longhands.cc	5234	ParseBorderRadiusCorner	font-metric/container-relative length conversion; standardized browser zoom inheritance adapter
BorderStyle	literal branches	third_party/blink/renderer/core/css/properties/shorthands/shorthands_custom.cc	1087	BorderStyle::ParseShorthand	functions/math/var and context-dependent extensions
BorderTop	literal branches	third_party/blink/renderer/core/css/properties/shorthands/shorthands_custom.cc	1107	BorderTop::ParseShorthand	functions/math/var and context-dependent extensions
BorderTopColor	literal branches	out/Min/gen/third_party/blink/renderer/core/css/properties/longhands.cc	5269	ConsumeBorderColorSide	ConsumeColor functions beyond rgb/rgba; system color provider/context
BorderTopLeftRadius	typed consumer branches	out/Min/gen/third_party/blink/renderer/core/css/properties/longhands.cc	5315	ParseBorderRadiusCorner	font-metric/container-relative length conversion; standardized browser zoom inheritance adapter
BorderTopRightRadius	typed consumer branches	out/Min/gen/third_party/blink/renderer/core/css/properties/longhands.cc	5364	ParseBorderRadiusCorner	font-metric/container-relative length conversion; standardized browser zoom inheritance adapter
BorderTopStyle	literal branches	third_party/blink/renderer/core/css/css_properties.json5	2821	generated keyword grammar	functions/math/var and context-dependent extensions
BorderTopWidth	typed consumer branches	out/Min/gen/third_party/blink/renderer/core/css/properties/longhands.cc	5451	ParseBorderWidthSide	font-metric/container-relative length conversion; standardized browser zoom inheritance adapter
BorderWidth	literal branches	third_party/blink/renderer/core/css/properties/shorthands/shorthands_custom.cc	1127	BorderWidth::ParseShorthand	functions/math/var and context-dependent extensions
Bottom	literal branches	third_party/blink/renderer/core/css/properties/longhands/longhands_custom.cc	1974	ConsumeMarginOrOffset	functions/math/var and context-dependent extensions
BoxDecorationBreak	literal branches	third_party/blink/renderer/core/css/css_properties.json5	2912	generated keyword grammar	functions/math/var and context-dependent extensions
BoxShadow	literal branches	third_party/blink/renderer/core/css/properties/longhands/longhands_custom.cc	2009	ConsumeShadow	ConsumeLength CSSMathFunctionValue; ConsumeColor functions beyond rgb/rgba; SystemAccentColorAllowed parser context
BoxSizing	literal branches	third_party/blink/renderer/core/css/css_properties.json5	2941	generated keyword grammar	functions/math/var and context-dependent extensions
BreakAfter	stable consumer complete	third_party/blink/renderer/core/css/css_properties.json5	2954	generated keyword grammar	none
BreakBefore	stable consumer complete	third_party/blink/renderer/core/css/css_properties.json5	2970	generated keyword grammar	none
BreakInside	stable consumer complete	third_party/blink/renderer/core/css/css_properties.json5	2986	generated keyword grammar	none
BufferedRendering	literal branches	third_party/blink/renderer/core/css/css_properties.json5	2998	generated keyword grammar	functions/math/var and context-dependent extensions
CaptionSide	literal branches	third_party/blink/renderer/core/css/css_properties.json5	3006	generated keyword grammar	functions/math/var and context-dependent extensions
CaretAnimation	literal branches	third_party/blink/renderer/core/css/css_properties.json5	3017	generated keyword grammar	functions/math/var and context-dependent extensions
CaretColor	typed consumer branches	third_party/blink/renderer/core/css/properties/longhands/longhands_custom.cc	2090	CaretColor::ParseSingleValue / stable single auto or ConsumeColor	shared ConsumeColor advanced/relative/math/mix/light-dark/alpha/contrast functional syntax; ColorParserContext OnlyAbsoluteColors branch; system/accent/provider/text-link contexts; native Color::ResolveNonFiniteValues; alternate CSSCaretColorWithOptionalSecondValue runtime flag (experimental; stable disabled)
CaretShape	literal branches	third_party/blink/renderer/core/css/css_properties.json5	3045	generated keyword grammar	functions/math/var and context-dependent extensions
Clear	literal branches	third_party/blink/renderer/core/css/css_properties.json5	3056	generated keyword grammar	functions/math/var and context-dependent extensions
Clip	typed consumer branches	third_party/blink/renderer/core/css/properties/longhands/longhands_custom.cc	2214	ConsumeIdent	shared CSSMath unsupported functions/typed arithmetic; real font-metric/container-relative length conversion; standardized-browser-zoom parent re-conversion owner (stable enabled)
ClipPath	typed consumer branches	third_party/blink/renderer/core/css/properties/longhands/longhands_custom.cc	2276	ClipPath::ParseSingleValue / ConsumeBasicShape / ConsumeGeometryBox / ConsumeUrl	circle/ellipse/inset native Path/equality; rect/xywh/path/shape typed/native collaborators; SVG URL resource owner; shared CSSMath unsupported branches; use counters; alternate BasicShapeCornerRadius runtime flag (experimental; stable disabled); alternate CSSPolygonRounding runtime flag (stable enabled); standardized cross-zoom reapplication and relative-unit contexts; native BasicShapePolygon GetPath collaborator (typed native data mapped)
Color	literal branches	out/Min/gen/third_party/blink/renderer/core/css/properties/longhands.cc	270	ConsumeColorMaybeQuirky	functions/math/var and context-dependent extensions
ColorInterpolation	literal branches	third_party/blink/renderer/core/css/css_properties.json5	3117	generated keyword grammar	functions/math/var and context-dependent extensions
ColorInterpolationFilters	literal branches	third_party/blink/renderer/core/css/css_properties.json5	3129	generated keyword grammar	functions/math/var and context-dependent extensions
ColorRendering	literal branches	third_party/blink/renderer/core/css/css_properties.json5	3141	generated keyword grammar	functions/math/var and context-dependent extensions
ColorScheme	stable consumer complete	third_party/blink/renderer/core/css/properties/longhands/longhands_custom.cc	2456	ColorScheme::ParseSingleValue / light-dark-only-custom-ident list	alternate CSSIdentFunction runtime flag (test; stable disabled); real page/meta color-scheme and force-dark host publication adapter; root use counter
ColumnCount	typed consumer branches	out/Min/gen/third_party/blink/renderer/core/css/properties/longhands.cc	6085	ConsumeColumnCount	shared CSSMath unsupported function/typed-arithmetic branches
ColumnFill	literal branches	third_party/blink/renderer/core/css/css_properties.json5	3167	generated keyword grammar	functions/math/var and context-dependent extensions
ColumnGap	literal branches	out/Min/gen/third_party/blink/renderer/core/css/properties/longhands.cc	6156	ConsumeGapLength	functions/math/var and context-dependent extensions
ColumnHeight	typed consumer branches	out/Min/gen/third_party/blink/renderer/core/css/properties/longhands.cc	6196	ConsumeColumnLength	shared CSSMath unsupported function/typed-arithmetic branches; font-metric/container-relative conversion; standardized browser zoom inheritance adapter
ColumnRule	typed consumer branches	third_party/blink/renderer/core/css/properties/shorthands/shorthands_custom.cc	1147	ConsumeGapDecorationsRuleShorthand / comma-segment greedy width-style-color and explicit source defaults	CSSRepeatValue / gap-decoration repeat() collaborator; shared ConsumeColor advanced/system/provider context; native InsideLink honored when supplied, document link/visited owner remains partial; shared CSSMath unsupported functions/typed arithmetic; real relative-unit conversion contexts; changed-zoom inheritance requires standardized browser zoom owner
ColumnRuleBreak	stable consumer complete	third_party/blink/renderer/core/css/css_properties.json5	7206	generated keyword grammar	none
ColumnRuleColor	typed consumer branches	third_party/blink/renderer/core/css/properties/longhands/longhands_custom.cc	2613	ConsumeGapDecorationPropertyList / comma-list of existing ConsumeColor (repeat typed Unsupported)	CSSRepeatValue / gap-decoration repeat() collaborator; shared ConsumeColor advanced/system/provider context; native InsideLink honored when supplied, document link/visited owner remains partial
ColumnRuleInset	unsupported	third_party/blink/renderer/core/css/properties/shorthands/shorthands_custom.cc	1261	ColumnRuleInset::ParseShorthand	whole property consumer
ColumnRuleInsetCap	unsupported	third_party/blink/renderer/core/css/properties/shorthands/shorthands_custom.cc	1428	ColumnRuleInsetCap::ParseShorthand	whole property consumer
ColumnRuleInsetCapEnd	unsupported	third_party/blink/renderer/core/css/properties/longhands/longhands_custom.cc	5640	ConsumeIdent	whole property consumer
ColumnRuleInsetCapStart	unsupported	third_party/blink/renderer/core/css/properties/longhands/longhands_custom.cc	5686	ConsumeIdent	whole property consumer
ColumnRuleInsetEnd	unsupported	third_party/blink/renderer/core/css/properties/shorthands/shorthands_custom.cc	1694	ColumnRuleInsetEnd::ParseShorthand	whole property consumer
ColumnRuleInsetJunction	unsupported	third_party/blink/renderer/core/css/properties/shorthands/shorthands_custom.cc	1510	ColumnRuleInsetJunction::ParseShorthand	whole property consumer
ColumnRuleInsetJunctionEnd	unsupported	third_party/blink/renderer/core/css/properties/longhands/longhands_custom.cc	5732	ConsumeIdent	whole property consumer
ColumnRuleInsetJunctionStart	unsupported	third_party/blink/renderer/core/css/properties/longhands/longhands_custom.cc	5778	ConsumeIdent	whole property consumer
ColumnRuleInsetStart	unsupported	third_party/blink/renderer/core/css/properties/shorthands/shorthands_custom.cc	1731	ColumnRuleInsetStart::ParseShorthand	whole property consumer
ColumnRuleStyle	typed consumer branches	third_party/blink/renderer/core/css/properties/longhands/longhands_custom.cc	2698	ConsumeGapDecorationPropertyList / comma-list of existing border-style keywords (repeat typed Unsupported)	CSSRepeatValue / gap-decoration repeat() collaborator
ColumnRuleVisibilityItems	stable consumer complete	third_party/blink/renderer/core/css/css_properties.json5	7418	generated keyword grammar	none
ColumnRuleWidth	typed consumer branches	third_party/blink/renderer/core/css/properties/longhands/longhands_custom.cc	2750	ConsumeGapDecorationPropertyList / comma-list of ConsumeLineWidth with unitless quirk forbidden (repeat typed Unsupported)	CSSRepeatValue / gap-decoration repeat() collaborator; shared CSSMath unsupported functions/typed arithmetic; real relative-unit conversion contexts; changed-zoom inheritance requires standardized browser zoom owner
ColumnSpan	literal branches	third_party/blink/renderer/core/css/css_properties.json5	7476	generated keyword grammar	functions/math/var and context-dependent extensions
ColumnWidth	typed consumer branches	out/Min/gen/third_party/blink/renderer/core/css/properties/longhands.cc	6547	ConsumeColumnLength	shared CSSMath unsupported function/typed-arithmetic branches; font-metric/container-relative conversion; standardized browser zoom inheritance adapter
ColumnWrap	literal branches	third_party/blink/renderer/core/css/css_properties.json5	7521	generated keyword grammar	functions/math/var and context-dependent extensions
Columns	typed consumer branches	third_party/blink/renderer/core/css/properties/shorthands/shorthands_custom.cc	1934	Columns::ParseShorthand	shared CSSMath unsupported function/typed-arithmetic branches; font-metric/container-relative conversion; standardized browser zoom inheritance adapter
Contain	stable consumer complete	third_party/blink/renderer/core/css/properties/longhands/longhands_custom.cc	2834	ConsumeIdent	contain-style use counter
ContainIntrinsicBlockSize	typed consumer branches	out/Min/gen/third_party/blink/renderer/core/css/properties/longhands.cc	6667	ConsumeIntrinsicSizeLonghand	shared CSSMath unsupported function/typed-arithmetic branches; font-metric/container-relative conversion; standardized browser zoom inheritance adapter
ContainIntrinsicHeight	typed consumer branches	out/Min/gen/third_party/blink/renderer/core/css/properties/longhands.cc	6693	ConsumeIntrinsicSizeLonghand	shared CSSMath unsupported function/typed-arithmetic branches; font-metric/container-relative conversion; standardized browser zoom inheritance adapter
ContainIntrinsicInlineSize	typed consumer branches	out/Min/gen/third_party/blink/renderer/core/css/properties/longhands.cc	6748	ConsumeIntrinsicSizeLonghand	shared CSSMath unsupported function/typed-arithmetic branches; font-metric/container-relative conversion; standardized browser zoom inheritance adapter
ContainIntrinsicSize	typed consumer branches	third_party/blink/renderer/core/css/properties/shorthands/shorthands_custom.cc	2044	ContainIntrinsicSize::ParseShorthand	shared CSSMath unsupported function/typed-arithmetic branches; font-metric/container-relative conversion; standardized browser zoom inheritance adapter
ContainIntrinsicWidth	typed consumer branches	out/Min/gen/third_party/blink/renderer/core/css/properties/longhands.cc	6774	ConsumeIntrinsicSizeLonghand	shared CSSMath unsupported function/typed-arithmetic branches; font-metric/container-relative conversion; standardized browser zoom inheritance adapter
Container	literal branches	third_party/blink/renderer/core/css/properties/shorthands/shorthands_custom.cc	2070	Container::ParseShorthand	CSSIdentFunction runtime option; name TreeScope population
ContainerName	literal branches	out/Min/gen/third_party/blink/renderer/core/css/properties/longhands.cc	6814	ConsumeContainerName	CSSIdentFunction runtime option; name TreeScope population
ContainerType	stable consumer complete	third_party/blink/renderer/core/css/properties/longhands/longhands_custom.cc	2961	ConsumeContainerType	scroll-state use counter
Content	text branches	third_party/blink/renderer/core/css/properties/longhands/longhands_custom.cc	3142	ParseContentValue	images/quotes/counters/alternative text; attr uses shared substitution
ContentVisibility	literal branches	third_party/blink/renderer/core/css/css_properties.json5	5413	generated keyword grammar	functions/math/var and context-dependent extensions
Continue	runtime-gated typed consumer	third_party/blink/renderer/core/css/css_properties.json5	7566	generated keyword grammar / CSSLineClampAsShorthand Exposure	CSSLineClamp experimental / CSSLineClampAsShorthand test runtime flags: disabled at stable defaults; host ExecutionContext exposure/alternate-property selection; shared CSSMath unsupported functions/typed arithmetic
Corner	unsupported	third_party/blink/renderer/core/css/properties/shorthands/shorthands_custom.cc	2332	Corner::ParseShorthand	whole property consumer
CornerBlockEnd	unsupported	third_party/blink/renderer/core/css/properties/shorthands/shorthands_custom.cc	2687	CornerBlockEnd::ParseShorthand	whole property consumer
CornerBlockEndShape	unsupported	third_party/blink/renderer/core/css/properties/shorthands/shorthands_custom.cc	2839	CornerBlockEndShape::ParseShorthand	whole property consumer
CornerBlockStart	unsupported	third_party/blink/renderer/core/css/properties/shorthands/shorthands_custom.cc	2651	CornerBlockStart::ParseShorthand	whole property consumer
CornerBlockStartShape	unsupported	third_party/blink/renderer/core/css/properties/shorthands/shorthands_custom.cc	2829	CornerBlockStartShape::ParseShorthand	whole property consumer
CornerBottom	unsupported	third_party/blink/renderer/core/css/properties/shorthands/shorthands_custom.cc	2593	CornerBottom::ParseShorthand	whole property consumer
CornerBottomLeft	unsupported	third_party/blink/renderer/core/css/properties/shorthands/shorthands_custom.cc	2392	CornerBottomLeft::ParseShorthand	whole property consumer
CornerBottomLeftShape	unsupported	out/Min/gen/third_party/blink/renderer/core/css/properties/longhands.cc	6971	ConsumeCornerShape	whole property consumer
CornerBottomRight	unsupported	third_party/blink/renderer/core/css/properties/shorthands/shorthands_custom.cc	2412	CornerBottomRight::ParseShorthand	whole property consumer
CornerBottomRightShape	unsupported	out/Min/gen/third_party/blink/renderer/core/css/properties/longhands.cc	7015	ConsumeCornerShape	whole property consumer
CornerBottomShape	unsupported	third_party/blink/renderer/core/css/properties/shorthands/shorthands_custom.cc	2819	CornerBottomShape::ParseShorthand	whole property consumer
CornerEndEnd	unsupported	third_party/blink/renderer/core/css/properties/shorthands/shorthands_custom.cc	2530	CornerEndEnd::ParseShorthand	whole property consumer
CornerEndEndShape	unsupported	out/Min/gen/third_party/blink/renderer/core/css/properties/longhands.cc	7065	ConsumeCornerShape	whole property consumer
CornerEndStart	unsupported	third_party/blink/renderer/core/css/properties/shorthands/shorthands_custom.cc	2502	CornerEndStart::ParseShorthand	whole property consumer
CornerEndStartShape	unsupported	out/Min/gen/third_party/blink/renderer/core/css/properties/longhands.cc	7106	ConsumeCornerShape	whole property consumer
CornerInlineEnd	unsupported	third_party/blink/renderer/core/css/properties/shorthands/shorthands_custom.cc	2760	CornerInlineEnd::ParseShorthand	whole property consumer
CornerInlineEndShape	unsupported	third_party/blink/renderer/core/css/properties/shorthands/shorthands_custom.cc	2860	CornerInlineEndShape::ParseShorthand	whole property consumer
CornerInlineStart	unsupported	third_party/blink/renderer/core/css/properties/shorthands/shorthands_custom.cc	2724	CornerInlineStart::ParseShorthand	whole property consumer
CornerInlineStartShape	unsupported	third_party/blink/renderer/core/css/properties/shorthands/shorthands_custom.cc	2849	CornerInlineStartShape::ParseShorthand	whole property consumer
CornerLeft	unsupported	third_party/blink/renderer/core/css/properties/shorthands/shorthands_custom.cc	2614	CornerLeft::ParseShorthand	whole property consumer
CornerLeftShape	unsupported	third_party/blink/renderer/core/css/properties/shorthands/shorthands_custom.cc	2809	CornerLeftShape::ParseShorthand	whole property consumer
CornerRight	unsupported	third_party/blink/renderer/core/css/properties/shorthands/shorthands_custom.cc	2572	CornerRight::ParseShorthand	whole property consumer
CornerRightShape	unsupported	third_party/blink/renderer/core/css/properties/shorthands/shorthands_custom.cc	2799	CornerRightShape::ParseShorthand	whole property consumer
CornerShape	unsupported	third_party/blink/renderer/core/css/properties/shorthands/shorthands_custom.cc	2771	CornerShape::ParseShorthand	whole property consumer
CornerStartEnd	unsupported	third_party/blink/renderer/core/css/properties/shorthands/shorthands_custom.cc	2472	CornerStartEnd::ParseShorthand	whole property consumer
CornerStartEndShape	unsupported	out/Min/gen/third_party/blink/renderer/core/css/properties/longhands.cc	7147	ConsumeCornerShape	whole property consumer
CornerStartStart	unsupported	third_party/blink/renderer/core/css/properties/shorthands/shorthands_custom.cc	2442	CornerStartStart::ParseShorthand	whole property consumer
CornerStartStartShape	unsupported	out/Min/gen/third_party/blink/renderer/core/css/properties/longhands.cc	7188	ConsumeCornerShape	whole property consumer
CornerTop	unsupported	third_party/blink/renderer/core/css/properties/shorthands/shorthands_custom.cc	2551	CornerTop::ParseShorthand	whole property consumer
CornerTopLeft	unsupported	third_party/blink/renderer/core/css/properties/shorthands/shorthands_custom.cc	2352	CornerTopLeft::ParseShorthand	whole property consumer
CornerTopLeftShape	unsupported	out/Min/gen/third_party/blink/renderer/core/css/properties/longhands.cc	7223	ConsumeCornerShape	whole property consumer
CornerTopRight	unsupported	third_party/blink/renderer/core/css/properties/shorthands/shorthands_custom.cc	2372	CornerTopRight::ParseShorthand	whole property consumer
CornerTopRightShape	unsupported	out/Min/gen/third_party/blink/renderer/core/css/properties/longhands.cc	7267	ConsumeCornerShape	whole property consumer
CornerTopShape	unsupported	third_party/blink/renderer/core/css/properties/shorthands/shorthands_custom.cc	2789	CornerTopShape::ParseShorthand	whole property consumer
CounterIncrement	typed consumer branches	third_party/blink/renderer/core/css/properties/longhands/longhands_custom.cc	3329	ConsumeCounters	shared CSSMath unsupported functions; ident() collaborator
CounterReset	typed consumer branches	third_party/blink/renderer/core/css/properties/longhands/longhands_custom.cc	3348	ConsumeCounters	shared CSSMath unsupported functions; ident() collaborator; alternate CSSCounterResetReversed runtime flag
CounterSet	typed consumer branches	third_party/blink/renderer/core/css/properties/longhands/longhands_custom.cc	3369	ConsumeCounters	shared CSSMath unsupported functions; ident() collaborator
Cursor	typed consumer branches	third_party/blink/renderer/core/css/properties/longhands/longhands_custom.cc	3386	Cursor::ParseSingleValue / keyword branch / ConsumeImage	CSSCursorImageValue/StyleImage owner and image/hotspot branches; prefixed/quirks use counters and was_quirky payload
Cx	stable consumer complete	third_party/blink/renderer/core/css/properties/longhands/longhands_custom.cc	3528	ConsumeSVGGeometryPropertyLength	none
Cy	stable consumer complete	third_party/blink/renderer/core/css/properties/longhands/longhands_custom.cc	3544	ConsumeSVGGeometryPropertyLength	none
D	typed none branch / typed Unsupported path owner	third_party/blink/renderer/core/css/properties/longhands/longhands_custom.cc	3585	ConsumePathOrNone	ConsumePathStringArg BuildByteStreamFromString/SVGPathStringSource/SVGPathByteStreamBuilder/CSSPathValue owner; native foundation Path is uninhabited
Direction	stable consumer complete	third_party/blink/renderer/core/css/css_properties.json5	1396	generated keyword grammar	none
Display	literal branches	third_party/blink/renderer/core/css/properties/longhands/longhands_custom.cc	3788	ConsumeIdent	functions/math/var and context-dependent extensions
DominantBaseline	literal branches	third_party/blink/renderer/core/css/css_properties.json5	3491	generated keyword grammar	functions/math/var and context-dependent extensions
DynamicRangeLimit	typed consumer branches	third_party/blink/renderer/core/css/properties/longhands/longhands_custom.cc	3992	ConsumeIdent	extended shared CSSMath functions/typed arithmetic; CSSParserLocalContext::FunctionLocalContext adapter
EmptyCells	literal branches	third_party/blink/renderer/core/css/css_properties.json5	3503	generated keyword grammar	functions/math/var and context-dependent extensions
FieldSizing	literal branches	third_party/blink/renderer/core/css/css_properties.json5	1885	generated keyword grammar	functions/math/var and context-dependent extensions
Fill	typed consumer branches	out/Min/gen/third_party/blink/renderer/core/css/properties/longhands.cc	7834	ConsumeSVGPaint	URL request modifiers/referrer context; ConsumeColor advanced/system-color collaborators
FillOpacity	literal branches	out/Min/gen/third_party/blink/renderer/core/css/properties/longhands.cc	7868	ConsumeAlphaValue	functions/math/var and context-dependent extensions
Filter	typed consumer branches	out/Min/gen/third_party/blink/renderer/core/css/properties/longhands.cc	7932	ConsumeFilterFunctionList	SVG URL request/referrer and resource owner/reuse; shared CSSMath unsupported branches; drop-shadow advanced color/relative-unit collaborators; standardized cross-zoom reapplication and relative-unit contexts
Flex	literal branches	third_party/blink/renderer/core/css/properties/shorthands/shorthands_custom.cc	2942	Flex::ParseShorthand	functions/math/var and context-dependent extensions
FlexBasis	literal branches	third_party/blink/renderer/core/css/properties/longhands/longhands_custom.cc	4181	ConsumeIdent	functions/math/var and context-dependent extensions
FlexDirection	literal branches	third_party/blink/renderer/core/css/css_properties.json5	3604	generated keyword grammar	functions/math/var and context-dependent extensions
FlexFlow	stable consumer complete	third_party/blink/renderer/core/css/properties/shorthands/shorthands_custom.cc	3052	FlexFlow::ParseShorthand	alternate FlexWrapBalance runtime flag
FlexGrow	literal branches	third_party/blink/renderer/core/css/properties/longhands/longhands_custom.cc	4222	ConsumeNumber	functions/math/var and context-dependent extensions
FlexLineCount	literal branches	third_party/blink/renderer/core/css/properties/longhands/longhands_custom.cc	4240	ConsumeIntegerOrNumberCalc	functions/math/var and context-dependent extensions
FlexShrink	literal branches	third_party/blink/renderer/core/css/properties/longhands/longhands_custom.cc	4258	ConsumeNumber	functions/math/var and context-dependent extensions
FlexWrap	stable consumer complete	third_party/blink/renderer/core/css/properties/longhands/longhands_custom.cc	4300	ConsumeIdent	alternate FlexWrapBalance runtime flag
Float	literal branches	third_party/blink/renderer/core/css/css_properties.json5	3666	generated keyword grammar	functions/math/var and context-dependent extensions
FloodColor	literal branches	out/Min/gen/third_party/blink/renderer/core/css/properties/longhands.cc	8183	ConsumeColor	functions/math/var and context-dependent extensions
FloodOpacity	literal branches	out/Min/gen/third_party/blink/renderer/core/css/properties/longhands.cc	8220	ConsumeAlphaValue	functions/math/var and context-dependent extensions
FlowTolerance	runtime-gated typed consumer	out/Min/gen/third_party/blink/renderer/core/css/properties/longhands.cc	8261	ConsumeFlowTolerance	CSSGridLanesLayout experimental stable-disabled Exposure; internal typed consumer/native apply translated; shared CSSMath/length metrics/container/changed-zoom reconversion collaborators
Font	typed consumer branches	third_party/blink/renderer/core/css/properties/shorthands/shorthands_custom.cc	3280	Font::ParseShorthand	CSSPendingSystemFontValue/platform system font; explicit oblique angle; shared CSSMath unsupported branches; alternate CSSFontSizeAdjust/FontLanguageOverride runtime flags
FontFamily	literal branches	third_party/blink/renderer/core/css/properties/longhands/longhands_custom.cc	4402	ConsumeFontFamily	functions/math/var and context-dependent extensions
FontFeatureSettings	literal branches	out/Min/gen/third_party/blink/renderer/core/css/properties/longhands.cc	345	ConsumeFontFeatureSettings	CSSMathFunctionValue
FontKerning	stable consumer complete	third_party/blink/renderer/core/css/css_properties.json5	1434	generated keyword grammar	none
FontLanguageOverride	stable consumer complete	third_party/blink/renderer/core/css/properties/longhands/longhands_custom.cc	4762	ConsumeFontLanguageOverride	alternate FontLanguageOverride runtime flag
FontOpticalSizing	stable consumer complete	third_party/blink/renderer/core/css/css_properties.json5	1454	generated keyword grammar	none
FontPalette	typed consumer branches	out/Min/gen/third_party/blink/renderer/core/css/properties/longhands.cc	473	ConsumeFontPalette	ConsumePaletteMixFunction/CSSPaletteMixValue; CSSIdentFunction stable-disabled branch; real TreeScope and @font-palette-values/font-family provider lookup; native request owner/name retained without fabricated definitions
FontSize	literal branches	third_party/blink/renderer/core/css/properties/longhands/longhands_custom.cc	4481	ConsumeFontSize	functions/math/var and context-dependent extensions
FontSizeAdjust	typed consumer branches	third_party/blink/renderer/core/css/properties/longhands/longhands_custom.cc	4464	ConsumeFontSizeAdjust	shared CSSMath unsupported function/typed-arithmetic branches; alternate CSSFontSizeAdjust runtime flag
FontStretch	literal branches	out/Min/gen/third_party/blink/renderer/core/css/properties/longhands.cc	572	ConsumeFontStretch	CSSMathFunctionValue
FontStyle	literal branches	out/Min/gen/third_party/blink/renderer/core/css/properties/longhands.cc	607	ConsumeFontStyle	functions/math/var and context-dependent extensions
FontSynthesis	stable consumer complete	third_party/blink/renderer/core/css/properties/shorthands/shorthands_custom.cc	3473	FontSynthesis::ParseShorthand / complete source weight-style-small-caps reset (no position property in checkout)	none
FontSynthesisSmallCaps	stable consumer complete	third_party/blink/renderer/core/css/css_properties.json5	1751	source keyword grammar / auto-none native FontDescription bitfield	none
FontSynthesisStyle	stable consumer complete	third_party/blink/renderer/core/css/css_properties.json5	1733	source keyword grammar / auto-none native FontDescription bitfield	none
FontSynthesisWeight	stable consumer complete	third_party/blink/renderer/core/css/css_properties.json5	1715	source keyword grammar / auto-none native FontDescription bitfield	none
FontVariant	stable consumer complete	third_party/blink/renderer/core/css/properties/shorthands/shorthands_custom.cc	3300	FontVariant::ParseShorthand	alternate CSSIdentFunction runtime flag (test; stable disabled)
FontVariantAlternates	stable consumer complete	third_party/blink/renderer/core/css/properties/longhands/longhands_custom.cc	4664	ConsumeIdent	alternate CSSIdentFunction runtime flag (test; stable disabled)
FontVariantCaps	stable consumer complete	third_party/blink/renderer/core/css/properties/longhands/longhands_custom.cc	4543	ConsumeIdent	none
FontVariantEastAsian	stable consumer complete	third_party/blink/renderer/core/css/properties/longhands/longhands_custom.cc	4561	ConsumeIdent	none
FontVariantEmoji	stable consumer complete	third_party/blink/renderer/core/css/css_properties.json5	1821	generated keyword grammar	none
FontVariantLigatures	stable consumer complete	third_party/blink/renderer/core/css/properties/longhands/longhands_custom.cc	4595	ConsumeIdent	none
FontVariantNumeric	stable consumer complete	third_party/blink/renderer/core/css/properties/longhands/longhands_custom.cc	4630	ConsumeIdent	none
FontVariantPosition	stable consumer complete	third_party/blink/renderer/core/css/css_properties.json5	1838	generated keyword grammar	none
FontVariationSettings	literal branches	third_party/blink/renderer/core/css/properties/longhands/longhands_custom.cc	4735	ConsumeIdent	CSSMathFunctionValue
FontWeight	literal branches	out/Min/gen/third_party/blink/renderer/core/css/properties/longhands.cc	955	ConsumeFontWeight	functions/math/var and context-dependent extensions
ForcedColorAdjust	literal branches	third_party/blink/renderer/core/css/css_properties.json5	1869	generated keyword grammar	functions/math/var and context-dependent extensions
FrameSizing	literal branches	third_party/blink/renderer/core/css/css_properties.json5	3737	generated keyword grammar	functions/math/var and context-dependent extensions
Gap	literal branches	third_party/blink/renderer/core/css/properties/shorthands/shorthands_custom.cc	3576	Gap::ParseShorthand	functions/math/var and context-dependent extensions
Grid	typed consumer branches	third_party/blink/renderer/core/css/properties/shorthands/shorthands_custom.cc	3766	Grid::ParseShorthand	CSSBracketedValueList/line names; repeat()/minmax()/fit-content() typed values; subgrid; shared CSSMath unsupported functions/typed arithmetic; GridLanes experimental runtime branches (stable default)
GridArea	literal branches	third_party/blink/renderer/core/css/properties/shorthands/shorthands_custom.cc	3613	GridArea::ParseShorthand	functions/math/var and context-dependent extensions
GridAutoColumns	typed consumer branches	third_party/blink/renderer/core/css/properties/longhands/longhands_custom.cc	4925	ConsumeGridTrackList	CSSBracketedValueList/line names; repeat()/minmax()/fit-content() typed values; subgrid; shared CSSMath unsupported functions/typed arithmetic; GridLanes experimental runtime branches (stable default)
GridAutoFlow	stable consumer complete	third_party/blink/renderer/core/css/properties/longhands/longhands_custom.cc	4954	ConsumeIdent	none
GridAutoRows	typed consumer branches	third_party/blink/renderer/core/css/properties/longhands/longhands_custom.cc	5021	ConsumeGridTrackList	CSSBracketedValueList/line names; repeat()/minmax()/fit-content() typed values; subgrid; shared CSSMath unsupported functions/typed arithmetic; GridLanes experimental runtime branches (stable default)
GridColumn	literal branches	third_party/blink/renderer/core/css/properties/shorthands/shorthands_custom.cc	3695	GridColumn::ParseShorthand	functions/math/var and context-dependent extensions
GridColumnEnd	literal branches	out/Min/gen/third_party/blink/renderer/core/css/properties/longhands.cc	8453	ConsumeGridLine	functions/math/var and context-dependent extensions
GridColumnStart	literal branches	out/Min/gen/third_party/blink/renderer/core/css/properties/longhands.cc	8488	ConsumeGridLine	functions/math/var and context-dependent extensions
GridLanes	runtime-gated typed consumer	third_party/blink/renderer/core/css/properties/shorthands/shorthands_custom.cc	3934	GridLanes::ParseShorthand	CSSGridLanesLayout experimental stable-disabled Exposure; real internal typed/native branches translated; shared track-list bracketed/line names/repeat/minmax/fit-content/subgrid; shared CSSMath/length/changed-zoom contexts
GridLanesDirection	runtime-gated typed consumer	third_party/blink/renderer/core/css/properties/longhands/longhands_custom.cc	5059	ParseGridLanesDirection	CSSGridLanesLayout experimental stable-disabled Exposure; real internal typed/native branches translated
GridLanesPack	runtime-gated typed consumer	third_party/blink/renderer/core/css/css_properties.json5	3838	generated keyword grammar	CSSGridLanesLayout experimental stable-disabled Exposure; real internal typed/native branches translated
GridRow	literal branches	third_party/blink/renderer/core/css/properties/shorthands/shorthands_custom.cc	3992	GridRow::ParseShorthand	functions/math/var and context-dependent extensions
GridRowEnd	literal branches	out/Min/gen/third_party/blink/renderer/core/css/properties/longhands.cc	8593	ConsumeGridLine	functions/math/var and context-dependent extensions
GridRowStart	literal branches	out/Min/gen/third_party/blink/renderer/core/css/properties/longhands.cc	8628	ConsumeGridLine	functions/math/var and context-dependent extensions
GridTemplate	typed consumer branches	third_party/blink/renderer/core/css/properties/shorthands/shorthands_custom.cc	4031	GridTemplate::ParseShorthand	CSSBracketedValueList/line names; repeat()/minmax()/fit-content() typed values; subgrid; shared CSSMath unsupported functions/typed arithmetic; GridLanes experimental runtime branches (stable default)
GridTemplateAreas	stable consumer complete	third_party/blink/renderer/core/css/properties/longhands/longhands_custom.cc	5107	GridTemplateAreas::ParseSingleValue / ParseGridTemplateAreasRow	none
GridTemplateColumns	typed consumer branches	out/Min/gen/third_party/blink/renderer/core/css/properties/longhands.cc	8692	ConsumeGridTemplatesRowsOrColumns	CSSBracketedValueList/line names; repeat()/minmax()/fit-content() typed values; subgrid; shared CSSMath unsupported functions/typed arithmetic; GridLanes experimental runtime branches (stable default)
GridTemplateRows	typed consumer branches	out/Min/gen/third_party/blink/renderer/core/css/properties/longhands.cc	8724	ConsumeGridTemplatesRowsOrColumns	CSSBracketedValueList/line names; repeat()/minmax()/fit-content() typed values; subgrid; shared CSSMath unsupported functions/typed arithmetic; GridLanes experimental runtime branches (stable default)
HangingPunctuation	runtime-gated typed consumer	third_party/blink/renderer/core/css/properties/longhands/longhands_custom.cc	5211	ConsumeHangingPunctuation	CSSHangingPunctuation test runtime flag disabled at stable defaults; host ExecutionContext exposure owner
Height	literal branches	third_party/blink/renderer/core/css/properties/longhands/longhands_custom.cc	5203	ConsumeWidthOrHeight	functions/math/var and context-dependent extensions
HyphenateCharacter	stable consumer complete	third_party/blink/renderer/core/css/properties/longhands/longhands_custom.cc	11224	HyphenateCharacter::ParseSingleValue / auto or ConsumeString	none
HyphenateLimitChars	typed consumer branches	out/Min/gen/third_party/blink/renderer/core/css/properties/longhands.cc	8918	ConsumeHyphenateLimitChars / positive integer-number calc or auto 1-3 list	shared CSSMath unsupported functions/typed arithmetic
Hyphens	literal branches	third_party/blink/renderer/core/css/css_properties.json5	4022	generated keyword grammar	functions/math/var and context-dependent extensions
ImageAnimation	literal branches	third_party/blink/renderer/core/css/css_properties.json5	4035	generated keyword grammar	functions/math/var and context-dependent extensions
ImageOrientation	stable consumer complete	third_party/blink/renderer/core/css/properties/longhands/longhands_custom.cc	5330	ConsumeIdent	none
ImageRendering	literal branches	third_party/blink/renderer/core/css/css_properties.json5	4051	generated keyword grammar	functions/math/var and context-dependent extensions
InitialLetter	typed consumer branches	out/Min/gen/third_party/blink/renderer/core/css/properties/longhands.cc	9095	ConsumeInitialLetter	shared CSSMath unsupported functions/typed arithmetic; native DCHECK size>=1 mathematical branch and explicit out-of-int-range sink conversion boundary
InlineSize	literal branches	out/Min/gen/third_party/blink/renderer/core/css/properties/longhands.cc	9165	ConsumeWidthOrHeight	functions/math/var and context-dependent extensions
Inset	literal branches	third_party/blink/renderer/core/css/properties/shorthands/shorthands_custom.cc	4106	Inset::ParseShorthand	functions/math/var and context-dependent extensions
InsetBlock	literal branches	third_party/blink/renderer/core/css/properties/shorthands/shorthands_custom.cc	4081	InsetBlock::ParseShorthand	functions/math/var and context-dependent extensions
InsetBlockEnd	literal branches	third_party/blink/renderer/core/css/properties/longhands/longhands_custom.cc	5426	ConsumeMarginOrOffset	functions/math/var and context-dependent extensions
InsetBlockStart	literal branches	third_party/blink/renderer/core/css/properties/longhands/longhands_custom.cc	5440	ConsumeMarginOrOffset	functions/math/var and context-dependent extensions
InsetInline	literal branches	third_party/blink/renderer/core/css/properties/shorthands/shorthands_custom.cc	4129	InsetInline::ParseShorthand	functions/math/var and context-dependent extensions
InsetInlineEnd	literal branches	third_party/blink/renderer/core/css/properties/longhands/longhands_custom.cc	5454	ConsumeMarginOrOffset	functions/math/var and context-dependent extensions
InsetInlineStart	literal branches	third_party/blink/renderer/core/css/properties/longhands/longhands_custom.cc	5468	ConsumeMarginOrOffset	functions/math/var and context-dependent extensions
Interactivity	literal branches	third_party/blink/renderer/core/css/css_properties.json5	4111	generated keyword grammar	functions/math/var and context-dependent extensions
InterestDelay	typed consumer branches	third_party/blink/renderer/core/css/properties/shorthands/shorthands_custom.cc	4154	InterestDelay::ParseShorthand	extended shared CSSMath functions/typed arithmetic
InterestDelayEnd	typed consumer branches	third_party/blink/renderer/core/css/properties/longhands/longhands_custom.cc	5275	ConsumeIdent	extended shared CSSMath functions/typed arithmetic
InterestDelayStart	typed consumer branches	third_party/blink/renderer/core/css/properties/longhands/longhands_custom.cc	5248	ConsumeIdent	extended shared CSSMath functions/typed arithmetic
InternalAlignContentBlock	stable consumer complete	third_party/blink/renderer/core/css/properties/longhands/longhands_custom.cc	12775	ConsumeIdent	UA-only exposure enforced before CSS-wide and variable handling
InternalEmptyLineHeight	stable consumer complete	third_party/blink/renderer/core/css/properties/longhands/longhands_custom.cc	12783	ConsumeIdent	UA-only exposure enforced before CSS-wide and variable handling
InternalFontSizeDelta	literal branches	third_party/blink/renderer/core/css/properties/longhands/longhands_custom.cc	11207	ConsumeLength	functions/math/var and context-dependent extensions
InternalForcedBackgroundColor	literal branches	out/Min/gen/third_party/blink/renderer/core/css/properties/longhands.cc	9520	ConsumeColorMaybeQuirky	functions/math/var and context-dependent extensions
InternalForcedBorderColor	literal branches	out/Min/gen/third_party/blink/renderer/core/css/properties/longhands.cc	9560	ConsumeColorMaybeQuirky	functions/math/var and context-dependent extensions
InternalForcedColor	literal branches	out/Min/gen/third_party/blink/renderer/core/css/properties/longhands.cc	9600	ConsumeColorMaybeQuirky	functions/math/var and context-dependent extensions
InternalForcedOutlineColor	literal branches	out/Min/gen/third_party/blink/renderer/core/css/properties/longhands.cc	9629	ConsumeColorMaybeQuirky	functions/math/var and context-dependent extensions
InternalForcedVisitedColor	literal branches	out/Min/gen/third_party/blink/renderer/core/css/properties/longhands.cc	1232	ConsumeColorMaybeQuirky	functions/math/var and context-dependent extensions
InternalOverscrollContainer	literal branches	third_party/blink/renderer/core/css/css_properties.json5	5065	generated keyword grammar	functions/math/var and context-dependent extensions
InternalOverscrollPosition	literal branches	third_party/blink/renderer/core/css/css_properties.json5	5075	generated keyword grammar	functions/math/var and context-dependent extensions
InternalUnbounded	literal branches	third_party/blink/renderer/core/css/css_properties.json5	5085	generated keyword grammar	functions/math/var and context-dependent extensions
InternalVisitedBackgroundColor	literal branches	out/Min/gen/third_party/blink/renderer/core/css/properties/longhands.cc	1261	ConsumeColorMaybeQuirky	functions/math/var and context-dependent extensions
InternalVisitedBorderBlockEndColor	typed consumer branches	out/Min/gen/third_party/blink/renderer/core/css/properties/longhands.cc	1316	ConsumeBorderColorSide	shared ConsumeColor advanced/relative/math/mix/light-dark/alpha/contrast functional syntax; ColorParserContext OnlyAbsoluteColors branch; system/accent/provider/text-link contexts; native Color::ResolveNonFiniteValues; real visited-history/matching/cascade adapter (native ordinary/visited slots mapped)
InternalVisitedBorderBlockStartColor	typed consumer branches	out/Min/gen/third_party/blink/renderer/core/css/properties/longhands.cc	1360	ConsumeBorderColorSide	shared ConsumeColor advanced/relative/math/mix/light-dark/alpha/contrast functional syntax; ColorParserContext OnlyAbsoluteColors branch; system/accent/provider/text-link contexts; native Color::ResolveNonFiniteValues; real visited-history/matching/cascade adapter (native ordinary/visited slots mapped)
InternalVisitedBorderBottomColor	typed consumer branches	out/Min/gen/third_party/blink/renderer/core/css/properties/longhands.cc	1398	ConsumeBorderColorSide	shared ConsumeColor advanced/relative/math/mix/light-dark/alpha/contrast functional syntax; ColorParserContext OnlyAbsoluteColors branch; system/accent/provider/text-link contexts; native Color::ResolveNonFiniteValues; real visited-history/matching/cascade adapter (native ordinary/visited slots mapped)
InternalVisitedBorderInlineEndColor	typed consumer branches	out/Min/gen/third_party/blink/renderer/core/css/properties/longhands.cc	1453	ConsumeBorderColorSide	shared ConsumeColor advanced/relative/math/mix/light-dark/alpha/contrast functional syntax; ColorParserContext OnlyAbsoluteColors branch; system/accent/provider/text-link contexts; native Color::ResolveNonFiniteValues; real visited-history/matching/cascade adapter (native ordinary/visited slots mapped)
InternalVisitedBorderInlineStartColor	typed consumer branches	out/Min/gen/third_party/blink/renderer/core/css/properties/longhands.cc	1497	ConsumeBorderColorSide	shared ConsumeColor advanced/relative/math/mix/light-dark/alpha/contrast functional syntax; ColorParserContext OnlyAbsoluteColors branch; system/accent/provider/text-link contexts; native Color::ResolveNonFiniteValues; real visited-history/matching/cascade adapter (native ordinary/visited slots mapped)
InternalVisitedBorderLeftColor	typed consumer branches	out/Min/gen/third_party/blink/renderer/core/css/properties/longhands.cc	1535	ConsumeBorderColorSide	shared ConsumeColor advanced/relative/math/mix/light-dark/alpha/contrast functional syntax; ColorParserContext OnlyAbsoluteColors branch; system/accent/provider/text-link contexts; native Color::ResolveNonFiniteValues; real visited-history/matching/cascade adapter (native ordinary/visited slots mapped)
InternalVisitedBorderRightColor	typed consumer branches	out/Min/gen/third_party/blink/renderer/core/css/properties/longhands.cc	1584	ConsumeBorderColorSide	shared ConsumeColor advanced/relative/math/mix/light-dark/alpha/contrast functional syntax; ColorParserContext OnlyAbsoluteColors branch; system/accent/provider/text-link contexts; native Color::ResolveNonFiniteValues; real visited-history/matching/cascade adapter (native ordinary/visited slots mapped)
InternalVisitedBorderTopColor	typed consumer branches	out/Min/gen/third_party/blink/renderer/core/css/properties/longhands.cc	1633	ConsumeBorderColorSide	shared ConsumeColor advanced/relative/math/mix/light-dark/alpha/contrast functional syntax; ColorParserContext OnlyAbsoluteColors branch; system/accent/provider/text-link contexts; native Color::ResolveNonFiniteValues; real visited-history/matching/cascade adapter (native ordinary/visited slots mapped)
InternalVisitedCaretColor	typed consumer branches	third_party/blink/renderer/core/css/properties/longhands/longhands_custom.cc	5563	CaretColor::ParseSingleValue delegate / stable single auto or ConsumeColor	shared ConsumeColor advanced/relative/math/mix/light-dark/alpha/contrast functional syntax; ColorParserContext OnlyAbsoluteColors branch; system/accent/provider/text-link contexts; native Color::ResolveNonFiniteValues; alternate CSSCaretColorWithOptionalSecondValue runtime flag (experimental; stable disabled); real visited-history/matching/cascade adapter (native ordinary/visited slots mapped)
InternalVisitedColor	literal branches	out/Min/gen/third_party/blink/renderer/core/css/properties/longhands.cc	215	ConsumeColorMaybeQuirky	functions/math/var and context-dependent extensions
InternalVisitedColumnRuleColor	literal branches	out/Min/gen/third_party/blink/renderer/core/css/properties/longhands.cc	1707	ConsumeColor	functions/math/var and context-dependent extensions
InternalVisitedFill	typed consumer branches	out/Min/gen/third_party/blink/renderer/core/css/properties/longhands.cc	1745	ConsumeSVGPaint / existing typed ordinary paint consumer into separate visited native slot	real history/visited cascade owner; document StyleSVGResource reference binding; shared advanced/system color contexts; context paint use-counter owner
InternalVisitedOutlineColor	typed consumer branches	third_party/blink/renderer/core/css/properties/longhands/longhands_custom.cc	5870	OutlineColor::ParseSingleValue delegate / focus-ring or ConsumeColor	shared ConsumeColor advanced/relative/math/mix/light-dark/alpha/contrast functional syntax; ColorParserContext OnlyAbsoluteColors branch; system/accent/provider/text-link contexts; native Color::ResolveNonFiniteValues; real visited-history/matching/cascade adapter (native ordinary/visited slots mapped)
InternalVisitedStroke	typed consumer branches	out/Min/gen/third_party/blink/renderer/core/css/properties/longhands.cc	1819	ConsumeSVGPaint / existing typed ordinary paint consumer into separate visited native slot	real history/visited cascade owner; document StyleSVGResource reference binding; shared advanced/system color contexts; context paint use-counter owner
InternalVisitedTextDecorationColor	literal branches	out/Min/gen/third_party/blink/renderer/core/css/properties/longhands.cc	1859	ConsumeColor	functions/math/var and context-dependent extensions
InternalVisitedTextEmphasisColor	literal branches	out/Min/gen/third_party/blink/renderer/core/css/properties/longhands.cc	1899	ConsumeColor	functions/math/var and context-dependent extensions
InternalVisitedTextFillColor	literal branches	out/Min/gen/third_party/blink/renderer/core/css/properties/longhands.cc	1939	ConsumeColor	functions/math/var and context-dependent extensions
InternalVisitedTextStrokeColor	literal branches	out/Min/gen/third_party/blink/renderer/core/css/properties/longhands.cc	1979	ConsumeColor	functions/math/var and context-dependent extensions
InterpolateSize	literal branches	third_party/blink/renderer/core/css/css_properties.json5	4123	generated keyword grammar	functions/math/var and context-dependent extensions
Isolation	literal branches	third_party/blink/renderer/core/css/css_properties.json5	4135	generated keyword grammar	functions/math/var and context-dependent extensions
JustifyContent	stable consumer complete	third_party/blink/renderer/core/css/properties/longhands/longhands_custom.cc	6164	ConsumeContentDistributionOverflowPosition	none
JustifyItems	stable consumer complete	third_party/blink/renderer/core/css/properties/longhands/longhands_custom.cc	6188	ParserTokenStream	alternate DisableAnchorCenterOnAlignJustifyItems runtime flag; use counters
JustifySelf	stable consumer complete	third_party/blink/renderer/core/css/properties/longhands/longhands_custom.cc	6235	ConsumeSelfPositionOverflowPosition	none
Left	literal branches	third_party/blink/renderer/core/css/properties/longhands/longhands_custom.cc	6252	ConsumeMarginOrOffset	functions/math/var and context-dependent extensions
LetterSpacing	literal branches	out/Min/gen/third_party/blink/renderer/core/css/properties/longhands.cc	9962	ParseSpacing	functions/math/var and context-dependent extensions
LightingColor	literal branches	out/Min/gen/third_party/blink/renderer/core/css/properties/longhands.cc	10002	ConsumeColor	functions/math/var and context-dependent extensions
LineBreak	literal branches	third_party/blink/renderer/core/css/css_properties.json5	7552	generated keyword grammar	functions/math/var and context-dependent extensions
LineClamp	runtime-gated typed consumer	third_party/blink/renderer/core/css/properties/longhands/longhands_custom.cc	6404	LineClamp::ParseSingleValue / ConsumePositiveInteger auto block-ellipsis legacy list	CSSLineClamp experimental / CSSLineClampAsShorthand test runtime flags: disabled at stable defaults; host ExecutionContext exposure/alternate-property selection; shared CSSMath unsupported functions/typed arithmetic
LineHeight	typed consumer branches	out/Min/gen/third_party/blink/renderer/core/css/properties/longhands.cc	10118	ConsumeLineHeight	shared CSSMath unsupported function/typed-arithmetic branches; font-metric/container-relative length conversion; standardized text/zoom adapter
ListStyle	typed consumer branches	third_party/blink/renderer/core/css/properties/shorthands/shorthands_custom.cc	4173	ListStyle::ParseShorthand	image generated/image-set subtypes and URL context; counter-style TreeScope and symbols() collaborators
ListStyleImage	typed consumer branches	out/Min/gen/third_party/blink/renderer/core/css/properties/longhands.cc	10158	ConsumeImageOrNone	image generated/image-set subtypes; URL context/request modifiers/referrer
ListStylePosition	stable consumer complete	third_party/blink/renderer/core/css/css_properties.json5	4294	generated keyword grammar	none
ListStyleType	typed consumer branches	third_party/blink/renderer/core/css/properties/longhands/longhands_custom.cc	6610	ListStyleType::ParseSingleValue / ConsumeCounterStyleName / ConsumeString	TreeScope population for overridable/custom counter-style names; alternate symbols() runtime flag/native symbols collaborator
Margin	literal branches	third_party/blink/renderer/core/css/properties/shorthands/shorthands_custom.cc	4300	Margin::ParseShorthand	functions/math/var and context-dependent extensions
MarginBlock	literal branches	third_party/blink/renderer/core/css/properties/shorthands/shorthands_custom.cc	4275	MarginBlock::ParseShorthand	functions/math/var and context-dependent extensions
MarginBlockEnd	literal branches	third_party/blink/renderer/core/css/properties/longhands/longhands_custom.cc	6702	ConsumeMarginOrOffset	functions/math/var and context-dependent extensions
MarginBlockStart	literal branches	third_party/blink/renderer/core/css/properties/longhands/longhands_custom.cc	6716	ConsumeMarginOrOffset	functions/math/var and context-dependent extensions
MarginBottom	literal branches	third_party/blink/renderer/core/css/properties/longhands/longhands_custom.cc	6725	ConsumeMarginOrOffset	functions/math/var and context-dependent extensions
MarginInline	literal branches	third_party/blink/renderer/core/css/properties/shorthands/shorthands_custom.cc	4328	MarginInline::ParseShorthand	functions/math/var and context-dependent extensions
MarginInlineEnd	literal branches	third_party/blink/renderer/core/css/properties/longhands/longhands_custom.cc	6758	ConsumeMarginOrOffset	functions/math/var and context-dependent extensions
MarginInlineStart	literal branches	third_party/blink/renderer/core/css/properties/longhands/longhands_custom.cc	6772	ConsumeMarginOrOffset	functions/math/var and context-dependent extensions
MarginLeft	literal branches	third_party/blink/renderer/core/css/properties/longhands/longhands_custom.cc	6781	ConsumeMarginOrOffset	functions/math/var and context-dependent extensions
MarginRight	literal branches	third_party/blink/renderer/core/css/properties/longhands/longhands_custom.cc	6810	ConsumeMarginOrOffset	functions/math/var and context-dependent extensions
MarginTop	literal branches	third_party/blink/renderer/core/css/properties/longhands/longhands_custom.cc	6839	ConsumeMarginOrOffset	functions/math/var and context-dependent extensions
MarginTrim	runtime-gated typed consumer	third_party/blink/renderer/core/css/properties/longhands/longhands_custom.cc	6871	MarginTrim::ParseSingleValue / block sides canonicalization	MarginTrim experimental runtime flag disabled at stable defaults; host ExecutionContext exposure owner
Marker	typed consumer branches	third_party/blink/renderer/core/css/properties/shorthands/shorthands_custom.cc	4353	Marker::ParseShorthand	ConsumeUrl CSSURLRequestModifiers stable enabled/request modifiers/referrer/Document URL context; StyleSVGResource adapter at Apply
MarkerEnd	typed consumer branches	third_party/blink/renderer/core/css/properties/longhands/longhands_custom.cc	6950	ConsumeIdent	ConsumeUrl CSSURLRequestModifiers stable enabled/request modifiers/referrer/Document URL context; StyleSVGResource adapter at Apply
MarkerMid	typed consumer branches	third_party/blink/renderer/core/css/properties/longhands/longhands_custom.cc	6976	ConsumeIdent	ConsumeUrl CSSURLRequestModifiers stable enabled/request modifiers/referrer/Document URL context; StyleSVGResource adapter at Apply
MarkerStart	typed consumer branches	third_party/blink/renderer/core/css/properties/longhands/longhands_custom.cc	7002	ConsumeIdent	ConsumeUrl CSSURLRequestModifiers stable enabled/request modifiers/referrer/Document URL context; StyleSVGResource adapter at Apply
Mask	typed consumer branches	third_party/blink/renderer/core/css/properties/shorthands/shorthands_custom.cc	6016	Mask::ParseShorthand	generated/image-set/light-dark image subtypes; URL context/request modifiers/referrer; extended gradient/color collaborators; shared CSSMath unsupported functions/typed arithmetic; source position use counters (document owner)
MaskClip	stable consumer complete	third_party/blink/renderer/core/css/properties/longhands/longhands_custom.cc	11452	ConsumeCommaSeparatedList	none
MaskComposite	stable consumer complete	third_party/blink/renderer/core/css/properties/longhands/longhands_custom.cc	11483	ConsumeCommaSeparatedList	none
MaskImage	typed consumer branches	third_party/blink/renderer/core/css/properties/longhands/longhands_custom.cc	11513	ConsumeCommaSeparatedList	generated/image-set/light-dark image subtypes; URL context/request modifiers/referrer; extended gradient/color collaborators; shared CSSMath unsupported functions/typed arithmetic
MaskMode	stable consumer complete	third_party/blink/renderer/core/css/properties/longhands/longhands_custom.cc	11538	ConsumeCommaSeparatedList	none
MaskOrigin	stable consumer complete	third_party/blink/renderer/core/css/properties/longhands/longhands_custom.cc	11558	ConsumeCommaSeparatedList	none
MaskPosition	literal branches	third_party/blink/renderer/core/css/properties/shorthands/shorthands_custom.cc	6034	MaskPosition::ParseShorthand	CSSMathFunctionValue / negative percentage reference; alias three-valued position use counter
MaskRepeat	stable consumer complete	third_party/blink/renderer/core/css/properties/longhands/longhands_custom.cc	11639	ParseRepeatStyle	none
MaskSize	typed consumer branches	out/Min/gen/third_party/blink/renderer/core/css/properties/longhands.cc	11040	ParseMaskSize	shared CSSMath unsupported functions/typed arithmetic
MaskType	literal branches	third_party/blink/renderer/core/css/css_properties.json5	4491	generated keyword grammar	functions/math/var and context-dependent extensions
MathDepth	typed consumer branches	out/Min/gen/third_party/blink/renderer/core/css/properties/longhands.cc	111	ConsumeMathDepth / auto-add, unrestricted integer math or typed add(integer)	shared CSSMath unsupported functions/typed arithmetic and real context-dependent math resolver
MathShift	literal branches	third_party/blink/renderer/core/css/css_properties.json5	4501	generated keyword grammar	functions/math/var and context-dependent extensions
MathStyle	literal branches	third_party/blink/renderer/core/css/css_properties.json5	4511	generated keyword grammar	functions/math/var and context-dependent extensions
MaxBlockSize	literal branches	out/Min/gen/third_party/blink/renderer/core/css/properties/longhands.cc	11223	ConsumeMaxWidthOrHeight	functions/math/var and context-dependent extensions
MaxContentSizing	literal branches	third_party/blink/renderer/core/css/css_properties.json5	4521	generated keyword grammar	functions/math/var and context-dependent extensions
MaxHeight	literal branches	third_party/blink/renderer/core/css/properties/longhands/longhands_custom.cc	7132	ConsumeMaxWidthOrHeight	functions/math/var and context-dependent extensions
MaxInlineSize	literal branches	out/Min/gen/third_party/blink/renderer/core/css/properties/longhands.cc	11336	ConsumeMaxWidthOrHeight	functions/math/var and context-dependent extensions
MaxLines	runtime-gated typed consumer	third_party/blink/renderer/core/css/properties/longhands/longhands_custom.cc	6341	MaxLines::ParseSingleValue / ConsumePositiveInteger auto pair	CSSLineClamp experimental / CSSLineClampAsShorthand test runtime flags: disabled at stable defaults; host ExecutionContext exposure/alternate-property selection; shared CSSMath unsupported functions/typed arithmetic
MaxWidth	literal branches	third_party/blink/renderer/core/css/properties/longhands/longhands_custom.cc	7152	ConsumeMaxWidthOrHeight	functions/math/var and context-dependent extensions
MinBlockSize	literal branches	third_party/blink/renderer/core/css/properties/longhands/longhands_custom.cc	7172	ConsumeWidthOrHeight	functions/math/var and context-dependent extensions
MinHeight	literal branches	third_party/blink/renderer/core/css/properties/longhands/longhands_custom.cc	7181	ConsumeWidthOrHeight	functions/math/var and context-dependent extensions
MinInlineSize	literal branches	third_party/blink/renderer/core/css/properties/longhands/longhands_custom.cc	7204	ConsumeWidthOrHeight	functions/math/var and context-dependent extensions
MinWidth	literal branches	third_party/blink/renderer/core/css/properties/longhands/longhands_custom.cc	7213	ConsumeWidthOrHeight	functions/math/var and context-dependent extensions
MixBlendMode	literal branches	third_party/blink/renderer/core/css/css_properties.json5	4629	generated keyword grammar	functions/math/var and context-dependent extensions
ObjectFit	literal branches	third_party/blink/renderer/core/css/css_properties.json5	4646	generated keyword grammar	functions/math/var and context-dependent extensions
ObjectPosition	literal branches	third_party/blink/renderer/core/css/properties/longhands/longhands_custom.cc	7252	ConsumePosition	ConsumePosition CSSMathFunctionValue
ObjectViewBox	typed none branch / typed Unsupported shape owner	third_party/blink/renderer/core/css/properties/longhands/longhands_custom.cc	7274	ConsumeIdent	actual BasicShapeInset/Rect/XYWH CSSValue/native Path owner; standardized-browser-zoom parent re-conversion owner (stable enabled)
Offset	typed consumer branches	third_party/blink/renderer/core/css/properties/shorthands/shorthands_custom.cc	4393	Offset::ParseShorthand	shared CSSMath unsupported functions/typed arithmetic; BasicShape/StylePath/StyleShape vector Path owner; CSSURIValue/SVG resource owner; CSSOffsetInEffect document use counter
OffsetAnchor	typed consumer branches	third_party/blink/renderer/core/css/properties/longhands/longhands_custom.cc	7306	ConsumeIdent	ConsumePosition CSSMathFunctionValue
OffsetDistance	typed consumer branches	third_party/blink/renderer/core/css/properties/longhands/longhands_custom.cc	7327	ConsumeLengthOrPercent	shared CSSMath unsupported functions/typed arithmetic
OffsetPath	typed consumer branches	out/Min/gen/third_party/blink/renderer/core/css/properties/longhands.cc	11839	ConsumeOffsetPath	shared CSSMath unsupported functions/typed arithmetic; BasicShape/StylePath/StyleShape vector Path owner; CSSURIValue/SVG resource owner; CSSOffsetInEffect document use counter
OffsetPosition	typed consumer branches	third_party/blink/renderer/core/css/properties/longhands/longhands_custom.cc	7385	ConsumeIdent	ConsumePosition CSSMathFunctionValue; CSSOffsetInEffect use counter
OffsetRotate	typed consumer branches	out/Min/gen/third_party/blink/renderer/core/css/properties/longhands.cc	11913	ConsumeOffsetRotate	shared CSSMath unsupported functions/typed arithmetic
Opacity	literal branches	out/Min/gen/third_party/blink/renderer/core/css/properties/longhands.cc	11948	ConsumeAlphaValue	functions/math/var and context-dependent extensions
Order	literal branches	out/Min/gen/third_party/blink/renderer/core/css/properties/longhands.cc	11983	ConsumeInteger	functions/math/var and context-dependent extensions
OriginTrialTestProperty	literal branches	third_party/blink/renderer/core/css/css_properties.json5	4798	generated keyword grammar	functions/math/var and context-dependent extensions
Orphans	typed consumer branches	out/Min/gen/third_party/blink/renderer/core/css/properties/longhands.cc	12053	ConsumePositiveInteger	shared CSSMath unsupported function/typed-arithmetic branches
Outline	literal branches	third_party/blink/renderer/core/css/properties/shorthands/shorthands_custom.cc	4485	Outline::ParseShorthand	ConsumeColor functions beyond rgb/rgba; SystemAccentColorAllowed parser context; ConsumeLineWidth CSSMathFunctionValue
OutlineColor	literal branches	third_party/blink/renderer/core/css/properties/longhands/longhands_custom.cc	7464	ConsumeIdent	ConsumeColor functions beyond rgb/rgba; SystemAccentColorAllowed parser context
OutlineOffset	literal branches	third_party/blink/renderer/core/css/properties/longhands/longhands_custom.cc	7538	ConsumeLength	CSSMathFunctionValue
OutlineStyle	stable consumer complete	third_party/blink/renderer/core/css/parser/css_parser_fast_paths.cc	1288	IsValidKeywordPropertyAndValue	none
OutlineWidth	literal branches	third_party/blink/renderer/core/css/properties/longhands/longhands_custom.cc	7605	ConsumeLineWidth	CSSMathFunctionValue
Overflow	stable consumer complete	third_party/blink/renderer/core/css/properties/shorthands/shorthands_custom.cc	4505	Overflow::ParseShorthand	none
OverflowAnchor	literal branches	third_party/blink/renderer/core/css/css_properties.json5	4905	generated keyword grammar	functions/math/var and context-dependent extensions
OverflowClipMargin	literal branches	third_party/blink/renderer/core/css/properties/longhands/longhands_custom.cc	7676	ConsumeVisualBox	functions/math/var and context-dependent extensions
OverflowWrap	literal branches	third_party/blink/renderer/core/css/css_properties.json5	4917	generated keyword grammar	functions/math/var and context-dependent extensions
OverflowX	stable consumer complete	third_party/blink/renderer/core/css/css_properties.json5	4961	generated keyword grammar	none
OverflowY	stable consumer complete	third_party/blink/renderer/core/css/css_properties.json5	4986	generated keyword grammar	none
Overlay	literal branches	third_party/blink/renderer/core/css/css_properties.json5	6656	generated keyword grammar	functions/math/var and context-dependent extensions
OverscrollBehavior	stable consumer complete	third_party/blink/renderer/core/css/properties/shorthands/shorthands_custom.cc	4529	OverscrollBehavior::ParseShorthand	none
OverscrollBehaviorX	stable consumer complete	third_party/blink/renderer/core/css/css_properties.json5	5033	generated keyword grammar	none
OverscrollBehaviorY	stable consumer complete	third_party/blink/renderer/core/css/css_properties.json5	5049	generated keyword grammar	none
OverscrollContainerType	literal branches	third_party/blink/renderer/core/css/css_properties.json5	5007	generated keyword grammar	functions/math/var and context-dependent extensions
Padding	literal branches	third_party/blink/renderer/core/css/properties/shorthands/shorthands_custom.cc	4573	Padding::ParseShorthand	functions/math/var and context-dependent extensions
PaddingBlock	literal branches	third_party/blink/renderer/core/css/properties/shorthands/shorthands_custom.cc	4553	PaddingBlock::ParseShorthand	functions/math/var and context-dependent extensions
PaddingBlockEnd	literal branches	third_party/blink/renderer/core/css/properties/longhands/longhands_custom.cc	7865	ConsumeLengthOrPercent	functions/math/var and context-dependent extensions
PaddingBlockStart	literal branches	third_party/blink/renderer/core/css/properties/longhands/longhands_custom.cc	7879	ConsumeLengthOrPercent	functions/math/var and context-dependent extensions
PaddingBottom	literal branches	third_party/blink/renderer/core/css/properties/longhands/longhands_custom.cc	7888	ConsumeLengthOrPercent	functions/math/var and context-dependent extensions
PaddingInline	literal branches	third_party/blink/renderer/core/css/properties/shorthands/shorthands_custom.cc	4601	PaddingInline::ParseShorthand	functions/math/var and context-dependent extensions
PaddingInlineEnd	literal branches	third_party/blink/renderer/core/css/properties/longhands/longhands_custom.cc	7924	ConsumeLengthOrPercent	functions/math/var and context-dependent extensions
PaddingInlineStart	literal branches	third_party/blink/renderer/core/css/properties/longhands/longhands_custom.cc	7938	ConsumeLengthOrPercent	functions/math/var and context-dependent extensions
PaddingLeft	literal branches	third_party/blink/renderer/core/css/properties/longhands/longhands_custom.cc	7947	ConsumeLengthOrPercent	functions/math/var and context-dependent extensions
PaddingRight	literal branches	third_party/blink/renderer/core/css/properties/longhands/longhands_custom.cc	7978	ConsumeLengthOrPercent	functions/math/var and context-dependent extensions
PaddingTop	literal branches	third_party/blink/renderer/core/css/properties/longhands/longhands_custom.cc	8009	ConsumeLengthOrPercent	functions/math/var and context-dependent extensions
Page	stable literal consumer branches	third_party/blink/renderer/core/css/properties/longhands/longhands_custom.cc	8040	ConsumeIdent	CSSIdentFunction test runtime branch (stable disabled); actual native field is unscoped AtomicString, document-root name mapped; shadow/TreeScope population and paginated page-name selection owner remain pending
PageBreakAfter	stable consumer complete	third_party/blink/renderer/core/css/properties/shorthands/shorthands_custom.cc	4621	PageBreakAfter::ParseShorthand	none
PageBreakBefore	stable consumer complete	third_party/blink/renderer/core/css/properties/shorthands/shorthands_custom.cc	4648	PageBreakBefore::ParseShorthand	none
PageBreakInside	stable consumer complete	third_party/blink/renderer/core/css/properties/shorthands/shorthands_custom.cc	4675	PageBreakInside::ParseShorthand	none
PageMarginSafety	literal branches	third_party/blink/renderer/core/css/css_properties.json5	5202	generated keyword grammar	functions/math/var and context-dependent extensions
PaintOrder	stable consumer complete	third_party/blink/renderer/core/css/properties/longhands/longhands_custom.cc	8167	ConsumeIdent	none
PathLength	stable consumer complete	third_party/blink/renderer/core/css/properties/longhands/longhands_custom.cc	3560	ConsumeIdent	none
Perspective	typed consumer branches	third_party/blink/renderer/core/css/properties/longhands/longhands_custom.cc	8248	Perspective::ParseSingleValue / ConsumeLength / alias ConsumeNumber	extended CSSMath functions (trig/round/mod/rem/pow/sqrt/hypot/log/exp/anchor/calc-size/progress/random); typed exponent arithmetic; use counters
PerspectiveOrigin	typed consumer branches	third_party/blink/renderer/core/css/properties/longhands/longhands_custom.cc	8286	ConsumePosition	extended CSSMath functions (trig/round/mod/rem/pow/sqrt/hypot/log/exp/anchor/calc-size/progress/random); typed exponent arithmetic; use counters
PlaceContent	stable consumer complete	third_party/blink/renderer/core/css/properties/shorthands/shorthands_custom.cc	4701	PlaceContent::ParseShorthand	none
PlaceItems	stable consumer complete	third_party/blink/renderer/core/css/properties/shorthands/shorthands_custom.cc	4765	PlaceItems::ParseShorthand	alternate DisableAnchorCenterOnAlignJustifyItems runtime flag
PlaceSelf	stable consumer complete	third_party/blink/renderer/core/css/properties/shorthands/shorthands_custom.cc	4824	PlaceSelf::ParseShorthand	none
PointerEvents	literal branches	third_party/blink/renderer/core/css/css_properties.json5	5291	generated keyword grammar	functions/math/var and context-dependent extensions
Position	literal branches	third_party/blink/renderer/core/css/css_properties.json5	5305	generated keyword grammar	functions/math/var and context-dependent extensions
PositionAnchor	typed consumer branches	third_party/blink/renderer/core/css/properties/longhands/longhands_custom.cc	220	PositionAnchor::ParseSingleValue / auto-none-normal or ConsumeDashedIdent	CSSIdentFunction test runtime branch (stable disabled); document-root scope mapped, shadow/non-null TreeScope population remains owner-dependent
PositionArea	stable consumer complete	third_party/blink/renderer/core/css/properties/longhands/longhands_custom.cc	5393	PositionArea::ParseSingleValue / none or ConsumePositionArea compatible canonical pair	none
PositionTry	typed consumer branches	third_party/blink/renderer/core/css/properties/shorthands/shorthands_custom.cc	4915	PositionTry::ParseShorthand	CSSIdentFunction test runtime branch (stable disabled); document-root scope mapped, shadow/non-null TreeScope population remains owner-dependent
PositionTryFallbacks	typed consumer branches	out/Min/gen/third_party/blink/renderer/core/css/properties/longhands.cc	13324	ConsumePositionTryFallbacks / ConsumeDashedIdentOrTactic or ConsumePositionArea	CSSIdentFunction test runtime branch (stable disabled); document-root scope mapped, shadow/non-null TreeScope population remains owner-dependent
PositionTryOrder	stable consumer complete	third_party/blink/renderer/core/css/css_properties.json5	5361	generated keyword grammar	none
PositionVisibility	stable consumer complete	third_party/blink/renderer/core/css/properties/longhands/longhands_custom.cc	273	PositionVisibility::ParseSingleValue / always or anchors-visible no-overflow list	none
PrintColorAdjust	literal branches	third_party/blink/renderer/core/css/css_properties.json5	5386	generated keyword grammar	functions/math/var and context-dependent extensions
Quotes	stable consumer complete	third_party/blink/renderer/core/css/properties/longhands/longhands_custom.cc	8388	Quotes::ParseSingleValue / ConsumeString	none
R	stable consumer complete	third_party/blink/renderer/core/css/properties/longhands/longhands_custom.cc	8438	ConsumeSVGGeometryPropertyLength	none
ReadingFlow	literal branches	third_party/blink/renderer/core/css/css_properties.json5	5422	generated keyword grammar	functions/math/var and context-dependent extensions
ReadingOrder	literal branches	out/Min/gen/third_party/blink/renderer/core/css/properties/longhands.cc	13601	ConsumeInteger	functions/math/var and context-dependent extensions
Resize	literal branches	third_party/blink/renderer/core/css/css_properties.json5	5445	generated keyword grammar	functions/math/var and context-dependent extensions
Right	literal branches	third_party/blink/renderer/core/css/properties/longhands/longhands_custom.cc	8501	ConsumeMarginOrOffset	functions/math/var and context-dependent extensions
Rotate	typed consumer branches	third_party/blink/renderer/core/css/properties/longhands/longhands_custom.cc	8525	Rotate::ParseSingleValue / ConsumeAxis / ConsumeAngle	extended CSSMath functions (trig/round/mod/rem/pow/sqrt/hypot/log/exp/anchor/calc-size/progress/random); typed exponent arithmetic; use counters
RowGap	literal branches	out/Min/gen/third_party/blink/renderer/core/css/properties/longhands.cc	13763	ConsumeGapLength	functions/math/var and context-dependent extensions
RowRule	typed consumer branches	third_party/blink/renderer/core/css/properties/shorthands/shorthands_custom.cc	1185	ConsumeGapDecorationsRuleShorthand / existing lists into row width-style-color with source defaults	CSSRepeatValue / gap-decoration repeat() collaborator; shared ConsumeColor advanced/system/provider context; native InsideLink honored when supplied, document link/visited owner remains partial; shared CSSMath unsupported functions/typed arithmetic; real relative-unit conversion contexts; changed-zoom inheritance requires standardized browser zoom owner
RowRuleBreak	stable consumer complete	third_party/blink/renderer/core/css/css_properties.json5	7218	generated keyword grammar	none
RowRuleColor	typed consumer branches	third_party/blink/renderer/core/css/properties/longhands/longhands_custom.cc	2660	ConsumeGapDecorationPropertyList / reuse column-rule typed color list consumer	CSSRepeatValue / gap-decoration repeat() collaborator; shared ConsumeColor advanced/system/provider context; native InsideLink honored when supplied, document link/visited owner remains partial
RowRuleInset	unsupported	third_party/blink/renderer/core/css/properties/shorthands/shorthands_custom.cc	1311	RowRuleInset::ParseShorthand	whole property consumer
RowRuleInsetCap	unsupported	third_party/blink/renderer/core/css/properties/shorthands/shorthands_custom.cc	1469	RowRuleInsetCap::ParseShorthand	whole property consumer
RowRuleInsetCapEnd	unsupported	third_party/blink/renderer/core/css/properties/longhands/longhands_custom.cc	5663	ConsumeIdent	whole property consumer
RowRuleInsetCapStart	unsupported	third_party/blink/renderer/core/css/properties/longhands/longhands_custom.cc	5709	ConsumeIdent	whole property consumer
RowRuleInsetEnd	unsupported	third_party/blink/renderer/core/css/properties/shorthands/shorthands_custom.cc	1768	RowRuleInsetEnd::ParseShorthand	whole property consumer
RowRuleInsetJunction	unsupported	third_party/blink/renderer/core/css/properties/shorthands/shorthands_custom.cc	1553	RowRuleInsetJunction::ParseShorthand	whole property consumer
RowRuleInsetJunctionEnd	unsupported	third_party/blink/renderer/core/css/properties/longhands/longhands_custom.cc	5755	ConsumeIdent	whole property consumer
RowRuleInsetJunctionStart	unsupported	third_party/blink/renderer/core/css/properties/longhands/longhands_custom.cc	5801	ConsumeIdent	whole property consumer
RowRuleInsetStart	unsupported	third_party/blink/renderer/core/css/properties/shorthands/shorthands_custom.cc	1805	RowRuleInsetStart::ParseShorthand	whole property consumer
RowRuleStyle	typed consumer branches	third_party/blink/renderer/core/css/properties/longhands/longhands_custom.cc	2715	ConsumeGapDecorationPropertyList / reuse column-rule typed border-style list consumer	CSSRepeatValue / gap-decoration repeat() collaborator
RowRuleVisibilityItems	stable consumer complete	third_party/blink/renderer/core/css/css_properties.json5	7430	generated keyword grammar	none
RowRuleWidth	typed consumer branches	third_party/blink/renderer/core/css/properties/longhands/longhands_custom.cc	2784	ConsumeGapDecorationPropertyList / reuse column-rule typed line-width list consumer	CSSRepeatValue / gap-decoration repeat() collaborator; shared CSSMath unsupported functions/typed arithmetic; real relative-unit conversion contexts; changed-zoom inheritance requires standardized browser zoom owner
RubyAlign	literal branches	third_party/blink/renderer/core/css/css_properties.json5	7887	generated keyword grammar	functions/math/var and context-dependent extensions
RubyOverhang	stable consumer complete	third_party/blink/renderer/core/css/properties/longhands/longhands_custom.cc	11746	RubyOverhang::ParseSingleValue / none alias to spaces, auto	none
RubyPosition	typed consumer branches	third_party/blink/renderer/core/css/properties/longhands/longhands_custom.cc	11787	RubyPosition::ParseSingleValue / over-under; alternate/inter-character rejected	context Count use counters for rejected alternate/inter-character keywords
Rule	typed consumer branches	third_party/blink/renderer/core/css/properties/shorthands/shorthands_custom.cc	6057	ConsumeGapDecorationsRuleShorthand / same width-style-color lists into column then row; no inset reset	CSSRepeatValue / gap-decoration repeat() collaborator; shared ConsumeColor advanced/system/provider context; native InsideLink honored when supplied, document link/visited owner remains partial; shared CSSMath unsupported functions/typed arithmetic; real relative-unit conversion contexts; changed-zoom inheritance requires standardized browser zoom owner
RuleBreak	stable consumer complete	third_party/blink/renderer/core/css/properties/shorthands/shorthands_custom.cc	1223	RuleBreak::ParseShorthand	none
RuleColor	typed consumer branches	third_party/blink/renderer/core/css/properties/shorthands/shorthands_custom.cc	6105	ConsumeGapDecorationPropertyList / one color list shared by column and row	CSSRepeatValue / gap-decoration repeat() collaborator; shared ConsumeColor advanced/system/provider context; native InsideLink honored when supplied, document link/visited owner remains partial
RuleInset	unsupported	third_party/blink/renderer/core/css/properties/shorthands/shorthands_custom.cc	1361	RuleInset::ParseShorthand	whole property consumer
RuleInsetCap	unsupported	third_party/blink/renderer/core/css/properties/shorthands/shorthands_custom.cc	1595	RuleInsetCap::ParseShorthand	whole property consumer
RuleInsetEnd	unsupported	third_party/blink/renderer/core/css/properties/shorthands/shorthands_custom.cc	1842	RuleInsetEnd::ParseShorthand	whole property consumer
RuleInsetJunction	unsupported	third_party/blink/renderer/core/css/properties/shorthands/shorthands_custom.cc	1643	RuleInsetJunction::ParseShorthand	whole property consumer
RuleInsetStart	unsupported	third_party/blink/renderer/core/css/properties/shorthands/shorthands_custom.cc	1888	RuleInsetStart::ParseShorthand	whole property consumer
RuleOverlap	literal branches	third_party/blink/renderer/core/css/css_properties.json5	7195	generated keyword grammar	functions/math/var and context-dependent extensions
RuleStyle	typed consumer branches	third_party/blink/renderer/core/css/properties/shorthands/shorthands_custom.cc	6177	ConsumeGapDecorationPropertyList / one style list shared by column and row	CSSRepeatValue / gap-decoration repeat() collaborator
RuleVisibilityItems	stable consumer complete	third_party/blink/renderer/core/css/properties/shorthands/shorthands_custom.cc	6213	RuleVisibilityItems::ParseShorthand	none
RuleWidth	typed consumer branches	third_party/blink/renderer/core/css/properties/shorthands/shorthands_custom.cc	6141	ConsumeGapDecorationPropertyList / one width list shared by column and row	CSSRepeatValue / gap-decoration repeat() collaborator; shared CSSMath unsupported functions/typed arithmetic; real relative-unit conversion contexts; changed-zoom inheritance requires standardized browser zoom owner
Rx	stable consumer complete	third_party/blink/renderer/core/css/properties/longhands/longhands_custom.cc	8642	ConsumeIdent	none
Ry	stable consumer complete	third_party/blink/renderer/core/css/properties/longhands/longhands_custom.cc	8662	ConsumeIdent	none
Scale	typed consumer branches	third_party/blink/renderer/core/css/properties/longhands/longhands_custom.cc	8682	Scale::ParseSingleValue / ConsumeNumberOrPercent	extended CSSMath functions (trig/round/mod/rem/pow/sqrt/hypot/log/exp/anchor/calc-size/progress/random); typed exponent arithmetic; use counters
ScrollAxisLock	literal branches	third_party/blink/renderer/core/css/css_properties.json5	5524	generated keyword grammar	functions/math/var and context-dependent extensions
ScrollInitialTarget	literal branches	third_party/blink/renderer/core/css/css_properties.json5	5618	generated keyword grammar	functions/math/var and context-dependent extensions
ScrollMargin	literal branches	third_party/blink/renderer/core/css/properties/shorthands/shorthands_custom.cc	4963	ScrollMargin::ParseShorthand	functions/math/var and context-dependent extensions
ScrollMarginBlock	typed consumer branches	third_party/blink/renderer/core/css/properties/shorthands/shorthands_custom.cc	4943	ScrollMarginBlock::ParseShorthand	shared CSSMath unsupported functions and real relative-unit contexts
ScrollMarginBlockEnd	typed consumer branches	third_party/blink/renderer/core/css/properties/longhands/longhands_custom.cc	8946	ConsumeLength	shared CSSMath unsupported functions and real relative-unit contexts
ScrollMarginBlockStart	typed consumer branches	third_party/blink/renderer/core/css/properties/longhands/longhands_custom.cc	8955	ConsumeLength	shared CSSMath unsupported functions and real relative-unit contexts
ScrollMarginBottom	typed consumer branches	third_party/blink/renderer/core/css/properties/longhands/longhands_custom.cc	8964	ConsumeLength	shared CSSMath unsupported functions and real relative-unit contexts
ScrollMarginInline	typed consumer branches	third_party/blink/renderer/core/css/properties/shorthands/shorthands_custom.cc	4983	ScrollMarginInline::ParseShorthand	shared CSSMath unsupported functions and real relative-unit contexts
ScrollMarginInlineEnd	typed consumer branches	third_party/blink/renderer/core/css/properties/longhands/longhands_custom.cc	8981	ConsumeLength	shared CSSMath unsupported functions and real relative-unit contexts
ScrollMarginInlineStart	typed consumer branches	third_party/blink/renderer/core/css/properties/longhands/longhands_custom.cc	8990	ConsumeLength	shared CSSMath unsupported functions and real relative-unit contexts
ScrollMarginLeft	typed consumer branches	third_party/blink/renderer/core/css/properties/longhands/longhands_custom.cc	8999	ConsumeLength	shared CSSMath unsupported functions and real relative-unit contexts
ScrollMarginRight	typed consumer branches	third_party/blink/renderer/core/css/properties/longhands/longhands_custom.cc	9016	ConsumeLength	shared CSSMath unsupported functions and real relative-unit contexts
ScrollMarginTop	typed consumer branches	third_party/blink/renderer/core/css/properties/longhands/longhands_custom.cc	9033	ConsumeLength	shared CSSMath unsupported functions and real relative-unit contexts
ScrollMarkerGroup	stable consumer complete	third_party/blink/renderer/core/css/properties/longhands/longhands_custom.cc	8776	ConsumeIdent	CSSPseudoScrollMarkers stable enabled (runtime JSON:1858-1860; depends_on PseudoElementsFocusable stable:4914-4915); alternate disabled parser/Exposure branch; CSSScrollMarkerGroupModes experimental:1923-1924 is NOT checked by this parser
ScrollPadding	literal branches	third_party/blink/renderer/core/css/properties/shorthands/shorthands_custom.cc	5023	ScrollPadding::ParseShorthand	functions/math/var and context-dependent extensions
ScrollPaddingBlock	typed consumer branches	third_party/blink/renderer/core/css/properties/shorthands/shorthands_custom.cc	5003	ScrollPaddingBlock::ParseShorthand	shared CSSMath unsupported functions and real relative-unit contexts
ScrollPaddingBlockEnd	typed consumer branches	out/Min/gen/third_party/blink/renderer/core/css/properties/longhands.cc	14758	ConsumeScrollPadding	shared CSSMath unsupported functions and real relative-unit contexts
ScrollPaddingBlockStart	typed consumer branches	out/Min/gen/third_party/blink/renderer/core/css/properties/longhands.cc	14799	ConsumeScrollPadding	shared CSSMath unsupported functions and real relative-unit contexts
ScrollPaddingBottom	typed consumer branches	out/Min/gen/third_party/blink/renderer/core/css/properties/longhands.cc	14834	ConsumeScrollPadding	shared CSSMath unsupported functions and real relative-unit contexts
ScrollPaddingInline	typed consumer branches	third_party/blink/renderer/core/css/properties/shorthands/shorthands_custom.cc	5043	ScrollPaddingInline::ParseShorthand	shared CSSMath unsupported functions and real relative-unit contexts
ScrollPaddingInlineEnd	typed consumer branches	out/Min/gen/third_party/blink/renderer/core/css/properties/longhands.cc	14889	ConsumeScrollPadding	shared CSSMath unsupported functions and real relative-unit contexts
ScrollPaddingInlineStart	typed consumer branches	out/Min/gen/third_party/blink/renderer/core/css/properties/longhands.cc	14930	ConsumeScrollPadding	shared CSSMath unsupported functions and real relative-unit contexts
ScrollPaddingLeft	typed consumer branches	out/Min/gen/third_party/blink/renderer/core/css/properties/longhands.cc	14965	ConsumeScrollPadding	shared CSSMath unsupported functions and real relative-unit contexts
ScrollPaddingRight	typed consumer branches	out/Min/gen/third_party/blink/renderer/core/css/properties/longhands.cc	15014	ConsumeScrollPadding	shared CSSMath unsupported functions and real relative-unit contexts
ScrollPaddingTop	typed consumer branches	out/Min/gen/third_party/blink/renderer/core/css/properties/longhands.cc	15063	ConsumeScrollPadding	shared CSSMath unsupported functions and real relative-unit contexts
ScrollSnapAlign	stable consumer complete	third_party/blink/renderer/core/css/properties/longhands/longhands_custom.cc	9086	ScrollSnapAlign::ParseSingleValue / block-inline identifier pair	none
ScrollSnapStop	literal branches	third_party/blink/renderer/core/css/css_properties.json5	5878	generated keyword grammar	functions/math/var and context-dependent extensions
ScrollSnapType	typed consumer branches	third_party/blink/renderer/core/css/properties/longhands/longhands_custom.cc	9127	ScrollSnapType::ParseSingleValue / axis-strictness identifier pair	alternate CSSScrollSnapTypePair runtime flag/native pair-axis branch
ScrollTargetGroup	literal branches	third_party/blink/renderer/core/css/css_properties.json5	5535	generated keyword grammar	functions/math/var and context-dependent extensions
ScrollTimeline	stable literal consumer branches	third_party/blink/renderer/core/css/properties/shorthands/shorthands_custom.cc	5210	ScrollTimeline::ParseShorthand	CSSIdentFunction test runtime branch (stable disabled); definition names use native unscoped AtomicString; shadow timeline consumption/HasTreeScopedReference owner outside this batch
ScrollTimelineAxis	stable consumer complete	third_party/blink/renderer/core/css/properties/longhands/longhands_custom.cc	9178	ConsumeCommaSeparatedList	none
ScrollTimelineName	stable literal consumer branches	third_party/blink/renderer/core/css/properties/longhands/longhands_custom.cc	9209	ConsumeCommaSeparatedList	CSSIdentFunction test runtime branch (stable disabled); definition names use native unscoped AtomicString; shadow timeline consumption/HasTreeScopedReference owner outside this batch
ScrollbarColor	typed consumer branches	third_party/blink/renderer/core/css/properties/longhands/longhands_custom.cc	8804	ScrollbarColor::ParseSingleValue / ConsumeColor pair	ConsumeColor advanced/system-color and provider context collaborators
ScrollbarGutter	stable consumer complete	third_party/blink/renderer/core/css/properties/longhands/longhands_custom.cc	8852	ScrollbarGutter::ParseSingleValue / stable both-edges	none
ScrollbarWidth	literal branches	third_party/blink/renderer/core/css/css_properties.json5	5594	generated keyword grammar	functions/math/var and context-dependent extensions
ShapeImageThreshold	typed consumer branches	out/Min/gen/third_party/blink/renderer/core/css/properties/longhands.cc	15408	ConsumeAlphaValue	shared CSSMath unsupported function/typed-arithmetic branches
ShapeMargin	literal branches	third_party/blink/renderer/core/css/properties/longhands/longhands_custom.cc	9249	ConsumeLengthOrPercent	functions/math/var and context-dependent extensions
ShapeOutside	typed consumer branches	third_party/blink/renderer/core/css/properties/longhands/longhands_custom.cc	9266	ShapeOutside::ParseSingleValue / ConsumeImageOrNone / ConsumeBasicShape / ConsumeShapeBox	circle/ellipse/inset native Path/equality; rect/xywh/path/shape typed/native collaborators; generated/image-set and URL StyleImage owner; shared CSSMath unsupported branches; alternate CSSShapeOutsidePathAndShapeSupport/CSSShapeOutsideRectAndXywhSupport/CSSPolygonRounding flags (stable enabled); BasicShapeCornerRadius (experimental; stable disabled); standardized cross-zoom reapplication and relative-unit contexts; native BasicShapePolygon GetPath collaborator (typed native data mapped)
ShapeRendering	literal branches	third_party/blink/renderer/core/css/css_properties.json5	5966	generated keyword grammar	functions/math/var and context-dependent extensions
Size	typed consumer branches	third_party/blink/renderer/core/css/properties/longhands/longhands_custom.cc	9368	ConsumeIdent	shared CSSMath unsupported functions/typed arithmetic; real font-metric/container-relative length conversion; @page ConsumeAtRuleContents entry point/page style cascade/pagination owner is typed Unsupported
Speak	literal branches	third_party/blink/renderer/core/css/css_properties.json5	5986	generated keyword grammar	functions/math/var and context-dependent extensions
StopColor	literal branches	out/Min/gen/third_party/blink/renderer/core/css/properties/longhands.cc	15649	ConsumeColor	functions/math/var and context-dependent extensions
StopOpacity	literal branches	out/Min/gen/third_party/blink/renderer/core/css/properties/longhands.cc	15686	ConsumeAlphaValue	functions/math/var and context-dependent extensions
Stroke	typed consumer branches	out/Min/gen/third_party/blink/renderer/core/css/properties/longhands.cc	15721	ConsumeSVGPaint	URL request modifiers/referrer context; ConsumeColor advanced/system-color collaborators
StrokeDasharray	stable consumer complete	third_party/blink/renderer/core/css/properties/longhands/longhands_custom.cc	9565	ConsumeIdent	none
StrokeDashoffset	stable consumer complete	third_party/blink/renderer/core/css/properties/longhands/longhands_custom.cc	9605	ParserContext	none
StrokeLinecap	stable consumer complete	third_party/blink/renderer/core/css/css_properties.json5	6093	generated keyword grammar	none
StrokeLinejoin	stable consumer complete	third_party/blink/renderer/core/css/css_properties.json5	6107	generated keyword grammar	none
StrokeMiterlimit	typed consumer branches	third_party/blink/renderer/core/css/properties/longhands/longhands_custom.cc	9640	ConsumeNumber	shared CSSMath unsupported functions/typed arithmetic
StrokeOpacity	literal branches	out/Min/gen/third_party/blink/renderer/core/css/properties/longhands.cc	15910	ConsumeAlphaValue	functions/math/var and context-dependent extensions
StrokeWidth	stable consumer complete	third_party/blink/renderer/core/css/properties/longhands/longhands_custom.cc	9667	ParserContext	none
TabSize	typed consumer branches	third_party/blink/renderer/core/css/properties/longhands/longhands_custom.cc	9696	TabSize::ParseSingleValue / ConsumeNumber then ConsumeLength	shared CSSMath unsupported functions/typed arithmetic; real relative-unit contexts
TableLayout	literal branches	third_party/blink/renderer/core/css/css_properties.json5	6168	generated keyword grammar	functions/math/var and context-dependent extensions
TextAlign	literal branches	third_party/blink/renderer/core/css/css_properties.json5	6197	generated keyword grammar	functions/math/var and context-dependent extensions
TextAlignLast	literal branches	third_party/blink/renderer/core/css/css_properties.json5	6221	generated keyword grammar	functions/math/var and context-dependent extensions
TextAnchor	literal branches	third_party/blink/renderer/core/css/css_properties.json5	6241	generated keyword grammar	functions/math/var and context-dependent extensions
TextAutospace	stable consumer complete	third_party/blink/renderer/core/css/css_properties.json5	6252	generated keyword grammar	none
TextBox	stable consumer complete	third_party/blink/renderer/core/css/properties/shorthands/shorthands_custom.cc	6251	TextBox::ParseShorthand / normal or trim-edge; omitted trim-both and auto edge	none
TextBoxEdge	stable consumer complete	third_party/blink/renderer/core/css/properties/longhands/longhands_custom.cc	9817	ConsumeTextBoxEdge / auto or over-under canonical identifier-list	none
TextBoxTrim	stable consumer complete	third_party/blink/renderer/core/css/css_properties.json5	6282	generated keyword grammar	none
TextCombineUpright	literal branches	third_party/blink/renderer/core/css/css_properties.json5	6292	generated keyword grammar	functions/math/var and context-dependent extensions
TextDecoration	typed consumer branches	third_party/blink/renderer/core/css/properties/shorthands/shorthands_custom.cc	5232	TextDecoration::ParseShorthand	ConsumeColor advanced/system-color collaborators
TextDecorationColor	typed consumer branches	out/Min/gen/third_party/blink/renderer/core/css/properties/longhands.cc	16322	ConsumeColor	ConsumeColor advanced/system-color collaborators
TextDecorationInset	runtime-gated typed consumer	third_party/blink/renderer/core/css/properties/longhands/longhands_custom.cc	9885	TextDecorationInset::ParseSingleValue / auto or length-percent drop-identical pair (internal)	CSSTextDecorationInset experimental stable-disabled Exposure; shared CSSMath and relative-unit conversion; standardized-browser-zoom parent re-conversion owner
TextDecorationLine	stable consumer complete	third_party/blink/renderer/core/css/properties/longhands/longhands_custom.cc	9869	ConsumeTextDecorationLine	none
TextDecorationSkipInk	literal branches	third_party/blink/renderer/core/css/css_properties.json5	6368	generated keyword grammar	functions/math/var and context-dependent extensions
TextDecorationSkipSpaces	runtime-gated typed consumer	third_party/blink/renderer/core/css/properties/longhands/longhands_custom.cc	9938	ConsumeTextDecorationSkipSpaces / none-all-start-end canonical list (internal)	CSSTextDecorationSkipSpaces experimental runtime flag: stable disabled; internal consumer/native apply translated, real ExecutionContext override absent
TextDecorationStyle	stable consumer complete	third_party/blink/renderer/core/css/css_properties.json5	6406	generated keyword grammar	none
TextDecorationThickness	stable consumer complete	third_party/blink/renderer/core/css/properties/longhands/longhands_custom.cc	9963	ConsumeIdent	none
TextEmphasis	typed consumer branches	third_party/blink/renderer/core/css/properties/shorthands/shorthands_custom.cc	6338	ConsumeShorthandGreedilyViaLonghands / TextEmphasisStyle and existing ConsumeColor	shared ConsumeColor advanced/system/provider/context collaborators
TextEmphasisColor	typed consumer branches	out/Min/gen/third_party/blink/renderer/core/css/properties/longhands.cc	16555	ConsumeColor	shared ConsumeColor advanced/system/provider/context collaborators
TextEmphasisPosition	stable consumer complete	third_party/blink/renderer/core/css/properties/longhands/longhands_custom.cc	11901	TextEmphasisPosition::ParseSingleValue / over-under optional left-right canonical list	TextEmphasisPositionAuto experimental runtime branch: stable disabled; existing runtime flag preserved
TextEmphasisStyle	stable consumer complete	third_party/blink/renderer/core/css/properties/longhands/longhands_custom.cc	11990	TextEmphasisStyle::ParseSingleValue / none-string-fill-shape canonical list	none
TextFit	typed consumer branches	out/Min/gen/third_party/blink/renderer/core/css/properties/longhands.cc	16647	ConsumeTextFit / type-target-nonnegative percentage canonical list	shared CSSMath unsupported functions/typed arithmetic; CssTextFitReshaping remains stable-default disabled in native Method
TextIndent	stable consumer complete	third_party/blink/renderer/core/css/properties/longhands/longhands_custom.cc	10000	ConsumeLengthOrPercent	none
TextJustify	stable consumer complete	third_party/blink/renderer/core/css/properties/longhands/longhands_custom.cc	10108	ConsumeIdent	none
TextOrientation	literal branches	third_party/blink/renderer/core/css/css_properties.json5	1921	generated keyword grammar	functions/math/var and context-dependent extensions
TextOverflow	stable consumer complete	third_party/blink/renderer/core/css/properties/longhands/longhands_custom.cc	10148	ConsumeTextOverflow	alternate TextOverflowString runtime flag
TextShadow	literal branches	third_party/blink/renderer/core/css/properties/longhands/longhands_custom.cc	10171	ConsumeShadow	ConsumeLength CSSMathFunctionValue; ConsumeColor functions beyond rgb/rgba; SystemAccentColorAllowed parser context
TextSizeAdjust	typed consumer branches	third_party/blink/renderer/core/css/properties/longhands/longhands_custom.cc	10193	TextSizeAdjust::ParseSingleValue / auto-none or nonnegative ConsumePercent	shared CSSMath unsupported functions/typed arithmetic
TextSpacing	runtime-gated typed consumer	third_party/blink/renderer/core/css/properties/shorthands/shorthands_custom.cc	6358	TextSpacing::ParseShorthand / none or autospace-spacing-trim-normal combinations (internal)	CSSTextSpacing test-only stable-disabled Exposure; internal shorthand and real native longhand applications translated
TextSpacingTrim	stable consumer complete	third_party/blink/renderer/core/css/css_properties.json5	6540	generated keyword grammar	none
TextTransform	stable consumer complete	third_party/blink/renderer/core/css/properties/longhands/longhands_custom.cc	10230	ConsumeTextTransform	alternate CSSTextTransformFullWidth/FullSizeKana/MultiKeyword runtime flags
TextUnderlineOffset	stable consumer complete	third_party/blink/renderer/core/css/properties/longhands/longhands_custom.cc	10352	ConsumeIdent	none
TextUnderlinePosition	stable consumer complete	third_party/blink/renderer/core/css/properties/longhands/longhands_custom.cc	10277	ConsumeIdent	none
TextWrap	stable consumer complete	third_party/blink/renderer/core/css/properties/shorthands/shorthands_custom.cc	5299	TextWrap::ParseShorthand	none
TextWrapMode	stable consumer complete	third_party/blink/renderer/core/css/css_properties.json5	8182	generated keyword grammar	none
TextWrapStyle	stable consumer complete	third_party/blink/renderer/core/css/css_properties.json5	8196	generated keyword grammar	none
TimelineScope	stable literal consumer branches	third_party/blink/renderer/core/css/properties/longhands/longhands_custom.cc	12211	ConsumeIdent	CSSIdentFunction test runtime branch (stable disabled); definition names use native unscoped AtomicString; shadow timeline consumption/HasTreeScopedReference owner outside this batch; CSSTimelineScopeAll experimental runtime branch (stable disabled)
TimelineTrigger	typed consumer branches	third_party/blink/renderer/core/css/properties/shorthands/shorthands_custom.cc	5423	TimelineTrigger::ParseShorthand	shared CSSMath unsupported functions/typed arithmetic; length metric/container/changed-zoom contexts; CSSIdentFunction test runtime branch (stable disabled); shadow trigger-name TreeScope/HasTreeScopedReference owner; CSSScrollValue/CSSViewValue production owner
TimelineTriggerActivationRange	typed consumer branches	third_party/blink/renderer/core/css/properties/shorthands/shorthands_custom.cc	5471	TimelineTriggerActivationRange::ParseShorthand	shared CSSMath unsupported functions/typed arithmetic; length metric/container/changed-zoom contexts
TimelineTriggerActivationRangeEnd	typed consumer branches	third_party/blink/renderer/core/css/properties/longhands/longhands_custom.cc	771	ConsumeCommaSeparatedList	shared CSSMath unsupported functions/typed arithmetic; length metric/container/changed-zoom contexts
TimelineTriggerActivationRangeStart	typed consumer branches	third_party/blink/renderer/core/css/properties/longhands/longhands_custom.cc	748	ConsumeCommaSeparatedList	shared CSSMath unsupported functions/typed arithmetic; length metric/container/changed-zoom contexts
TimelineTriggerActiveRange	typed consumer branches	third_party/blink/renderer/core/css/properties/shorthands/shorthands_custom.cc	5510	TimelineTriggerActiveRange::ParseShorthand	shared CSSMath unsupported functions/typed arithmetic; length metric/container/changed-zoom contexts
TimelineTriggerActiveRangeEnd	typed consumer branches	third_party/blink/renderer/core/css/properties/longhands/longhands_custom.cc	818	ConsumeCommaSeparatedList	shared CSSMath unsupported functions/typed arithmetic; length metric/container/changed-zoom contexts
TimelineTriggerActiveRangeStart	typed consumer branches	third_party/blink/renderer/core/css/properties/longhands/longhands_custom.cc	794	ConsumeCommaSeparatedList	shared CSSMath unsupported functions/typed arithmetic; length metric/container/changed-zoom contexts
TimelineTriggerName	typed consumer branches	third_party/blink/renderer/core/css/properties/longhands/longhands_custom.cc	714	ConsumeCommaSeparatedList	CSSIdentFunction test runtime branch (stable disabled); shadow CSSCustomIdentValue TreeScope population/HasTreeScopedReference owner
TimelineTriggerSource	typed consumer branches	third_party/blink/renderer/core/css/properties/longhands/longhands_custom.cc	841	ConsumeCommaSeparatedList	CSSScrollValue/CSSViewValue production owner; CSSIdentFunction test runtime branch (stable disabled); timeline source names retain native unscoped AtomicString
Top	literal branches	third_party/blink/renderer/core/css/properties/longhands/longhands_custom.cc	10372	ConsumeMarginOrOffset	functions/math/var and context-dependent extensions
TouchAction	stable consumer complete	third_party/blink/renderer/core/css/properties/longhands/longhands_custom.cc	10421	TouchAction::ParseSingleValue / ConsumePan grouped canonical axes	none
Transform	typed consumer branches	out/Min/gen/third_party/blink/renderer/core/css/properties/longhands.cc	17394	ConsumeTransformList	extended CSSMath functions (trig/round/mod/rem/pow/sqrt/hypot/log/exp/anchor/calc-size/progress/random); typed exponent arithmetic; use counters
TransformBox	literal branches	third_party/blink/renderer/core/css/css_properties.json5	6698	generated keyword grammar	functions/math/var and context-dependent extensions
TransformOrigin	typed consumer branches	third_party/blink/renderer/core/css/properties/longhands/longhands_custom.cc	10487	ConsumeOneOrTwoValuedPosition	extended CSSMath functions (trig/round/mod/rem/pow/sqrt/hypot/log/exp/anchor/calc-size/progress/random); typed exponent arithmetic; use counters
TransformStyle	literal branches	third_party/blink/renderer/core/css/css_properties.json5	6727	generated keyword grammar	functions/math/var and context-dependent extensions
Transition	literal branches	third_party/blink/renderer/core/css/properties/shorthands/shorthands_custom.cc	5560	Transition::ParseShorthand	extended CSSMath functions/typed exponent arithmetic; ExecutionContext property exposure; CSSIdentFunction runtime option; custom-name TreeScope population
TransitionBehavior	stable consumer complete	third_party/blink/renderer/core/css/properties/longhands/longhands_custom.cc	10638	ConsumeCommaSeparatedList	none
TransitionDelay	typed consumer branches	third_party/blink/renderer/core/css/properties/longhands/longhands_custom.cc	10555	ConsumeCommaSeparatedList	extended CSSMath functions/typed exponent arithmetic
TransitionDuration	typed consumer branches	third_party/blink/renderer/core/css/properties/longhands/longhands_custom.cc	10583	ConsumeCommaSeparatedList	extended CSSMath functions/typed exponent arithmetic
TransitionProperty	literal branches	third_party/blink/renderer/core/css/properties/longhands/longhands_custom.cc	10613	ConsumeCommaSeparatedList	ExecutionContext property exposure; CSSIdentFunction runtime option; custom-name TreeScope population
TransitionTimingFunction	typed consumer branches	third_party/blink/renderer/core/css/properties/longhands/longhands_custom.cc	10658	ConsumeCommaSeparatedList	extended CSSMath functions/typed exponent arithmetic; element-dependent easing arguments; CSSLinearEasing use counter
Translate	typed consumer branches	third_party/blink/renderer/core/css/properties/longhands/longhands_custom.cc	10680	Translate::ParseSingleValue / ConsumeLengthOrPercent / ConsumeLength	extended CSSMath functions (trig/round/mod/rem/pow/sqrt/hypot/log/exp/anchor/calc-size/progress/random); typed exponent arithmetic; use counters
TriggerScope	stable literal consumer branches	out/Min/gen/third_party/blink/renderer/core/css/properties/longhands.cc	17796	ConsumeNameScope	AnimationTrigger stable enabled (runtime JSON:628-630); alternate disabled Exposure branch; CSSIdentFunction test branch stable disabled:1658-1659; shared AnchorScope native ScopedCSSNameList/StyleNameScope document-root null scope mapped; shadow TreeScope population and HasTreeScopedReference owner partial
UnicodeBidi	literal branches	third_party/blink/renderer/core/css/css_properties.json5	6790	generated keyword grammar	functions/math/var and context-dependent extensions
UserSelect	literal branches	third_party/blink/renderer/core/css/css_properties.json5	8132	generated keyword grammar	functions/math/var and context-dependent extensions
VectorEffect	literal branches	third_party/blink/renderer/core/css/css_properties.json5	6807	generated keyword grammar	functions/math/var and context-dependent extensions
VerticalAlign	typed consumer branches	third_party/blink/renderer/core/css/properties/longhands/longhands_custom.cc	10776	VerticalAlign::ParseSingleValue / ConsumeIdentRange / ConsumeLengthOrPercent	shared CSSMath unsupported functions/typed arithmetic; real relative-unit contexts
ViewTimeline	typed consumer branches	third_party/blink/renderer/core/css/properties/shorthands/shorthands_custom.cc	5671	ViewTimeline::ParseShorthand	CSSIdentFunction test runtime branch (stable disabled); definition names use native unscoped AtomicString; shadow timeline consumption/HasTreeScopedReference owner outside this batch; shared CSSMath unsupported functions/typed arithmetic; font-metric/container-relative length conversion; standardized-browser-zoom parent re-conversion owner (stable enabled)
ViewTimelineAxis	stable consumer complete	third_party/blink/renderer/core/css/properties/longhands/longhands_custom.cc	10849	ConsumeCommaSeparatedList	none
ViewTimelineInset	typed consumer branches	third_party/blink/renderer/core/css/properties/longhands/longhands_custom.cc	10880	ConsumeCommaSeparatedList	shared CSSMath unsupported functions/typed arithmetic; font-metric/container-relative length conversion; standardized-browser-zoom parent re-conversion owner (stable enabled)
ViewTimelineName	stable literal consumer branches	third_party/blink/renderer/core/css/properties/longhands/longhands_custom.cc	10912	ConsumeCommaSeparatedList	CSSIdentFunction test runtime branch (stable disabled); definition names use native unscoped AtomicString; shadow timeline consumption/HasTreeScopedReference owner outside this batch
ViewTransitionClass	stable literal consumer branches	third_party/blink/renderer/core/css/properties/longhands/longhands_custom.cc	8100	ConsumeIdent	CSSIdentFunction test runtime branch (stable disabled); shadow CSSCustomIdentValue TreeScope population and HasTreeScopedReference owner
ViewTransitionGroup	stable literal consumer branches	third_party/blink/renderer/core/css/properties/longhands/longhands_custom.cc	8131	ConsumeIdent	CSSIdentFunction test runtime branch (stable disabled); shadow CSSCustomIdentValue TreeScope population and HasTreeScopedReference owner; contextual nearest/contain/group hierarchy resolution belongs to view-transition runtime, outside style conversion
ViewTransitionName	stable literal consumer branches	third_party/blink/renderer/core/css/properties/longhands/longhands_custom.cc	8061	ConsumeIdent	CSSIdentFunction test runtime branch (stable disabled); shadow CSSCustomIdentValue TreeScope population and HasTreeScopedReference owner; CSSViewTransitionAutoName experimental runtime branch (stable disabled); match-element requires real Document TreeScope binding
ViewTransitionScope	literal branches	third_party/blink/renderer/core/css/css_properties.json5	6911	generated keyword grammar	functions/math/var and context-dependent extensions
Visibility	literal branches	third_party/blink/renderer/core/css/css_properties.json5	6921	generated keyword grammar	functions/math/var and context-dependent extensions
WebkitBorderHorizontalSpacing	typed consumer branches	third_party/blink/renderer/core/css/properties/longhands/longhands_custom.cc	11033	ConsumeLength	font-metric/container-relative length conversion; standardized browser zoom inheritance adapter
WebkitBorderImage	typed consumer branches	out/Min/gen/third_party/blink/renderer/core/css/properties/longhands.cc	18255	ConsumeWebkitBorderImage / ConsumeBorderImageComponents / default fill	generated/image-set/light-dark image subtypes; URL context/request modifiers/referrer; shared CSSMath unsupported functions/typed arithmetic and extended gradient/color collaborators
WebkitBorderVerticalSpacing	typed consumer branches	third_party/blink/renderer/core/css/properties/longhands/longhands_custom.cc	11069	ConsumeLength	font-metric/container-relative length conversion; standardized browser zoom inheritance adapter
WebkitBoxAlign	literal branches	third_party/blink/renderer/core/css/css_properties.json5	7064	generated keyword grammar	functions/math/var and context-dependent extensions
WebkitBoxDirection	literal branches	third_party/blink/renderer/core/css/css_properties.json5	7082	generated keyword grammar	functions/math/var and context-dependent extensions
WebkitBoxFlex	literal branches	third_party/blink/renderer/core/css/properties/longhands/longhands_custom.cc	11111	ConsumeNumber	functions/math/var and context-dependent extensions
WebkitBoxOrdinalGroup	typed consumer branches	out/Min/gen/third_party/blink/renderer/core/css/properties/longhands.cc	18431	ConsumePositiveInteger / positive integer math and native unsigned clamp	shared CSSMath unsupported functions/typed arithmetic and real context-dependent math resolver
WebkitBoxOrient	literal branches	third_party/blink/renderer/core/css/css_properties.json5	7113	generated keyword grammar	functions/math/var and context-dependent extensions
WebkitBoxPack	literal branches	third_party/blink/renderer/core/css/css_properties.json5	7122	generated keyword grammar	functions/math/var and context-dependent extensions
WebkitBoxReflect	typed consumer branches	third_party/blink/renderer/core/css/properties/longhands/longhands_custom.cc	11185	ConsumeReflect / typed direction-offset-mask; reuse ConsumeWebkitBorderImage; bare none Invalid in source parser	real fetched URL image binding; shared image/gradient and CSSMath/relative-unit contexts; standardized changed-zoom inheritance owner
WebkitColumnBreakAfter	stable consumer complete	third_party/blink/renderer/core/css/properties/shorthands/shorthands_custom.cc	5694	ConsumeFromColumnBreakBetween / always to column, auto-avoid	none
WebkitColumnBreakBefore	stable consumer complete	third_party/blink/renderer/core/css/properties/shorthands/shorthands_custom.cc	5721	ConsumeFromColumnBreakBetween / always to column, auto-avoid	none
WebkitColumnBreakInside	stable consumer complete	third_party/blink/renderer/core/css/properties/shorthands/shorthands_custom.cc	5748	ConsumeFromColumnOrPageBreakInside / auto-avoid	none
WebkitLineClamp	typed consumer branches	third_party/blink/renderer/core/css/properties/longhands/longhands_custom.cc	11253	WebkitLineClamp::ParseSingleValue / none or ConsumePositiveInteger	shared CSSMath unsupported functions/typed arithmetic
WebkitLocale	stable consumer complete	third_party/blink/renderer/core/css/properties/longhands/longhands_custom.cc	11344	ConsumeIdent	native LayoutLocale::GetShared handle/FontDescription staging mapped; existing native cache is global rather than Chromium per-thread, ICU script collaborator partial; full production FontBuilderBackend font-selector/metrics lifecycle and shadow/document locale context owner remain pending
WebkitMaskBoxImage	typed consumer branches	third_party/blink/renderer/core/css/properties/shorthands/shorthands_custom.cc	5960	WebkitMaskBoxImage::ParseShorthand	generated/image-set/light-dark image subtypes; URL context/request modifiers/referrer; extended gradient/color collaborators; shared CSSMath unsupported functions/typed arithmetic
WebkitMaskBoxImageOutset	typed consumer branches	out/Min/gen/third_party/blink/renderer/core/css/properties/longhands.cc	18621	ConsumeBorderImageOutset	shared CSSMath unsupported functions/typed arithmetic
WebkitMaskBoxImageRepeat	stable consumer complete	third_party/blink/renderer/core/css/properties/longhands/longhands_custom.cc	11386	ConsumeBorderImageRepeat	none
WebkitMaskBoxImageSlice	typed consumer branches	third_party/blink/renderer/core/css/properties/longhands/longhands_custom.cc	11401	ConsumeBorderImageSlice	shared CSSMath unsupported functions/typed arithmetic
WebkitMaskBoxImageSource	typed consumer branches	out/Min/gen/third_party/blink/renderer/core/css/properties/longhands.cc	18753	ConsumeImageOrNone	generated/image-set/light-dark image subtypes; URL context/request modifiers/referrer; extended gradient/color collaborators; shared CSSMath unsupported functions/typed arithmetic
WebkitMaskBoxImageWidth	typed consumer branches	out/Min/gen/third_party/blink/renderer/core/css/properties/longhands.cc	18785	ConsumeBorderImageWidth	shared CSSMath unsupported functions/typed arithmetic
WebkitMaskPositionX	typed consumer branches	third_party/blink/renderer/core/css/properties/longhands/longhands_custom.cc	11589	ConsumeCommaSeparatedList	shared CSSMath unsupported functions/typed arithmetic; source position use counters (document owner)
WebkitMaskPositionY	typed consumer branches	third_party/blink/renderer/core/css/properties/longhands/longhands_custom.cc	11614	ConsumeCommaSeparatedList	shared CSSMath unsupported functions/typed arithmetic; source position use counters (document owner)
WebkitPerspectiveOriginX	typed consumer branches	third_party/blink/renderer/core/css/properties/longhands/longhands_custom.cc	11672	ConsumePositionLonghand	extended CSSMath functions (trig/round/mod/rem/pow/sqrt/hypot/log/exp/anchor/calc-size/progress/random); typed exponent arithmetic; use counters
WebkitPerspectiveOriginY	typed consumer branches	third_party/blink/renderer/core/css/properties/longhands/longhands_custom.cc	11696	ConsumePositionLonghand	extended CSSMath functions (trig/round/mod/rem/pow/sqrt/hypot/log/exp/anchor/calc-size/progress/random); typed exponent arithmetic; use counters
WebkitRtlOrdering	literal branches	third_party/blink/renderer/core/css/css_properties.json5	7874	generated keyword grammar	functions/math/var and context-dependent extensions
WebkitTapHighlightColor	literal branches	out/Min/gen/third_party/blink/renderer/core/css/properties/longhands.cc	19098	ConsumeColor	functions/math/var and context-dependent extensions
WebkitTextDecorationsInEffect	stable consumer complete	third_party/blink/renderer/core/css/properties/longhands/longhands_custom.cc	11854	ConsumeTextDecorationLine / existing canonical decoration-line consumer	none
WebkitTextFillColor	literal branches	out/Min/gen/third_party/blink/renderer/core/css/properties/longhands.cc	19185	ConsumeColor	functions/math/var and context-dependent extensions
WebkitTextSecurity	literal branches	third_party/blink/renderer/core/css/css_properties.json5	8032	generated keyword grammar	functions/math/var and context-dependent extensions
WebkitTextStroke	typed consumer branches	third_party/blink/renderer/core/css/properties/shorthands/shorthands_custom.cc	6458	WebkitTextStroke::ParseShorthand	shared CSSMath unsupported functions/typed arithmetic; font-metric/container-relative length conversion; standardized browser zoom parent re-conversion owner (stable enabled); ConsumeColor advanced/system/provider context and NonFiniteValues; CSSAlphaColorFunction/CSSContrastColor stable enabled
WebkitTextStrokeColor	typed consumer branches	out/Min/gen/third_party/blink/renderer/core/css/properties/longhands.cc	19251	ConsumeColor	ConsumeColor advanced/system/provider context and NonFiniteValues; CSSAlphaColorFunction/CSSContrastColor stable enabled
WebkitTextStrokeWidth	typed consumer branches	third_party/blink/renderer/core/css/properties/longhands/longhands_custom.cc	12194	ConsumeLineWidth	shared CSSMath unsupported functions/typed arithmetic; font-metric/container-relative length conversion; standardized browser zoom parent re-conversion owner (stable enabled)
WebkitTransformOriginX	typed consumer branches	third_party/blink/renderer/core/css/properties/longhands/longhands_custom.cc	12255	ConsumePositionLonghand	extended CSSMath functions (trig/round/mod/rem/pow/sqrt/hypot/log/exp/anchor/calc-size/progress/random); typed exponent arithmetic; use counters
WebkitTransformOriginY	typed consumer branches	third_party/blink/renderer/core/css/properties/longhands/longhands_custom.cc	12297	ConsumePositionLonghand	extended CSSMath functions (trig/round/mod/rem/pow/sqrt/hypot/log/exp/anchor/calc-size/progress/random); typed exponent arithmetic; use counters
WebkitTransformOriginZ	typed consumer branches	third_party/blink/renderer/core/css/properties/longhands/longhands_custom.cc	12321	ConsumeLength	extended CSSMath functions (trig/round/mod/rem/pow/sqrt/hypot/log/exp/anchor/calc-size/progress/random); typed exponent arithmetic; use counters
WebkitUserDrag	literal branches	third_party/blink/renderer/core/css/css_properties.json5	8110	generated keyword grammar	functions/math/var and context-dependent extensions
WebkitUserModify	literal branches	third_party/blink/renderer/core/css/css_properties.json5	8120	generated keyword grammar	functions/math/var and context-dependent extensions
WhiteSpace	stable consumer complete	third_party/blink/renderer/core/css/properties/shorthands/shorthands_custom.cc	6478	WhiteSpace::ParseShorthand	none
WhiteSpaceCollapse	stable consumer complete	third_party/blink/renderer/core/css/css_properties.json5	8158	generated keyword grammar	none
Widows	typed consumer branches	out/Min/gen/third_party/blink/renderer/core/css/properties/longhands.cc	19487	ConsumePositiveInteger	shared CSSMath unsupported function/typed-arithmetic branches
Width	literal branches	third_party/blink/renderer/core/css/properties/longhands/longhands_custom.cc	12404	ConsumeWidthOrHeight	functions/math/var and context-dependent extensions
WillChange	stable consumer complete	third_party/blink/renderer/core/css/properties/longhands/longhands_custom.cc	12432	WillChange::ParseSingleValue / comma-separated ident tokens / ConsumeCustomIdent	none
WindowDrag	literal branches	third_party/blink/renderer/core/css/css_properties.json5	7000	generated keyword grammar	functions/math/var and context-dependent extensions
WordBreak	literal branches	third_party/blink/renderer/core/css/css_properties.json5	8265	generated keyword grammar	functions/math/var and context-dependent extensions
WordSpacing	literal branches	out/Min/gen/third_party/blink/renderer/core/css/properties/longhands.cc	19646	ParseSpacing	functions/math/var and context-dependent extensions
WritingMode	stable consumer complete	third_party/blink/renderer/core/css/css_properties.json5	1947	generated keyword grammar	none
X	stable consumer complete	third_party/blink/renderer/core/css/properties/longhands/longhands_custom.cc	12665	ConsumeSVGGeometryPropertyLength	none
Y	stable consumer complete	third_party/blink/renderer/core/css/properties/longhands/longhands_custom.cc	12681	ConsumeSVGGeometryPropertyLength	none
ZIndex	literal branches	third_party/blink/renderer/core/css/properties/longhands/longhands_custom.cc	12697	ConsumeIdent	CSSMathFunctionValue
Zoom	typed consumer branches	third_party/blink/renderer/core/css/properties/longhands/longhands_custom.cc	12722	ParserToken	shared CSSMath unsupported functions/typed arithmetic; effective-zoom changes require real production FontBuilderBackend/dirty/update-font phase and document/frame conversion hooks (typed Unsupported)
