cpp_file	cpp_line	rust_file	rust_line	adjustment
src/foundation/style_values/css/css_value_keywords.h	19	crates/foundation/src/css_value_id.rs	8	
src/foundation/style_values/css/css_value_keywords.h	20	crates/foundation/src/css_value_id.rs	9	
src/foundation/style_values/css/css_value_keywords.h	21	crates/foundation/src/css_value_id.rs	10	
src/foundation/style_values/css/css_value_keywords.h	22	crates/foundation/src/css_value_id.rs	11	
src/foundation/style_values/css/css_value_keywords.h	23	crates/foundation/src/css_value_id.rs	12	
src/foundation/style_values/css/css_value_keywords.h	24	crates/foundation/src/css_value_id.rs	13	
src/foundation/style_values/css/css_value_keywords.h	25	crates/foundation/src/css_value_id.rs	14	
src/foundation/style_values/css/css_value_keywords.h	26	crates/foundation/src/css_value_id.rs	15	
src/foundation/style_values/css/css_value_keywords.h	27	crates/foundation/src/css_value_id.rs	16	
src/foundation/style_values/css/css_value_keywords.h	28	crates/foundation/src/css_value_id.rs	17	
src/foundation/style_values/css/css_value_keywords.h	29	crates/foundation/src/css_value_id.rs	18	
src/foundation/style_values/css/css_value_keywords.h	30	crates/foundation/src/css_value_id.rs	19	
src/foundation/style_values/css/css_value_keywords.h	31	crates/foundation/src/css_value_id.rs	20	
src/foundation/style_values/css/css_value_keywords.h	32	crates/foundation/src/css_value_id.rs	21	
src/foundation/style_values/css/css_value_keywords.h	33	crates/foundation/src/css_value_id.rs	22	
src/foundation/style_values/css/css_value_keywords.h	34	crates/foundation/src/css_value_id.rs	23	
src/foundation/style_values/css/css_value_keywords.h	35	crates/foundation/src/css_value_id.rs	24	
src/foundation/style_values/css/css_value_keywords.h	36	crates/foundation/src/css_value_id.rs	25	
src/foundation/style_values/css/css_value_keywords.h	37	crates/foundation/src/css_value_id.rs	26	
src/foundation/style_values/css/css_value_keywords.h	38	crates/foundation/src/css_value_id.rs	27	
src/foundation/style_values/css/css_value_keywords.h	39	crates/foundation/src/css_value_id.rs	28	
src/foundation/style_values/css/css_value_keywords.h	40	crates/foundation/src/css_value_id.rs	29	
src/foundation/style_values/css/css_value_keywords.h	41	crates/foundation/src/css_value_id.rs	30	
src/foundation/style_values/css/css_value_keywords.h	42	crates/foundation/src/css_value_id.rs	31	
src/foundation/style_values/css/css_value_keywords.h	43	crates/foundation/src/css_value_id.rs	32	
src/foundation/style_values/css/css_value_keywords.h	44	crates/foundation/src/css_value_id.rs	33	
src/foundation/style_values/css/css_value_keywords.h	45	crates/foundation/src/css_value_id.rs	34	
src/foundation/style_values/css/css_value_keywords.h	46	crates/foundation/src/css_value_id.rs	35	
src/foundation/style_values/css/css_value_keywords.h	47	crates/foundation/src/css_value_id.rs	36	
src/foundation/style_values/css/css_value_keywords.h	48	crates/foundation/src/css_value_id.rs	37	
src/foundation/style_values/css/css_value_keywords.h	49	crates/foundation/src/css_value_id.rs	38	
src/foundation/style_values/css/css_value_keywords.h	50	crates/foundation/src/css_value_id.rs	39	
src/foundation/style_values/css/css_value_keywords.h	51	crates/foundation/src/css_value_id.rs	40	
src/foundation/style_values/css/css_value_keywords.h	52	crates/foundation/src/css_value_id.rs	41	
src/foundation/style_values/css/css_value_keywords.h	53	crates/foundation/src/css_value_id.rs	42	
src/foundation/style_values/css/css_value_keywords.h	54	crates/foundation/src/css_value_id.rs	43	
src/foundation/style_values/css/css_value_keywords.h	55	crates/foundation/src/css_value_id.rs	44	
src/foundation/style_values/css/css_value_keywords.h	56	crates/foundation/src/css_value_id.rs	45	
src/foundation/style_values/css/css_value_keywords.h	57	crates/foundation/src/css_value_id.rs	46	
src/foundation/style_values/css/css_value_keywords.h	58	crates/foundation/src/css_value_id.rs	47	
src/foundation/style_values/css/css_value_keywords.h	59	crates/foundation/src/css_value_id.rs	48	
src/foundation/style_values/css/css_value_keywords.h	60	crates/foundation/src/css_value_id.rs	49	
src/foundation/style_values/css/css_value_keywords.h	61	crates/foundation/src/css_value_id.rs	50	
src/foundation/style_values/css/css_value_keywords.h	62	crates/foundation/src/css_value_id.rs	51	
src/foundation/style_values/css/css_value_keywords.h	63	crates/foundation/src/css_value_id.rs	52	
src/foundation/style_values/css/css_value_keywords.h	64	crates/foundation/src/css_value_id.rs	53	
src/foundation/style_values/css/css_value_keywords.h	65	crates/foundation/src/css_value_id.rs	54	
src/foundation/style_values/css/css_value_keywords.h	66	crates/foundation/src/css_value_id.rs	55	
src/foundation/style_values/css/css_value_keywords.h	67	crates/foundation/src/css_value_id.rs	56	
src/foundation/style_values/css/css_value_keywords.h	68	crates/foundation/src/css_value_id.rs	57	
src/foundation/style_values/css/css_value_keywords.h	69	crates/foundation/src/css_value_id.rs	58	
src/foundation/style_values/css/css_value_keywords.h	70	crates/foundation/src/css_value_id.rs	59	
src/foundation/style_values/css/css_value_keywords.h	71	crates/foundation/src/css_value_id.rs	60	
src/foundation/style_values/css/css_value_keywords.h	72	crates/foundation/src/css_value_id.rs	61	
src/foundation/style_values/css/css_value_keywords.h	73	crates/foundation/src/css_value_id.rs	62	
src/foundation/style_values/css/css_value_keywords.h	74	crates/foundation/src/css_value_id.rs	63	
src/foundation/style_values/css/css_value_keywords.h	75	crates/foundation/src/css_value_id.rs	64	
src/foundation/style_values/css/css_value_keywords.h	76	crates/foundation/src/css_value_id.rs	65	
src/foundation/style_values/css/css_value_keywords.h	77	crates/foundation/src/css_value_id.rs	66	
src/foundation/style_values/css/css_value_keywords.h	78	crates/foundation/src/css_value_id.rs	67	
src/foundation/style_values/css/css_value_keywords.h	79	crates/foundation/src/css_value_id.rs	68	
src/foundation/style_values/css/css_value_keywords.h	80	crates/foundation/src/css_value_id.rs	69	
src/foundation/style_values/css/css_value_keywords.h	81	crates/foundation/src/css_value_id.rs	70	
src/foundation/style_values/css/css_value_keywords.h	82	crates/foundation/src/css_value_id.rs	71	
src/foundation/style_values/css/css_value_keywords.h	83	crates/foundation/src/css_value_id.rs	72	
src/foundation/style_values/css/css_value_keywords.h	84	crates/foundation/src/css_value_id.rs	73	
src/foundation/style_values/css/css_value_keywords.h	85	crates/foundation/src/css_value_id.rs	74	
src/foundation/style_values/css/css_value_keywords.h	86	crates/foundation/src/css_value_id.rs	75	
src/foundation/style_values/css/css_value_keywords.h	87	crates/foundation/src/css_value_id.rs	76	
src/foundation/style_values/css/css_value_keywords.h	88	crates/foundation/src/css_value_id.rs	77	
src/foundation/style_values/css/css_value_keywords.h	89	crates/foundation/src/css_value_id.rs	78	
src/foundation/style_values/css/css_value_keywords.h	90	crates/foundation/src/css_value_id.rs	79	
src/foundation/style_values/css/css_value_keywords.h	91	crates/foundation/src/css_value_id.rs	80	
src/foundation/style_values/css/css_value_keywords.h	92	crates/foundation/src/css_value_id.rs	81	
src/foundation/style_values/css/css_value_keywords.h	93	crates/foundation/src/css_value_id.rs	82	
src/foundation/style_values/css/css_value_keywords.h	94	crates/foundation/src/css_value_id.rs	83	
src/foundation/style_values/css/css_value_keywords.h	95	crates/foundation/src/css_value_id.rs	84	
src/foundation/style_values/css/css_value_keywords.h	96	crates/foundation/src/css_value_id.rs	85	
src/foundation/style_values/css/css_value_keywords.h	97	crates/foundation/src/css_value_id.rs	86	
src/foundation/style_values/css/css_value_keywords.h	98	crates/foundation/src/css_value_id.rs	87	
src/foundation/style_values/css/css_value_keywords.h	99	crates/foundation/src/css_value_id.rs	88	
src/foundation/style_values/css/css_value_keywords.h	100	crates/foundation/src/css_value_id.rs	89	
src/foundation/style_values/css/css_value_keywords.h	101	crates/foundation/src/css_value_id.rs	90	
src/foundation/style_values/css/css_value_keywords.h	102	crates/foundation/src/css_value_id.rs	91	
src/foundation/style_values/css/css_value_keywords.h	103	crates/foundation/src/css_value_id.rs	92	
src/foundation/style_values/css/css_value_keywords.h	104	crates/foundation/src/css_value_id.rs	93	
src/foundation/style_values/css/css_value_keywords.h	105	crates/foundation/src/css_value_id.rs	94	
src/foundation/style_values/css/css_value_keywords.h	106	crates/foundation/src/css_value_id.rs	95	
src/foundation/style_values/css/css_value_keywords.h	107	crates/foundation/src/css_value_id.rs	96	
src/foundation/style_values/css/css_value_keywords.h	108	crates/foundation/src/css_value_id.rs	97	
src/foundation/style_values/css/css_value_keywords.h	109	crates/foundation/src/css_value_id.rs	98	
src/foundation/style_values/css/css_value_keywords.h	110	crates/foundation/src/css_value_id.rs	99	
src/foundation/style_values/css/css_value_keywords.h	111	crates/foundation/src/css_value_id.rs	100	
src/foundation/style_values/css/css_value_keywords.h	112	crates/foundation/src/css_value_id.rs	101	
src/foundation/style_values/css/css_value_keywords.h	113	crates/foundation/src/css_value_id.rs	102	
src/foundation/style_values/css/css_value_keywords.h	114	crates/foundation/src/css_value_id.rs	103	
src/foundation/style_values/css/css_value_keywords.h	115	crates/foundation/src/css_value_id.rs	104	
src/foundation/style_values/css/css_value_keywords.h	116	crates/foundation/src/css_value_id.rs	105	
src/foundation/style_values/css/css_value_keywords.h	117	crates/foundation/src/css_value_id.rs	106	
src/foundation/style_values/css/css_value_keywords.h	118	crates/foundation/src/css_value_id.rs	107	
src/foundation/style_values/css/css_value_keywords.h	119	crates/foundation/src/css_value_id.rs	108	
src/foundation/style_values/css/css_value_keywords.h	120	crates/foundation/src/css_value_id.rs	109	
src/foundation/style_values/css/css_value_keywords.h	121	crates/foundation/src/css_value_id.rs	110	
src/foundation/style_values/css/css_value_keywords.h	122	crates/foundation/src/css_value_id.rs	111	
src/foundation/style_values/css/css_value_keywords.h	123	crates/foundation/src/css_value_id.rs	112	
src/foundation/style_values/css/css_value_keywords.h	124	crates/foundation/src/css_value_id.rs	113	
src/foundation/style_values/css/css_value_keywords.h	125	crates/foundation/src/css_value_id.rs	114	
src/foundation/style_values/css/css_value_keywords.h	126	crates/foundation/src/css_value_id.rs	115	
src/foundation/style_values/css/css_value_keywords.h	127	crates/foundation/src/css_value_id.rs	116	
src/foundation/style_values/css/css_value_keywords.h	128	crates/foundation/src/css_value_id.rs	117	
src/foundation/style_values/css/css_value_keywords.h	129	crates/foundation/src/css_value_id.rs	118	
src/foundation/style_values/css/css_value_keywords.h	130	crates/foundation/src/css_value_id.rs	119	
src/foundation/style_values/css/css_value_keywords.h	131	crates/foundation/src/css_value_id.rs	120	
src/foundation/style_values/css/css_value_keywords.h	132	crates/foundation/src/css_value_id.rs	121	
src/foundation/style_values/css/css_value_keywords.h	133	crates/foundation/src/css_value_id.rs	122	
src/foundation/style_values/css/css_value_keywords.h	134	crates/foundation/src/css_value_id.rs	123	
src/foundation/style_values/css/css_value_keywords.h	135	crates/foundation/src/css_value_id.rs	124	
src/foundation/style_values/css/css_value_keywords.h	136	crates/foundation/src/css_value_id.rs	125	
src/foundation/style_values/css/css_value_keywords.h	137	crates/foundation/src/css_value_id.rs	126	
src/foundation/style_values/css/css_value_keywords.h	138	crates/foundation/src/css_value_id.rs	127	
src/foundation/style_values/css/css_value_keywords.h	139	crates/foundation/src/css_value_id.rs	128	
src/foundation/style_values/css/css_value_keywords.h	140	crates/foundation/src/css_value_id.rs	129	
src/foundation/style_values/css/css_value_keywords.h	141	crates/foundation/src/css_value_id.rs	130	
src/foundation/style_values/css/css_value_keywords.h	142	crates/foundation/src/css_value_id.rs	131	
src/foundation/style_values/css/css_value_keywords.h	143	crates/foundation/src/css_value_id.rs	132	
src/foundation/style_values/css/css_value_keywords.h	144	crates/foundation/src/css_value_id.rs	133	
src/foundation/style_values/css/css_value_keywords.h	145	crates/foundation/src/css_value_id.rs	134	
src/foundation/style_values/css/css_value_keywords.h	146	crates/foundation/src/css_value_id.rs	135	
src/foundation/style_values/css/css_value_keywords.h	147	crates/foundation/src/css_value_id.rs	136	
src/foundation/style_values/css/css_value_keywords.h	148	crates/foundation/src/css_value_id.rs	137	
src/foundation/style_values/css/css_value_keywords.h	149	crates/foundation/src/css_value_id.rs	138	
src/foundation/style_values/css/css_value_keywords.h	150	crates/foundation/src/css_value_id.rs	139	
src/foundation/style_values/css/css_value_keywords.h	151	crates/foundation/src/css_value_id.rs	140	
src/foundation/style_values/css/css_value_keywords.h	152	crates/foundation/src/css_value_id.rs	141	
src/foundation/style_values/css/css_value_keywords.h	153	crates/foundation/src/css_value_id.rs	142	
src/foundation/style_values/css/css_value_keywords.h	154	crates/foundation/src/css_value_id.rs	143	
src/foundation/style_values/css/css_value_keywords.h	155	crates/foundation/src/css_value_id.rs	144	
src/foundation/style_values/css/css_value_keywords.h	156	crates/foundation/src/css_value_id.rs	145	
src/foundation/style_values/css/css_value_keywords.h	157	crates/foundation/src/css_value_id.rs	146	
src/foundation/style_values/css/css_value_keywords.h	158	crates/foundation/src/css_value_id.rs	147	
src/foundation/style_values/css/css_value_keywords.h	159	crates/foundation/src/css_value_id.rs	148	
src/foundation/style_values/css/css_value_keywords.h	160	crates/foundation/src/css_value_id.rs	149	
src/foundation/style_values/css/css_value_keywords.h	161	crates/foundation/src/css_value_id.rs	150	
src/foundation/style_values/css/css_value_keywords.h	162	crates/foundation/src/css_value_id.rs	151	
src/foundation/style_values/css/css_value_keywords.h	163	crates/foundation/src/css_value_id.rs	152	
src/foundation/style_values/css/css_value_keywords.h	164	crates/foundation/src/css_value_id.rs	153	
src/foundation/style_values/css/css_value_keywords.h	165	crates/foundation/src/css_value_id.rs	154	
src/foundation/style_values/css/css_value_keywords.h	166	crates/foundation/src/css_value_id.rs	155	
src/foundation/style_values/css/css_value_keywords.h	167	crates/foundation/src/css_value_id.rs	156	
src/foundation/style_values/css/css_value_keywords.h	168	crates/foundation/src/css_value_id.rs	157	
src/foundation/style_values/css/css_value_keywords.h	169	crates/foundation/src/css_value_id.rs	158	
src/foundation/style_values/css/css_value_keywords.h	170	crates/foundation/src/css_value_id.rs	159	
src/foundation/style_values/css/css_value_keywords.h	171	crates/foundation/src/css_value_id.rs	160	
src/foundation/style_values/css/css_value_keywords.h	172	crates/foundation/src/css_value_id.rs	161	
src/foundation/style_values/css/css_value_keywords.h	173	crates/foundation/src/css_value_id.rs	162	
src/foundation/style_values/css/css_value_keywords.h	174	crates/foundation/src/css_value_id.rs	163	
src/foundation/style_values/css/css_value_keywords.h	175	crates/foundation/src/css_value_id.rs	164	
src/foundation/style_values/css/css_value_keywords.h	176	crates/foundation/src/css_value_id.rs	165	
src/foundation/style_values/css/css_value_keywords.h	177	crates/foundation/src/css_value_id.rs	166	
src/foundation/style_values/css/css_value_keywords.h	178	crates/foundation/src/css_value_id.rs	167	
src/foundation/style_values/css/css_value_keywords.h	179	crates/foundation/src/css_value_id.rs	168	
src/foundation/style_values/css/css_value_keywords.h	180	crates/foundation/src/css_value_id.rs	169	
src/foundation/style_values/css/css_value_keywords.h	181	crates/foundation/src/css_value_id.rs	170	
src/foundation/style_values/css/css_value_keywords.h	182	crates/foundation/src/css_value_id.rs	171	
src/foundation/style_values/css/css_value_keywords.h	183	crates/foundation/src/css_value_id.rs	172	
src/foundation/style_values/css/css_value_keywords.h	184	crates/foundation/src/css_value_id.rs	173	
src/foundation/style_values/css/css_value_keywords.h	185	crates/foundation/src/css_value_id.rs	174	
src/foundation/style_values/css/css_value_keywords.h	186	crates/foundation/src/css_value_id.rs	175	
src/foundation/style_values/css/css_value_keywords.h	187	crates/foundation/src/css_value_id.rs	176	
src/foundation/style_values/css/css_value_keywords.h	188	crates/foundation/src/css_value_id.rs	177	
src/foundation/style_values/css/css_value_keywords.h	189	crates/foundation/src/css_value_id.rs	178	
src/foundation/style_values/css/css_value_keywords.h	190	crates/foundation/src/css_value_id.rs	179	
src/foundation/style_values/css/css_value_keywords.h	191	crates/foundation/src/css_value_id.rs	180	
src/foundation/style_values/css/css_value_keywords.h	192	crates/foundation/src/css_value_id.rs	181	
src/foundation/style_values/css/css_value_keywords.h	193	crates/foundation/src/css_value_id.rs	182	
src/foundation/style_values/css/css_value_keywords.h	194	crates/foundation/src/css_value_id.rs	183	
src/foundation/style_values/css/css_value_keywords.h	195	crates/foundation/src/css_value_id.rs	184	
src/foundation/style_values/css/css_value_keywords.h	196	crates/foundation/src/css_value_id.rs	185	
src/foundation/style_values/css/css_value_keywords.h	197	crates/foundation/src/css_value_id.rs	186	
src/foundation/style_values/css/css_value_keywords.h	198	crates/foundation/src/css_value_id.rs	187	
src/foundation/style_values/css/css_value_keywords.h	199	crates/foundation/src/css_value_id.rs	188	
src/foundation/style_values/css/css_value_keywords.h	200	crates/foundation/src/css_value_id.rs	189	
src/foundation/style_values/css/css_value_keywords.h	201	crates/foundation/src/css_value_id.rs	190	
src/foundation/style_values/css/css_value_keywords.h	202	crates/foundation/src/css_value_id.rs	191	
src/foundation/style_values/css/css_value_keywords.h	203	crates/foundation/src/css_value_id.rs	192	
src/foundation/style_values/css/css_value_keywords.h	204	crates/foundation/src/css_value_id.rs	193	
src/foundation/style_values/css/css_value_keywords.h	205	crates/foundation/src/css_value_id.rs	194	
src/foundation/style_values/css/css_value_keywords.h	206	crates/foundation/src/css_value_id.rs	195	
src/foundation/style_values/css/css_value_keywords.h	207	crates/foundation/src/css_value_id.rs	196	
src/foundation/style_values/css/css_value_keywords.h	208	crates/foundation/src/css_value_id.rs	197	
src/foundation/style_values/css/css_value_keywords.h	209	crates/foundation/src/css_value_id.rs	198	
src/foundation/style_values/css/css_value_keywords.h	210	crates/foundation/src/css_value_id.rs	199	
src/foundation/style_values/css/css_value_keywords.h	211	crates/foundation/src/css_value_id.rs	200	
src/foundation/style_values/css/css_value_keywords.h	212	crates/foundation/src/css_value_id.rs	201	
src/foundation/style_values/css/css_value_keywords.h	213	crates/foundation/src/css_value_id.rs	202	
src/foundation/style_values/css/css_value_keywords.h	214	crates/foundation/src/css_value_id.rs	203	
src/foundation/style_values/css/css_value_keywords.h	215	crates/foundation/src/css_value_id.rs	204	
src/foundation/style_values/css/css_value_keywords.h	216	crates/foundation/src/css_value_id.rs	205	
src/foundation/style_values/css/css_value_keywords.h	217	crates/foundation/src/css_value_id.rs	206	
src/foundation/style_values/css/css_value_keywords.h	218	crates/foundation/src/css_value_id.rs	207	
src/foundation/style_values/css/css_value_keywords.h	219	crates/foundation/src/css_value_id.rs	208	
src/foundation/style_values/css/css_value_keywords.h	220	crates/foundation/src/css_value_id.rs	209	
src/foundation/style_values/css/css_value_keywords.h	221	crates/foundation/src/css_value_id.rs	210	
src/foundation/style_values/css/css_value_keywords.h	222	crates/foundation/src/css_value_id.rs	211	
src/foundation/style_values/css/css_value_keywords.h	223	crates/foundation/src/css_value_id.rs	212	
src/foundation/style_values/css/css_value_keywords.h	224	crates/foundation/src/css_value_id.rs	213	
src/foundation/style_values/css/css_value_keywords.h	225	crates/foundation/src/css_value_id.rs	214	
src/foundation/style_values/css/css_value_keywords.h	226	crates/foundation/src/css_value_id.rs	215	
src/foundation/style_values/css/css_value_keywords.h	227	crates/foundation/src/css_value_id.rs	216	
src/foundation/style_values/css/css_value_keywords.h	228	crates/foundation/src/css_value_id.rs	217	
src/foundation/style_values/css/css_value_keywords.h	229	crates/foundation/src/css_value_id.rs	218	
src/foundation/style_values/css/css_value_keywords.h	230	crates/foundation/src/css_value_id.rs	219	
src/foundation/style_values/css/css_value_keywords.h	231	crates/foundation/src/css_value_id.rs	220	
src/foundation/style_values/css/css_value_keywords.h	232	crates/foundation/src/css_value_id.rs	221	
src/foundation/style_values/css/css_value_keywords.h	233	crates/foundation/src/css_value_id.rs	222	
src/foundation/style_values/css/css_value_keywords.h	234	crates/foundation/src/css_value_id.rs	223	
src/foundation/style_values/css/css_value_keywords.h	235	crates/foundation/src/css_value_id.rs	224	
src/foundation/style_values/css/css_value_keywords.h	236	crates/foundation/src/css_value_id.rs	225	
src/foundation/style_values/css/css_value_keywords.h	237	crates/foundation/src/css_value_id.rs	226	
src/foundation/style_values/css/css_value_keywords.h	238	crates/foundation/src/css_value_id.rs	227	
src/foundation/style_values/css/css_value_keywords.h	239	crates/foundation/src/css_value_id.rs	228	
src/foundation/style_values/css/css_value_keywords.h	240	crates/foundation/src/css_value_id.rs	229	
src/foundation/style_values/css/css_value_keywords.h	241	crates/foundation/src/css_value_id.rs	230	
src/foundation/style_values/css/css_value_keywords.h	242	crates/foundation/src/css_value_id.rs	231	
src/foundation/style_values/css/css_value_keywords.h	243	crates/foundation/src/css_value_id.rs	232	
src/foundation/style_values/css/css_value_keywords.h	244	crates/foundation/src/css_value_id.rs	233	
src/foundation/style_values/css/css_value_keywords.h	245	crates/foundation/src/css_value_id.rs	234	
src/foundation/style_values/css/css_value_keywords.h	246	crates/foundation/src/css_value_id.rs	235	
src/foundation/style_values/css/css_value_keywords.h	247	crates/foundation/src/css_value_id.rs	236	
src/foundation/style_values/css/css_value_keywords.h	248	crates/foundation/src/css_value_id.rs	237	
src/foundation/style_values/css/css_value_keywords.h	249	crates/foundation/src/css_value_id.rs	238	
src/foundation/style_values/css/css_value_keywords.h	250	crates/foundation/src/css_value_id.rs	239	
src/foundation/style_values/css/css_value_keywords.h	251	crates/foundation/src/css_value_id.rs	240	
src/foundation/style_values/css/css_value_keywords.h	252	crates/foundation/src/css_value_id.rs	241	
src/foundation/style_values/css/css_value_keywords.h	253	crates/foundation/src/css_value_id.rs	242	
src/foundation/style_values/css/css_value_keywords.h	254	crates/foundation/src/css_value_id.rs	243	
src/foundation/style_values/css/css_value_keywords.h	255	crates/foundation/src/css_value_id.rs	244	
src/foundation/style_values/css/css_value_keywords.h	256	crates/foundation/src/css_value_id.rs	245	
src/foundation/style_values/css/css_value_keywords.h	257	crates/foundation/src/css_value_id.rs	246	
src/foundation/style_values/css/css_value_keywords.h	258	crates/foundation/src/css_value_id.rs	247	
src/foundation/style_values/css/css_value_keywords.h	259	crates/foundation/src/css_value_id.rs	248	
src/foundation/style_values/css/css_value_keywords.h	260	crates/foundation/src/css_value_id.rs	249	
src/foundation/style_values/css/css_value_keywords.h	261	crates/foundation/src/css_value_id.rs	250	
src/foundation/style_values/css/css_value_keywords.h	262	crates/foundation/src/css_value_id.rs	251	
src/foundation/style_values/css/css_value_keywords.h	263	crates/foundation/src/css_value_id.rs	252	
src/foundation/style_values/css/css_value_keywords.h	264	crates/foundation/src/css_value_id.rs	253	
src/foundation/style_values/css/css_value_keywords.h	265	crates/foundation/src/css_value_id.rs	254	
src/foundation/style_values/css/css_value_keywords.h	266	crates/foundation/src/css_value_id.rs	255	
src/foundation/style_values/css/css_value_keywords.h	267	crates/foundation/src/css_value_id.rs	256	
src/foundation/style_values/css/css_value_keywords.h	268	crates/foundation/src/css_value_id.rs	257	
src/foundation/style_values/css/css_value_keywords.h	269	crates/foundation/src/css_value_id.rs	258	
src/foundation/style_values/css/css_value_keywords.h	270	crates/foundation/src/css_value_id.rs	259	
src/foundation/style_values/css/css_value_keywords.h	271	crates/foundation/src/css_value_id.rs	260	
src/foundation/style_values/css/css_value_keywords.h	272	crates/foundation/src/css_value_id.rs	261	
src/foundation/style_values/css/css_value_keywords.h	273	crates/foundation/src/css_value_id.rs	262	
src/foundation/style_values/css/css_value_keywords.h	274	crates/foundation/src/css_value_id.rs	263	
src/foundation/style_values/css/css_value_keywords.h	275	crates/foundation/src/css_value_id.rs	264	
src/foundation/style_values/css/css_value_keywords.h	276	crates/foundation/src/css_value_id.rs	265	
src/foundation/style_values/css/css_value_keywords.h	277	crates/foundation/src/css_value_id.rs	266	
src/foundation/style_values/css/css_value_keywords.h	278	crates/foundation/src/css_value_id.rs	267	
src/foundation/style_values/css/css_value_keywords.h	279	crates/foundation/src/css_value_id.rs	268	
src/foundation/style_values/css/css_value_keywords.h	280	crates/foundation/src/css_value_id.rs	269	
src/foundation/style_values/css/css_value_keywords.h	281	crates/foundation/src/css_value_id.rs	270	
src/foundation/style_values/css/css_value_keywords.h	282	crates/foundation/src/css_value_id.rs	271	
src/foundation/style_values/css/css_value_keywords.h	283	crates/foundation/src/css_value_id.rs	272	
src/foundation/style_values/css/css_value_keywords.h	284	crates/foundation/src/css_value_id.rs	273	
src/foundation/style_values/css/css_value_keywords.h	285	crates/foundation/src/css_value_id.rs	274	
src/foundation/style_values/css/css_value_keywords.h	286	crates/foundation/src/css_value_id.rs	275	
src/foundation/style_values/css/css_value_keywords.h	287	crates/foundation/src/css_value_id.rs	276	
src/foundation/style_values/css/css_value_keywords.h	288	crates/foundation/src/css_value_id.rs	277	
src/foundation/style_values/css/css_value_keywords.h	289	crates/foundation/src/css_value_id.rs	278	
src/foundation/style_values/css/css_value_keywords.h	290	crates/foundation/src/css_value_id.rs	279	
src/foundation/style_values/css/css_value_keywords.h	291	crates/foundation/src/css_value_id.rs	280	
src/foundation/style_values/css/css_value_keywords.h	292	crates/foundation/src/css_value_id.rs	281	
src/foundation/style_values/css/css_value_keywords.h	293	crates/foundation/src/css_value_id.rs	282	
src/foundation/style_values/css/css_value_keywords.h	294	crates/foundation/src/css_value_id.rs	283	
src/foundation/style_values/css/css_value_keywords.h	295	crates/foundation/src/css_value_id.rs	284	
src/foundation/style_values/css/css_value_keywords.h	296	crates/foundation/src/css_value_id.rs	285	
src/foundation/style_values/css/css_value_keywords.h	297	crates/foundation/src/css_value_id.rs	286	
src/foundation/style_values/css/css_value_keywords.h	298	crates/foundation/src/css_value_id.rs	287	
src/foundation/style_values/css/css_value_keywords.h	299	crates/foundation/src/css_value_id.rs	288	
src/foundation/style_values/css/css_value_keywords.h	300	crates/foundation/src/css_value_id.rs	289	
src/foundation/style_values/css/css_value_keywords.h	301	crates/foundation/src/css_value_id.rs	290	
src/foundation/style_values/css/css_value_keywords.h	302	crates/foundation/src/css_value_id.rs	291	
src/foundation/style_values/css/css_value_keywords.h	303	crates/foundation/src/css_value_id.rs	292	
src/foundation/style_values/css/css_value_keywords.h	304	crates/foundation/src/css_value_id.rs	293	
src/foundation/style_values/css/css_value_keywords.h	305	crates/foundation/src/css_value_id.rs	294	
src/foundation/style_values/css/css_value_keywords.h	306	crates/foundation/src/css_value_id.rs	295	
src/foundation/style_values/css/css_value_keywords.h	307	crates/foundation/src/css_value_id.rs	296	
src/foundation/style_values/css/css_value_keywords.h	308	crates/foundation/src/css_value_id.rs	297	
src/foundation/style_values/css/css_value_keywords.h	309	crates/foundation/src/css_value_id.rs	298	
src/foundation/style_values/css/css_value_keywords.h	310	crates/foundation/src/css_value_id.rs	299	
src/foundation/style_values/css/css_value_keywords.h	311	crates/foundation/src/css_value_id.rs	300	
src/foundation/style_values/css/css_value_keywords.h	312	crates/foundation/src/css_value_id.rs	301	
src/foundation/style_values/css/css_value_keywords.h	313	crates/foundation/src/css_value_id.rs	302	
src/foundation/style_values/css/css_value_keywords.h	314	crates/foundation/src/css_value_id.rs	303	
src/foundation/style_values/css/css_value_keywords.h	315	crates/foundation/src/css_value_id.rs	304	
src/foundation/style_values/css/css_value_keywords.h	316	crates/foundation/src/css_value_id.rs	305	
src/foundation/style_values/css/css_value_keywords.h	317	crates/foundation/src/css_value_id.rs	306	
src/foundation/style_values/css/css_value_keywords.h	318	crates/foundation/src/css_value_id.rs	307	
src/foundation/style_values/css/css_value_keywords.h	319	crates/foundation/src/css_value_id.rs	308	
src/foundation/style_values/css/css_value_keywords.h	320	crates/foundation/src/css_value_id.rs	309	
src/foundation/style_values/css/css_value_keywords.h	321	crates/foundation/src/css_value_id.rs	310	
src/foundation/style_values/css/css_value_keywords.h	322	crates/foundation/src/css_value_id.rs	311	
src/foundation/style_values/css/css_value_keywords.h	323	crates/foundation/src/css_value_id.rs	312	
src/foundation/style_values/css/css_value_keywords.h	324	crates/foundation/src/css_value_id.rs	313	
src/foundation/style_values/css/css_value_keywords.h	325	crates/foundation/src/css_value_id.rs	314	
src/foundation/style_values/css/css_value_keywords.h	326	crates/foundation/src/css_value_id.rs	315	
src/foundation/style_values/css/css_value_keywords.h	327	crates/foundation/src/css_value_id.rs	316	
src/foundation/style_values/css/css_value_keywords.h	328	crates/foundation/src/css_value_id.rs	317	
src/foundation/style_values/css/css_value_keywords.h	329	crates/foundation/src/css_value_id.rs	318	
src/foundation/style_values/css/css_value_keywords.h	330	crates/foundation/src/css_value_id.rs	319	
src/foundation/style_values/css/css_value_keywords.h	331	crates/foundation/src/css_value_id.rs	320	
src/foundation/style_values/css/css_value_keywords.h	332	crates/foundation/src/css_value_id.rs	321	
src/foundation/style_values/css/css_value_keywords.h	333	crates/foundation/src/css_value_id.rs	322	
src/foundation/style_values/css/css_value_keywords.h	334	crates/foundation/src/css_value_id.rs	323	
src/foundation/style_values/css/css_value_keywords.h	335	crates/foundation/src/css_value_id.rs	324	
src/foundation/style_values/css/css_value_keywords.h	336	crates/foundation/src/css_value_id.rs	325	
src/foundation/style_values/css/css_value_keywords.h	337	crates/foundation/src/css_value_id.rs	326	
src/foundation/style_values/css/css_value_keywords.h	338	crates/foundation/src/css_value_id.rs	327	
src/foundation/style_values/css/css_value_keywords.h	339	crates/foundation/src/css_value_id.rs	328	
src/foundation/style_values/css/css_value_keywords.h	340	crates/foundation/src/css_value_id.rs	329	
src/foundation/style_values/css/css_value_keywords.h	341	crates/foundation/src/css_value_id.rs	330	
src/foundation/style_values/css/css_value_keywords.h	342	crates/foundation/src/css_value_id.rs	331	
src/foundation/style_values/css/css_value_keywords.h	343	crates/foundation/src/css_value_id.rs	332	
src/foundation/style_values/css/css_value_keywords.h	344	crates/foundation/src/css_value_id.rs	333	
src/foundation/style_values/css/css_value_keywords.h	345	crates/foundation/src/css_value_id.rs	334	
src/foundation/style_values/css/css_value_keywords.h	346	crates/foundation/src/css_value_id.rs	335	
src/foundation/style_values/css/css_value_keywords.h	347	crates/foundation/src/css_value_id.rs	336	
src/foundation/style_values/css/css_value_keywords.h	348	crates/foundation/src/css_value_id.rs	337	
src/foundation/style_values/css/css_value_keywords.h	349	crates/foundation/src/css_value_id.rs	338	
src/foundation/style_values/css/css_value_keywords.h	350	crates/foundation/src/css_value_id.rs	339	
src/foundation/style_values/css/css_value_keywords.h	351	crates/foundation/src/css_value_id.rs	340	
src/foundation/style_values/css/css_value_keywords.h	352	crates/foundation/src/css_value_id.rs	341	
src/foundation/style_values/css/css_value_keywords.h	353	crates/foundation/src/css_value_id.rs	342	
src/foundation/style_values/css/css_value_keywords.h	354	crates/foundation/src/css_value_id.rs	343	
src/foundation/style_values/css/css_value_keywords.h	355	crates/foundation/src/css_value_id.rs	344	
src/foundation/style_values/css/css_value_keywords.h	356	crates/foundation/src/css_value_id.rs	345	
src/foundation/style_values/css/css_value_keywords.h	357	crates/foundation/src/css_value_id.rs	346	
src/foundation/style_values/css/css_value_keywords.h	358	crates/foundation/src/css_value_id.rs	347	
src/foundation/style_values/css/css_value_keywords.h	359	crates/foundation/src/css_value_id.rs	348	
src/foundation/style_values/css/css_value_keywords.h	360	crates/foundation/src/css_value_id.rs	349	
src/foundation/style_values/css/css_value_keywords.h	361	crates/foundation/src/css_value_id.rs	350	
src/foundation/style_values/css/css_value_keywords.h	362	crates/foundation/src/css_value_id.rs	351	
src/foundation/style_values/css/css_value_keywords.h	363	crates/foundation/src/css_value_id.rs	352	
src/foundation/style_values/css/css_value_keywords.h	364	crates/foundation/src/css_value_id.rs	353	
src/foundation/style_values/css/css_value_keywords.h	365	crates/foundation/src/css_value_id.rs	354	
src/foundation/style_values/css/css_value_keywords.h	366	crates/foundation/src/css_value_id.rs	355	
src/foundation/style_values/css/css_value_keywords.h	367	crates/foundation/src/css_value_id.rs	356	
src/foundation/style_values/css/css_value_keywords.h	368	crates/foundation/src/css_value_id.rs	357	
src/foundation/style_values/css/css_value_keywords.h	369	crates/foundation/src/css_value_id.rs	358	
src/foundation/style_values/css/css_value_keywords.h	370	crates/foundation/src/css_value_id.rs	359	
src/foundation/style_values/css/css_value_keywords.h	371	crates/foundation/src/css_value_id.rs	360	
src/foundation/style_values/css/css_value_keywords.h	372	crates/foundation/src/css_value_id.rs	361	
src/foundation/style_values/css/css_value_keywords.h	373	crates/foundation/src/css_value_id.rs	362	
src/foundation/style_values/css/css_value_keywords.h	374	crates/foundation/src/css_value_id.rs	363	
src/foundation/style_values/css/css_value_keywords.h	375	crates/foundation/src/css_value_id.rs	364	
src/foundation/style_values/css/css_value_keywords.h	376	crates/foundation/src/css_value_id.rs	365	
src/foundation/style_values/css/css_value_keywords.h	377	crates/foundation/src/css_value_id.rs	366	
src/foundation/style_values/css/css_value_keywords.h	378	crates/foundation/src/css_value_id.rs	367	
src/foundation/style_values/css/css_value_keywords.h	379	crates/foundation/src/css_value_id.rs	368	
src/foundation/style_values/css/css_value_keywords.h	380	crates/foundation/src/css_value_id.rs	369	
src/foundation/style_values/css/css_value_keywords.h	381	crates/foundation/src/css_value_id.rs	370	
src/foundation/style_values/css/css_value_keywords.h	382	crates/foundation/src/css_value_id.rs	371	
src/foundation/style_values/css/css_value_keywords.h	383	crates/foundation/src/css_value_id.rs	372	
src/foundation/style_values/css/css_value_keywords.h	384	crates/foundation/src/css_value_id.rs	373	
src/foundation/style_values/css/css_value_keywords.h	385	crates/foundation/src/css_value_id.rs	374	
src/foundation/style_values/css/css_value_keywords.h	386	crates/foundation/src/css_value_id.rs	375	
src/foundation/style_values/css/css_value_keywords.h	387	crates/foundation/src/css_value_id.rs	376	
src/foundation/style_values/css/css_value_keywords.h	388	crates/foundation/src/css_value_id.rs	377	
src/foundation/style_values/css/css_value_keywords.h	389	crates/foundation/src/css_value_id.rs	378	
src/foundation/style_values/css/css_value_keywords.h	390	crates/foundation/src/css_value_id.rs	379	
src/foundation/style_values/css/css_value_keywords.h	391	crates/foundation/src/css_value_id.rs	380	
src/foundation/style_values/css/css_value_keywords.h	392	crates/foundation/src/css_value_id.rs	381	
src/foundation/style_values/css/css_value_keywords.h	393	crates/foundation/src/css_value_id.rs	382	
src/foundation/style_values/css/css_value_keywords.h	394	crates/foundation/src/css_value_id.rs	383	
src/foundation/style_values/css/css_value_keywords.h	395	crates/foundation/src/css_value_id.rs	384	
src/foundation/style_values/css/css_value_keywords.h	396	crates/foundation/src/css_value_id.rs	385	
src/foundation/style_values/css/css_value_keywords.h	397	crates/foundation/src/css_value_id.rs	386	
src/foundation/style_values/css/css_value_keywords.h	398	crates/foundation/src/css_value_id.rs	387	
src/foundation/style_values/css/css_value_keywords.h	399	crates/foundation/src/css_value_id.rs	388	
src/foundation/style_values/css/css_value_keywords.h	400	crates/foundation/src/css_value_id.rs	389	
src/foundation/style_values/css/css_value_keywords.h	401	crates/foundation/src/css_value_id.rs	390	
src/foundation/style_values/css/css_value_keywords.h	402	crates/foundation/src/css_value_id.rs	391	
src/foundation/style_values/css/css_value_keywords.h	403	crates/foundation/src/css_value_id.rs	392	
src/foundation/style_values/css/css_value_keywords.h	404	crates/foundation/src/css_value_id.rs	393	
src/foundation/style_values/css/css_value_keywords.h	405	crates/foundation/src/css_value_id.rs	394	
src/foundation/style_values/css/css_value_keywords.h	406	crates/foundation/src/css_value_id.rs	395	
src/foundation/style_values/css/css_value_keywords.h	407	crates/foundation/src/css_value_id.rs	396	
src/foundation/style_values/css/css_value_keywords.h	408	crates/foundation/src/css_value_id.rs	397	
src/foundation/style_values/css/css_value_keywords.h	409	crates/foundation/src/css_value_id.rs	398	
src/foundation/style_values/css/css_value_keywords.h	410	crates/foundation/src/css_value_id.rs	399	
src/foundation/style_values/css/css_value_keywords.h	411	crates/foundation/src/css_value_id.rs	400	
src/foundation/style_values/css/css_value_keywords.h	412	crates/foundation/src/css_value_id.rs	401	
src/foundation/style_values/css/css_value_keywords.h	413	crates/foundation/src/css_value_id.rs	402	
src/foundation/style_values/css/css_value_keywords.h	414	crates/foundation/src/css_value_id.rs	403	
src/foundation/style_values/css/css_value_keywords.h	415	crates/foundation/src/css_value_id.rs	404	
src/foundation/style_values/css/css_value_keywords.h	416	crates/foundation/src/css_value_id.rs	405	
src/foundation/style_values/css/css_value_keywords.h	417	crates/foundation/src/css_value_id.rs	406	
src/foundation/style_values/css/css_value_keywords.h	418	crates/foundation/src/css_value_id.rs	407	
src/foundation/style_values/css/css_value_keywords.h	419	crates/foundation/src/css_value_id.rs	408	
src/foundation/style_values/css/css_value_keywords.h	420	crates/foundation/src/css_value_id.rs	409	
src/foundation/style_values/css/css_value_keywords.h	421	crates/foundation/src/css_value_id.rs	410	
src/foundation/style_values/css/css_value_keywords.h	422	crates/foundation/src/css_value_id.rs	411	
src/foundation/style_values/css/css_value_keywords.h	423	crates/foundation/src/css_value_id.rs	412	
src/foundation/style_values/css/css_value_keywords.h	424	crates/foundation/src/css_value_id.rs	413	
src/foundation/style_values/css/css_value_keywords.h	425	crates/foundation/src/css_value_id.rs	414	
src/foundation/style_values/css/css_value_keywords.h	426	crates/foundation/src/css_value_id.rs	415	
src/foundation/style_values/css/css_value_keywords.h	427	crates/foundation/src/css_value_id.rs	416	
src/foundation/style_values/css/css_value_keywords.h	428	crates/foundation/src/css_value_id.rs	417	
src/foundation/style_values/css/css_value_keywords.h	429	crates/foundation/src/css_value_id.rs	418	
src/foundation/style_values/css/css_value_keywords.h	430	crates/foundation/src/css_value_id.rs	419	
src/foundation/style_values/css/css_value_keywords.h	431	crates/foundation/src/css_value_id.rs	420	
src/foundation/style_values/css/css_value_keywords.h	432	crates/foundation/src/css_value_id.rs	421	
src/foundation/style_values/css/css_value_keywords.h	433	crates/foundation/src/css_value_id.rs	422	
src/foundation/style_values/css/css_value_keywords.h	434	crates/foundation/src/css_value_id.rs	423	
src/foundation/style_values/css/css_value_keywords.h	435	crates/foundation/src/css_value_id.rs	424	
src/foundation/style_values/css/css_value_keywords.h	436	crates/foundation/src/css_value_id.rs	425	
src/foundation/style_values/css/css_value_keywords.h	437	crates/foundation/src/css_value_id.rs	426	
src/foundation/style_values/css/css_value_keywords.h	438	crates/foundation/src/css_value_id.rs	427	
src/foundation/style_values/css/css_value_keywords.h	439	crates/foundation/src/css_value_id.rs	428	
src/foundation/style_values/css/css_value_keywords.h	440	crates/foundation/src/css_value_id.rs	429	
src/foundation/style_values/css/css_value_keywords.h	441	crates/foundation/src/css_value_id.rs	430	
src/foundation/style_values/css/css_value_keywords.h	442	crates/foundation/src/css_value_id.rs	431	
src/foundation/style_values/css/css_value_keywords.h	443	crates/foundation/src/css_value_id.rs	432	
src/foundation/style_values/css/css_value_keywords.h	444	crates/foundation/src/css_value_id.rs	433	
src/foundation/style_values/css/css_value_keywords.h	445	crates/foundation/src/css_value_id.rs	434	
src/foundation/style_values/css/css_value_keywords.h	446	crates/foundation/src/css_value_id.rs	435	
src/foundation/style_values/css/css_value_keywords.h	447	crates/foundation/src/css_value_id.rs	436	
src/foundation/style_values/css/css_value_keywords.h	448	crates/foundation/src/css_value_id.rs	437	
src/foundation/style_values/css/css_value_keywords.h	449	crates/foundation/src/css_value_id.rs	438	
src/foundation/style_values/css/css_value_keywords.h	450	crates/foundation/src/css_value_id.rs	439	
src/foundation/style_values/css/css_value_keywords.h	451	crates/foundation/src/css_value_id.rs	440	
src/foundation/style_values/css/css_value_keywords.h	452	crates/foundation/src/css_value_id.rs	441	
src/foundation/style_values/css/css_value_keywords.h	453	crates/foundation/src/css_value_id.rs	442	
src/foundation/style_values/css/css_value_keywords.h	454	crates/foundation/src/css_value_id.rs	443	
src/foundation/style_values/css/css_value_keywords.h	455	crates/foundation/src/css_value_id.rs	444	
src/foundation/style_values/css/css_value_keywords.h	456	crates/foundation/src/css_value_id.rs	445	
src/foundation/style_values/css/css_value_keywords.h	457	crates/foundation/src/css_value_id.rs	446	
src/foundation/style_values/css/css_value_keywords.h	458	crates/foundation/src/css_value_id.rs	447	
src/foundation/style_values/css/css_value_keywords.h	459	crates/foundation/src/css_value_id.rs	448	
src/foundation/style_values/css/css_value_keywords.h	460	crates/foundation/src/css_value_id.rs	449	
src/foundation/style_values/css/css_value_keywords.h	461	crates/foundation/src/css_value_id.rs	450	
src/foundation/style_values/css/css_value_keywords.h	462	crates/foundation/src/css_value_id.rs	451	
src/foundation/style_values/css/css_value_keywords.h	463	crates/foundation/src/css_value_id.rs	452	
src/foundation/style_values/css/css_value_keywords.h	464	crates/foundation/src/css_value_id.rs	453	
src/foundation/style_values/css/css_value_keywords.h	465	crates/foundation/src/css_value_id.rs	454	
src/foundation/style_values/css/css_value_keywords.h	466	crates/foundation/src/css_value_id.rs	455	
src/foundation/style_values/css/css_value_keywords.h	467	crates/foundation/src/css_value_id.rs	456	
src/foundation/style_values/css/css_value_keywords.h	468	crates/foundation/src/css_value_id.rs	457	
src/foundation/style_values/css/css_value_keywords.h	469	crates/foundation/src/css_value_id.rs	458	
src/foundation/style_values/css/css_value_keywords.h	470	crates/foundation/src/css_value_id.rs	459	
src/foundation/style_values/css/css_value_keywords.h	471	crates/foundation/src/css_value_id.rs	460	
src/foundation/style_values/css/css_value_keywords.h	472	crates/foundation/src/css_value_id.rs	461	
src/foundation/style_values/css/css_value_keywords.h	473	crates/foundation/src/css_value_id.rs	462	
src/foundation/style_values/css/css_value_keywords.h	474	crates/foundation/src/css_value_id.rs	463	
src/foundation/style_values/css/css_value_keywords.h	475	crates/foundation/src/css_value_id.rs	464	
src/foundation/style_values/css/css_value_keywords.h	476	crates/foundation/src/css_value_id.rs	465	
src/foundation/style_values/css/css_value_keywords.h	477	crates/foundation/src/css_value_id.rs	466	
src/foundation/style_values/css/css_value_keywords.h	478	crates/foundation/src/css_value_id.rs	467	
src/foundation/style_values/css/css_value_keywords.h	479	crates/foundation/src/css_value_id.rs	468	
src/foundation/style_values/css/css_value_keywords.h	480	crates/foundation/src/css_value_id.rs	469	
src/foundation/style_values/css/css_value_keywords.h	481	crates/foundation/src/css_value_id.rs	470	
src/foundation/style_values/css/css_value_keywords.h	482	crates/foundation/src/css_value_id.rs	471	
src/foundation/style_values/css/css_value_keywords.h	483	crates/foundation/src/css_value_id.rs	472	
src/foundation/style_values/css/css_value_keywords.h	484	crates/foundation/src/css_value_id.rs	473	
src/foundation/style_values/css/css_value_keywords.h	485	crates/foundation/src/css_value_id.rs	474	
src/foundation/style_values/css/css_value_keywords.h	486	crates/foundation/src/css_value_id.rs	475	
src/foundation/style_values/css/css_value_keywords.h	487	crates/foundation/src/css_value_id.rs	476	
src/foundation/style_values/css/css_value_keywords.h	488	crates/foundation/src/css_value_id.rs	477	
src/foundation/style_values/css/css_value_keywords.h	489	crates/foundation/src/css_value_id.rs	478	
src/foundation/style_values/css/css_value_keywords.h	490	crates/foundation/src/css_value_id.rs	479	
src/foundation/style_values/css/css_value_keywords.h	491	crates/foundation/src/css_value_id.rs	480	
src/foundation/style_values/css/css_value_keywords.h	492	crates/foundation/src/css_value_id.rs	481	
src/foundation/style_values/css/css_value_keywords.h	493	crates/foundation/src/css_value_id.rs	482	
src/foundation/style_values/css/css_value_keywords.h	494	crates/foundation/src/css_value_id.rs	483	
src/foundation/style_values/css/css_value_keywords.h	495	crates/foundation/src/css_value_id.rs	484	
src/foundation/style_values/css/css_value_keywords.h	496	crates/foundation/src/css_value_id.rs	485	
src/foundation/style_values/css/css_value_keywords.h	497	crates/foundation/src/css_value_id.rs	486	
src/foundation/style_values/css/css_value_keywords.h	498	crates/foundation/src/css_value_id.rs	487	
src/foundation/style_values/css/css_value_keywords.h	499	crates/foundation/src/css_value_id.rs	488	
src/foundation/style_values/css/css_value_keywords.h	500	crates/foundation/src/css_value_id.rs	489	
src/foundation/style_values/css/css_value_keywords.h	501	crates/foundation/src/css_value_id.rs	490	
src/foundation/style_values/css/css_value_keywords.h	502	crates/foundation/src/css_value_id.rs	491	
src/foundation/style_values/css/css_value_keywords.h	503	crates/foundation/src/css_value_id.rs	492	
src/foundation/style_values/css/css_value_keywords.h	504	crates/foundation/src/css_value_id.rs	493	
src/foundation/style_values/css/css_value_keywords.h	505	crates/foundation/src/css_value_id.rs	494	
src/foundation/style_values/css/css_value_keywords.h	506	crates/foundation/src/css_value_id.rs	495	
src/foundation/style_values/css/css_value_keywords.h	507	crates/foundation/src/css_value_id.rs	496	
src/foundation/style_values/css/css_value_keywords.h	508	crates/foundation/src/css_value_id.rs	497	
src/foundation/style_values/css/css_value_keywords.h	509	crates/foundation/src/css_value_id.rs	498	
src/foundation/style_values/css/css_value_keywords.h	510	crates/foundation/src/css_value_id.rs	499	
src/foundation/style_values/css/css_value_keywords.h	511	crates/foundation/src/css_value_id.rs	500	
src/foundation/style_values/css/css_value_keywords.h	512	crates/foundation/src/css_value_id.rs	501	
src/foundation/style_values/css/css_value_keywords.h	513	crates/foundation/src/css_value_id.rs	502	
src/foundation/style_values/css/css_value_keywords.h	514	crates/foundation/src/css_value_id.rs	503	
src/foundation/style_values/css/css_value_keywords.h	515	crates/foundation/src/css_value_id.rs	504	
src/foundation/style_values/css/css_value_keywords.h	516	crates/foundation/src/css_value_id.rs	505	
src/foundation/style_values/css/css_value_keywords.h	517	crates/foundation/src/css_value_id.rs	506	
src/foundation/style_values/css/css_value_keywords.h	518	crates/foundation/src/css_value_id.rs	507	
src/foundation/style_values/css/css_value_keywords.h	519	crates/foundation/src/css_value_id.rs	508	
src/foundation/style_values/css/css_value_keywords.h	520	crates/foundation/src/css_value_id.rs	509	
src/foundation/style_values/css/css_value_keywords.h	521	crates/foundation/src/css_value_id.rs	510	
src/foundation/style_values/css/css_value_keywords.h	522	crates/foundation/src/css_value_id.rs	511	
src/foundation/style_values/css/css_value_keywords.h	523	crates/foundation/src/css_value_id.rs	512	
src/foundation/style_values/css/css_value_keywords.h	524	crates/foundation/src/css_value_id.rs	513	
src/foundation/style_values/css/css_value_keywords.h	525	crates/foundation/src/css_value_id.rs	514	
src/foundation/style_values/css/css_value_keywords.h	526	crates/foundation/src/css_value_id.rs	515	
src/foundation/style_values/css/css_value_keywords.h	527	crates/foundation/src/css_value_id.rs	516	
src/foundation/style_values/css/css_value_keywords.h	528	crates/foundation/src/css_value_id.rs	517	
src/foundation/style_values/css/css_value_keywords.h	529	crates/foundation/src/css_value_id.rs	518	
src/foundation/style_values/css/css_value_keywords.h	530	crates/foundation/src/css_value_id.rs	519	
src/foundation/style_values/css/css_value_keywords.h	531	crates/foundation/src/css_value_id.rs	520	
src/foundation/style_values/css/css_value_keywords.h	532	crates/foundation/src/css_value_id.rs	521	
src/foundation/style_values/css/css_value_keywords.h	533	crates/foundation/src/css_value_id.rs	522	
src/foundation/style_values/css/css_value_keywords.h	534	crates/foundation/src/css_value_id.rs	523	
src/foundation/style_values/css/css_value_keywords.h	535	crates/foundation/src/css_value_id.rs	524	
src/foundation/style_values/css/css_value_keywords.h	536	crates/foundation/src/css_value_id.rs	525	
src/foundation/style_values/css/css_value_keywords.h	537	crates/foundation/src/css_value_id.rs	526	
src/foundation/style_values/css/css_value_keywords.h	538	crates/foundation/src/css_value_id.rs	527	
src/foundation/style_values/css/css_value_keywords.h	539	crates/foundation/src/css_value_id.rs	528	
src/foundation/style_values/css/css_value_keywords.h	540	crates/foundation/src/css_value_id.rs	529	
src/foundation/style_values/css/css_value_keywords.h	541	crates/foundation/src/css_value_id.rs	530	
src/foundation/style_values/css/css_value_keywords.h	542	crates/foundation/src/css_value_id.rs	531	
src/foundation/style_values/css/css_value_keywords.h	543	crates/foundation/src/css_value_id.rs	532	
src/foundation/style_values/css/css_value_keywords.h	544	crates/foundation/src/css_value_id.rs	533	
src/foundation/style_values/css/css_value_keywords.h	545	crates/foundation/src/css_value_id.rs	534	
src/foundation/style_values/css/css_value_keywords.h	546	crates/foundation/src/css_value_id.rs	535	
src/foundation/style_values/css/css_value_keywords.h	547	crates/foundation/src/css_value_id.rs	536	
src/foundation/style_values/css/css_value_keywords.h	548	crates/foundation/src/css_value_id.rs	537	
src/foundation/style_values/css/css_value_keywords.h	549	crates/foundation/src/css_value_id.rs	538	
src/foundation/style_values/css/css_value_keywords.h	550	crates/foundation/src/css_value_id.rs	539	
src/foundation/style_values/css/css_value_keywords.h	551	crates/foundation/src/css_value_id.rs	540	
src/foundation/style_values/css/css_value_keywords.h	552	crates/foundation/src/css_value_id.rs	541	
src/foundation/style_values/css/css_value_keywords.h	553	crates/foundation/src/css_value_id.rs	542	
src/foundation/style_values/css/css_value_keywords.h	554	crates/foundation/src/css_value_id.rs	543	
src/foundation/style_values/css/css_value_keywords.h	555	crates/foundation/src/css_value_id.rs	544	
src/foundation/style_values/css/css_value_keywords.h	556	crates/foundation/src/css_value_id.rs	545	
src/foundation/style_values/css/css_value_keywords.h	557	crates/foundation/src/css_value_id.rs	546	
src/foundation/style_values/css/css_value_keywords.h	558	crates/foundation/src/css_value_id.rs	547	
src/foundation/style_values/css/css_value_keywords.h	559	crates/foundation/src/css_value_id.rs	548	
src/foundation/style_values/css/css_value_keywords.h	560	crates/foundation/src/css_value_id.rs	549	
src/foundation/style_values/css/css_value_keywords.h	561	crates/foundation/src/css_value_id.rs	550	
src/foundation/style_values/css/css_value_keywords.h	562	crates/foundation/src/css_value_id.rs	551	
src/foundation/style_values/css/css_value_keywords.h	563	crates/foundation/src/css_value_id.rs	552	
src/foundation/style_values/css/css_value_keywords.h	564	crates/foundation/src/css_value_id.rs	553	
src/foundation/style_values/css/css_value_keywords.h	565	crates/foundation/src/css_value_id.rs	554	
src/foundation/style_values/css/css_value_keywords.h	566	crates/foundation/src/css_value_id.rs	555	
src/foundation/style_values/css/css_value_keywords.h	567	crates/foundation/src/css_value_id.rs	556	
src/foundation/style_values/css/css_value_keywords.h	568	crates/foundation/src/css_value_id.rs	557	
src/foundation/style_values/css/css_value_keywords.h	569	crates/foundation/src/css_value_id.rs	558	
src/foundation/style_values/css/css_value_keywords.h	570	crates/foundation/src/css_value_id.rs	559	
src/foundation/style_values/css/css_value_keywords.h	571	crates/foundation/src/css_value_id.rs	560	
src/foundation/style_values/css/css_value_keywords.h	572	crates/foundation/src/css_value_id.rs	561	
src/foundation/style_values/css/css_value_keywords.h	573	crates/foundation/src/css_value_id.rs	562	
src/foundation/style_values/css/css_value_keywords.h	574	crates/foundation/src/css_value_id.rs	563	
src/foundation/style_values/css/css_value_keywords.h	575	crates/foundation/src/css_value_id.rs	564	
src/foundation/style_values/css/css_value_keywords.h	576	crates/foundation/src/css_value_id.rs	565	
src/foundation/style_values/css/css_value_keywords.h	577	crates/foundation/src/css_value_id.rs	566	
src/foundation/style_values/css/css_value_keywords.h	578	crates/foundation/src/css_value_id.rs	567	
src/foundation/style_values/css/css_value_keywords.h	579	crates/foundation/src/css_value_id.rs	568	
src/foundation/style_values/css/css_value_keywords.h	580	crates/foundation/src/css_value_id.rs	569	
src/foundation/style_values/css/css_value_keywords.h	581	crates/foundation/src/css_value_id.rs	570	
src/foundation/style_values/css/css_value_keywords.h	582	crates/foundation/src/css_value_id.rs	571	
src/foundation/style_values/css/css_value_keywords.h	583	crates/foundation/src/css_value_id.rs	572	
src/foundation/style_values/css/css_value_keywords.h	584	crates/foundation/src/css_value_id.rs	573	
src/foundation/style_values/css/css_value_keywords.h	585	crates/foundation/src/css_value_id.rs	574	
src/foundation/style_values/css/css_value_keywords.h	586	crates/foundation/src/css_value_id.rs	575	
src/foundation/style_values/css/css_value_keywords.h	587	crates/foundation/src/css_value_id.rs	576	
src/foundation/style_values/css/css_value_keywords.h	588	crates/foundation/src/css_value_id.rs	577	
src/foundation/style_values/css/css_value_keywords.h	589	crates/foundation/src/css_value_id.rs	578	
src/foundation/style_values/css/css_value_keywords.h	590	crates/foundation/src/css_value_id.rs	579	
src/foundation/style_values/css/css_value_keywords.h	591	crates/foundation/src/css_value_id.rs	580	
src/foundation/style_values/css/css_value_keywords.h	592	crates/foundation/src/css_value_id.rs	581	
src/foundation/style_values/css/css_value_keywords.h	593	crates/foundation/src/css_value_id.rs	582	
src/foundation/style_values/css/css_value_keywords.h	594	crates/foundation/src/css_value_id.rs	583	
src/foundation/style_values/css/css_value_keywords.h	595	crates/foundation/src/css_value_id.rs	584	
src/foundation/style_values/css/css_value_keywords.h	596	crates/foundation/src/css_value_id.rs	585	
src/foundation/style_values/css/css_value_keywords.h	597	crates/foundation/src/css_value_id.rs	586	
src/foundation/style_values/css/css_value_keywords.h	598	crates/foundation/src/css_value_id.rs	587	
src/foundation/style_values/css/css_value_keywords.h	599	crates/foundation/src/css_value_id.rs	588	
src/foundation/style_values/css/css_value_keywords.h	600	crates/foundation/src/css_value_id.rs	589	
src/foundation/style_values/css/css_value_keywords.h	601	crates/foundation/src/css_value_id.rs	590	
src/foundation/style_values/css/css_value_keywords.h	602	crates/foundation/src/css_value_id.rs	591	
src/foundation/style_values/css/css_value_keywords.h	603	crates/foundation/src/css_value_id.rs	592	
src/foundation/style_values/css/css_value_keywords.h	604	crates/foundation/src/css_value_id.rs	593	
src/foundation/style_values/css/css_value_keywords.h	605	crates/foundation/src/css_value_id.rs	594	
src/foundation/style_values/css/css_value_keywords.h	606	crates/foundation/src/css_value_id.rs	595	
src/foundation/style_values/css/css_value_keywords.h	607	crates/foundation/src/css_value_id.rs	596	
src/foundation/style_values/css/css_value_keywords.h	608	crates/foundation/src/css_value_id.rs	597	
src/foundation/style_values/css/css_value_keywords.h	609	crates/foundation/src/css_value_id.rs	598	
src/foundation/style_values/css/css_value_keywords.h	610	crates/foundation/src/css_value_id.rs	599	
src/foundation/style_values/css/css_value_keywords.h	611	crates/foundation/src/css_value_id.rs	600	
src/foundation/style_values/css/css_value_keywords.h	612	crates/foundation/src/css_value_id.rs	601	
src/foundation/style_values/css/css_value_keywords.h	613	crates/foundation/src/css_value_id.rs	602	
src/foundation/style_values/css/css_value_keywords.h	614	crates/foundation/src/css_value_id.rs	603	
src/foundation/style_values/css/css_value_keywords.h	615	crates/foundation/src/css_value_id.rs	604	
src/foundation/style_values/css/css_value_keywords.h	616	crates/foundation/src/css_value_id.rs	605	
src/foundation/style_values/css/css_value_keywords.h	617	crates/foundation/src/css_value_id.rs	606	
src/foundation/style_values/css/css_value_keywords.h	618	crates/foundation/src/css_value_id.rs	607	
src/foundation/style_values/css/css_value_keywords.h	619	crates/foundation/src/css_value_id.rs	608	
src/foundation/style_values/css/css_value_keywords.h	620	crates/foundation/src/css_value_id.rs	609	
src/foundation/style_values/css/css_value_keywords.h	621	crates/foundation/src/css_value_id.rs	610	
src/foundation/style_values/css/css_value_keywords.h	622	crates/foundation/src/css_value_id.rs	611	
src/foundation/style_values/css/css_value_keywords.h	623	crates/foundation/src/css_value_id.rs	612	
src/foundation/style_values/css/css_value_keywords.h	624	crates/foundation/src/css_value_id.rs	613	
src/foundation/style_values/css/css_value_keywords.h	625	crates/foundation/src/css_value_id.rs	614	
src/foundation/style_values/css/css_value_keywords.h	626	crates/foundation/src/css_value_id.rs	615	
src/foundation/style_values/css/css_value_keywords.h	627	crates/foundation/src/css_value_id.rs	616	
src/foundation/style_values/css/css_value_keywords.h	628	crates/foundation/src/css_value_id.rs	617	
src/foundation/style_values/css/css_value_keywords.h	629	crates/foundation/src/css_value_id.rs	618	
src/foundation/style_values/css/css_value_keywords.h	630	crates/foundation/src/css_value_id.rs	619	
src/foundation/style_values/css/css_value_keywords.h	631	crates/foundation/src/css_value_id.rs	620	
src/foundation/style_values/css/css_value_keywords.h	632	crates/foundation/src/css_value_id.rs	621	
src/foundation/style_values/css/css_value_keywords.h	633	crates/foundation/src/css_value_id.rs	622	
src/foundation/style_values/css/css_value_keywords.h	634	crates/foundation/src/css_value_id.rs	623	
src/foundation/style_values/css/css_value_keywords.h	635	crates/foundation/src/css_value_id.rs	624	
src/foundation/style_values/css/css_value_keywords.h	636	crates/foundation/src/css_value_id.rs	625	
src/foundation/style_values/css/css_value_keywords.h	637	crates/foundation/src/css_value_id.rs	626	
src/foundation/style_values/css/css_value_keywords.h	638	crates/foundation/src/css_value_id.rs	627	
src/foundation/style_values/css/css_value_keywords.h	639	crates/foundation/src/css_value_id.rs	628	
src/foundation/style_values/css/css_value_keywords.h	640	crates/foundation/src/css_value_id.rs	629	
src/foundation/style_values/css/css_value_keywords.h	641	crates/foundation/src/css_value_id.rs	630	
src/foundation/style_values/css/css_value_keywords.h	642	crates/foundation/src/css_value_id.rs	631	
src/foundation/style_values/css/css_value_keywords.h	643	crates/foundation/src/css_value_id.rs	632	
src/foundation/style_values/css/css_value_keywords.h	644	crates/foundation/src/css_value_id.rs	633	
src/foundation/style_values/css/css_value_keywords.h	645	crates/foundation/src/css_value_id.rs	634	
src/foundation/style_values/css/css_value_keywords.h	646	crates/foundation/src/css_value_id.rs	635	
src/foundation/style_values/css/css_value_keywords.h	647	crates/foundation/src/css_value_id.rs	636	
src/foundation/style_values/css/css_value_keywords.h	648	crates/foundation/src/css_value_id.rs	637	
src/foundation/style_values/css/css_value_keywords.h	649	crates/foundation/src/css_value_id.rs	638	
src/foundation/style_values/css/css_value_keywords.h	650	crates/foundation/src/css_value_id.rs	639	
src/foundation/style_values/css/css_value_keywords.h	651	crates/foundation/src/css_value_id.rs	640	
src/foundation/style_values/css/css_value_keywords.h	652	crates/foundation/src/css_value_id.rs	641	
src/foundation/style_values/css/css_value_keywords.h	653	crates/foundation/src/css_value_id.rs	642	
src/foundation/style_values/css/css_value_keywords.h	654	crates/foundation/src/css_value_id.rs	643	
src/foundation/style_values/css/css_value_keywords.h	655	crates/foundation/src/css_value_id.rs	644	
src/foundation/style_values/css/css_value_keywords.h	656	crates/foundation/src/css_value_id.rs	645	
src/foundation/style_values/css/css_value_keywords.h	657	crates/foundation/src/css_value_id.rs	646	
src/foundation/style_values/css/css_value_keywords.h	658	crates/foundation/src/css_value_id.rs	647	
src/foundation/style_values/css/css_value_keywords.h	659	crates/foundation/src/css_value_id.rs	648	
src/foundation/style_values/css/css_value_keywords.h	660	crates/foundation/src/css_value_id.rs	649	
src/foundation/style_values/css/css_value_keywords.h	661	crates/foundation/src/css_value_id.rs	650	
src/foundation/style_values/css/css_value_keywords.h	662	crates/foundation/src/css_value_id.rs	651	
src/foundation/style_values/css/css_value_keywords.h	663	crates/foundation/src/css_value_id.rs	652	
src/foundation/style_values/css/css_value_keywords.h	664	crates/foundation/src/css_value_id.rs	653	
src/foundation/style_values/css/css_value_keywords.h	665	crates/foundation/src/css_value_id.rs	654	
src/foundation/style_values/css/css_value_keywords.h	666	crates/foundation/src/css_value_id.rs	655	
src/foundation/style_values/css/css_value_keywords.h	667	crates/foundation/src/css_value_id.rs	656	
src/foundation/style_values/css/css_value_keywords.h	668	crates/foundation/src/css_value_id.rs	657	
src/foundation/style_values/css/css_value_keywords.h	669	crates/foundation/src/css_value_id.rs	658	
src/foundation/style_values/css/css_value_keywords.h	670	crates/foundation/src/css_value_id.rs	659	
src/foundation/style_values/css/css_value_keywords.h	671	crates/foundation/src/css_value_id.rs	660	
src/foundation/style_values/css/css_value_keywords.h	672	crates/foundation/src/css_value_id.rs	661	
src/foundation/style_values/css/css_value_keywords.h	673	crates/foundation/src/css_value_id.rs	662	
src/foundation/style_values/css/css_value_keywords.h	674	crates/foundation/src/css_value_id.rs	663	
src/foundation/style_values/css/css_value_keywords.h	675	crates/foundation/src/css_value_id.rs	664	
src/foundation/style_values/css/css_value_keywords.h	676	crates/foundation/src/css_value_id.rs	665	
src/foundation/style_values/css/css_value_keywords.h	677	crates/foundation/src/css_value_id.rs	666	
src/foundation/style_values/css/css_value_keywords.h	678	crates/foundation/src/css_value_id.rs	667	
src/foundation/style_values/css/css_value_keywords.h	679	crates/foundation/src/css_value_id.rs	668	
src/foundation/style_values/css/css_value_keywords.h	680	crates/foundation/src/css_value_id.rs	669	
src/foundation/style_values/css/css_value_keywords.h	681	crates/foundation/src/css_value_id.rs	670	
src/foundation/style_values/css/css_value_keywords.h	682	crates/foundation/src/css_value_id.rs	671	
src/foundation/style_values/css/css_value_keywords.h	683	crates/foundation/src/css_value_id.rs	672	
src/foundation/style_values/css/css_value_keywords.h	684	crates/foundation/src/css_value_id.rs	673	
src/foundation/style_values/css/css_value_keywords.h	685	crates/foundation/src/css_value_id.rs	674	
src/foundation/style_values/css/css_value_keywords.h	686	crates/foundation/src/css_value_id.rs	675	
src/foundation/style_values/css/css_value_keywords.h	687	crates/foundation/src/css_value_id.rs	676	
src/foundation/style_values/css/css_value_keywords.h	688	crates/foundation/src/css_value_id.rs	677	
src/foundation/style_values/css/css_value_keywords.h	689	crates/foundation/src/css_value_id.rs	678	
src/foundation/style_values/css/css_value_keywords.h	690	crates/foundation/src/css_value_id.rs	679	
src/foundation/style_values/css/css_value_keywords.h	691	crates/foundation/src/css_value_id.rs	680	
src/foundation/style_values/css/css_value_keywords.h	692	crates/foundation/src/css_value_id.rs	681	
src/foundation/style_values/css/css_value_keywords.h	693	crates/foundation/src/css_value_id.rs	682	
src/foundation/style_values/css/css_value_keywords.h	694	crates/foundation/src/css_value_id.rs	683	
src/foundation/style_values/css/css_value_keywords.h	695	crates/foundation/src/css_value_id.rs	684	
src/foundation/style_values/css/css_value_keywords.h	696	crates/foundation/src/css_value_id.rs	685	
src/foundation/style_values/css/css_value_keywords.h	697	crates/foundation/src/css_value_id.rs	686	
src/foundation/style_values/css/css_value_keywords.h	698	crates/foundation/src/css_value_id.rs	687	
src/foundation/style_values/css/css_value_keywords.h	699	crates/foundation/src/css_value_id.rs	688	
src/foundation/style_values/css/css_value_keywords.h	700	crates/foundation/src/css_value_id.rs	689	
src/foundation/style_values/css/css_value_keywords.h	701	crates/foundation/src/css_value_id.rs	690	
src/foundation/style_values/css/css_value_keywords.h	702	crates/foundation/src/css_value_id.rs	691	
src/foundation/style_values/css/css_value_keywords.h	703	crates/foundation/src/css_value_id.rs	692	
src/foundation/style_values/css/css_value_keywords.h	704	crates/foundation/src/css_value_id.rs	693	
src/foundation/style_values/css/css_value_keywords.h	705	crates/foundation/src/css_value_id.rs	694	
src/foundation/style_values/css/css_value_keywords.h	706	crates/foundation/src/css_value_id.rs	695	
src/foundation/style_values/css/css_value_keywords.h	707	crates/foundation/src/css_value_id.rs	696	
src/foundation/style_values/css/css_value_keywords.h	708	crates/foundation/src/css_value_id.rs	697	
src/foundation/style_values/css/css_value_keywords.h	709	crates/foundation/src/css_value_id.rs	698	
src/foundation/style_values/css/css_value_keywords.h	710	crates/foundation/src/css_value_id.rs	699	
src/foundation/style_values/css/css_value_keywords.h	711	crates/foundation/src/css_value_id.rs	700	
src/foundation/style_values/css/css_value_keywords.h	712	crates/foundation/src/css_value_id.rs	701	
src/foundation/style_values/css/css_value_keywords.h	713	crates/foundation/src/css_value_id.rs	702	
src/foundation/style_values/css/css_value_keywords.h	714	crates/foundation/src/css_value_id.rs	703	
src/foundation/style_values/css/css_value_keywords.h	715	crates/foundation/src/css_value_id.rs	704	
src/foundation/style_values/css/css_value_keywords.h	716	crates/foundation/src/css_value_id.rs	705	
src/foundation/style_values/css/css_value_keywords.h	717	crates/foundation/src/css_value_id.rs	706	
src/foundation/style_values/css/css_value_keywords.h	718	crates/foundation/src/css_value_id.rs	707	
src/foundation/style_values/css/css_value_keywords.h	719	crates/foundation/src/css_value_id.rs	708	
src/foundation/style_values/css/css_value_keywords.h	720	crates/foundation/src/css_value_id.rs	709	
src/foundation/style_values/css/css_value_keywords.h	721	crates/foundation/src/css_value_id.rs	710	
src/foundation/style_values/css/css_value_keywords.h	722	crates/foundation/src/css_value_id.rs	711	
src/foundation/style_values/css/css_value_keywords.h	723	crates/foundation/src/css_value_id.rs	712	
src/foundation/style_values/css/css_value_keywords.h	724	crates/foundation/src/css_value_id.rs	713	
src/foundation/style_values/css/css_value_keywords.h	725	crates/foundation/src/css_value_id.rs	714	
src/foundation/style_values/css/css_value_keywords.h	726	crates/foundation/src/css_value_id.rs	715	
src/foundation/style_values/css/css_value_keywords.h	727	crates/foundation/src/css_value_id.rs	716	
src/foundation/style_values/css/css_value_keywords.h	728	crates/foundation/src/css_value_id.rs	717	
src/foundation/style_values/css/css_value_keywords.h	729	crates/foundation/src/css_value_id.rs	718	
src/foundation/style_values/css/css_value_keywords.h	730	crates/foundation/src/css_value_id.rs	719	
src/foundation/style_values/css/css_value_keywords.h	731	crates/foundation/src/css_value_id.rs	720	
src/foundation/style_values/css/css_value_keywords.h	732	crates/foundation/src/css_value_id.rs	721	
src/foundation/style_values/css/css_value_keywords.h	733	crates/foundation/src/css_value_id.rs	722	
src/foundation/style_values/css/css_value_keywords.h	734	crates/foundation/src/css_value_id.rs	723	
src/foundation/style_values/css/css_value_keywords.h	735	crates/foundation/src/css_value_id.rs	724	
src/foundation/style_values/css/css_value_keywords.h	736	crates/foundation/src/css_value_id.rs	725	
src/foundation/style_values/css/css_value_keywords.h	737	crates/foundation/src/css_value_id.rs	726	
src/foundation/style_values/css/css_value_keywords.h	738	crates/foundation/src/css_value_id.rs	727	
src/foundation/style_values/css/css_value_keywords.h	739	crates/foundation/src/css_value_id.rs	728	
src/foundation/style_values/css/css_value_keywords.h	740	crates/foundation/src/css_value_id.rs	729	
src/foundation/style_values/css/css_value_keywords.h	741	crates/foundation/src/css_value_id.rs	730	
src/foundation/style_values/css/css_value_keywords.h	742	crates/foundation/src/css_value_id.rs	731	
src/foundation/style_values/css/css_value_keywords.h	743	crates/foundation/src/css_value_id.rs	732	
src/foundation/style_values/css/css_value_keywords.h	744	crates/foundation/src/css_value_id.rs	733	
src/foundation/style_values/css/css_value_keywords.h	745	crates/foundation/src/css_value_id.rs	734	
src/foundation/style_values/css/css_value_keywords.h	746	crates/foundation/src/css_value_id.rs	735	
src/foundation/style_values/css/css_value_keywords.h	747	crates/foundation/src/css_value_id.rs	736	
src/foundation/style_values/css/css_value_keywords.h	748	crates/foundation/src/css_value_id.rs	737	
src/foundation/style_values/css/css_value_keywords.h	749	crates/foundation/src/css_value_id.rs	738	
src/foundation/style_values/css/css_value_keywords.h	750	crates/foundation/src/css_value_id.rs	739	
src/foundation/style_values/css/css_value_keywords.h	751	crates/foundation/src/css_value_id.rs	740	
src/foundation/style_values/css/css_value_keywords.h	752	crates/foundation/src/css_value_id.rs	741	
src/foundation/style_values/css/css_value_keywords.h	753	crates/foundation/src/css_value_id.rs	742	
src/foundation/style_values/css/css_value_keywords.h	754	crates/foundation/src/css_value_id.rs	743	
src/foundation/style_values/css/css_value_keywords.h	755	crates/foundation/src/css_value_id.rs	744	
src/foundation/style_values/css/css_value_keywords.h	756	crates/foundation/src/css_value_id.rs	745	
src/foundation/style_values/css/css_value_keywords.h	757	crates/foundation/src/css_value_id.rs	746	
src/foundation/style_values/css/css_value_keywords.h	758	crates/foundation/src/css_value_id.rs	747	
src/foundation/style_values/css/css_value_keywords.h	759	crates/foundation/src/css_value_id.rs	748	
src/foundation/style_values/css/css_value_keywords.h	760	crates/foundation/src/css_value_id.rs	749	
src/foundation/style_values/css/css_value_keywords.h	761	crates/foundation/src/css_value_id.rs	750	
src/foundation/style_values/css/css_value_keywords.h	762	crates/foundation/src/css_value_id.rs	751	
src/foundation/style_values/css/css_value_keywords.h	763	crates/foundation/src/css_value_id.rs	752	
src/foundation/style_values/css/css_value_keywords.h	764	crates/foundation/src/css_value_id.rs	753	
src/foundation/style_values/css/css_value_keywords.h	765	crates/foundation/src/css_value_id.rs	754	
src/foundation/style_values/css/css_value_keywords.h	766	crates/foundation/src/css_value_id.rs	755	
src/foundation/style_values/css/css_value_keywords.h	767	crates/foundation/src/css_value_id.rs	756	
src/foundation/style_values/css/css_value_keywords.h	768	crates/foundation/src/css_value_id.rs	757	
src/foundation/style_values/css/css_value_keywords.h	769	crates/foundation/src/css_value_id.rs	758	
src/foundation/style_values/css/css_value_keywords.h	770	crates/foundation/src/css_value_id.rs	759	
src/foundation/style_values/css/css_value_keywords.h	771	crates/foundation/src/css_value_id.rs	760	
src/foundation/style_values/css/css_value_keywords.h	772	crates/foundation/src/css_value_id.rs	761	
src/foundation/style_values/css/css_value_keywords.h	773	crates/foundation/src/css_value_id.rs	762	
src/foundation/style_values/css/css_value_keywords.h	774	crates/foundation/src/css_value_id.rs	763	
src/foundation/style_values/css/css_value_keywords.h	775	crates/foundation/src/css_value_id.rs	764	
src/foundation/style_values/css/css_value_keywords.h	776	crates/foundation/src/css_value_id.rs	765	
src/foundation/style_values/css/css_value_keywords.h	777	crates/foundation/src/css_value_id.rs	766	
src/foundation/style_values/css/css_value_keywords.h	778	crates/foundation/src/css_value_id.rs	767	
src/foundation/style_values/css/css_value_keywords.h	779	crates/foundation/src/css_value_id.rs	768	
src/foundation/style_values/css/css_value_keywords.h	780	crates/foundation/src/css_value_id.rs	769	
src/foundation/style_values/css/css_value_keywords.h	781	crates/foundation/src/css_value_id.rs	770	
src/foundation/style_values/css/css_value_keywords.h	782	crates/foundation/src/css_value_id.rs	771	
src/foundation/style_values/css/css_value_keywords.h	783	crates/foundation/src/css_value_id.rs	772	
src/foundation/style_values/css/css_value_keywords.h	784	crates/foundation/src/css_value_id.rs	773	
src/foundation/style_values/css/css_value_keywords.h	785	crates/foundation/src/css_value_id.rs	774	
src/foundation/style_values/css/css_value_keywords.h	786	crates/foundation/src/css_value_id.rs	775	
src/foundation/style_values/css/css_value_keywords.h	787	crates/foundation/src/css_value_id.rs	776	
src/foundation/style_values/css/css_value_keywords.h	788	crates/foundation/src/css_value_id.rs	777	
src/foundation/style_values/css/css_value_keywords.h	789	crates/foundation/src/css_value_id.rs	778	
src/foundation/style_values/css/css_value_keywords.h	790	crates/foundation/src/css_value_id.rs	779	
src/foundation/style_values/css/css_value_keywords.h	791	crates/foundation/src/css_value_id.rs	780	
src/foundation/style_values/css/css_value_keywords.h	792	crates/foundation/src/css_value_id.rs	781	
src/foundation/style_values/css/css_value_keywords.h	793	crates/foundation/src/css_value_id.rs	782	
src/foundation/style_values/css/css_value_keywords.h	794	crates/foundation/src/css_value_id.rs	783	
src/foundation/style_values/css/css_value_keywords.h	795	crates/foundation/src/css_value_id.rs	784	
src/foundation/style_values/css/css_value_keywords.h	796	crates/foundation/src/css_value_id.rs	785	
src/foundation/style_values/css/css_value_keywords.h	797	crates/foundation/src/css_value_id.rs	786	
src/foundation/style_values/css/css_value_keywords.h	798	crates/foundation/src/css_value_id.rs	787	
src/foundation/style_values/css/css_value_keywords.h	799	crates/foundation/src/css_value_id.rs	788	
src/foundation/style_values/css/css_value_keywords.h	800	crates/foundation/src/css_value_id.rs	789	
src/foundation/style_values/css/css_value_keywords.h	801	crates/foundation/src/css_value_id.rs	790	
src/foundation/style_values/css/css_value_keywords.h	802	crates/foundation/src/css_value_id.rs	791	
src/foundation/style_values/css/css_value_keywords.h	803	crates/foundation/src/css_value_id.rs	792	
src/foundation/style_values/css/css_value_keywords.h	804	crates/foundation/src/css_value_id.rs	793	
src/foundation/style_values/css/css_value_keywords.h	805	crates/foundation/src/css_value_id.rs	794	
src/foundation/style_values/css/css_value_keywords.h	806	crates/foundation/src/css_value_id.rs	795	
src/foundation/style_values/css/css_value_keywords.h	807	crates/foundation/src/css_value_id.rs	796	
src/foundation/style_values/css/css_value_keywords.h	808	crates/foundation/src/css_value_id.rs	797	
src/foundation/style_values/css/css_value_keywords.h	809	crates/foundation/src/css_value_id.rs	798	
src/foundation/style_values/css/css_value_keywords.h	810	crates/foundation/src/css_value_id.rs	799	
src/foundation/style_values/css/css_value_keywords.h	811	crates/foundation/src/css_value_id.rs	800	
src/foundation/style_values/css/css_value_keywords.h	812	crates/foundation/src/css_value_id.rs	801	
src/foundation/style_values/css/css_value_keywords.h	813	crates/foundation/src/css_value_id.rs	802	
src/foundation/style_values/css/css_value_keywords.h	814	crates/foundation/src/css_value_id.rs	803	
src/foundation/style_values/css/css_value_keywords.h	815	crates/foundation/src/css_value_id.rs	804	
src/foundation/style_values/css/css_value_keywords.h	816	crates/foundation/src/css_value_id.rs	805	
src/foundation/style_values/css/css_value_keywords.h	817	crates/foundation/src/css_value_id.rs	806	
src/foundation/style_values/css/css_value_keywords.h	818	crates/foundation/src/css_value_id.rs	807	
src/foundation/style_values/css/css_value_keywords.h	819	crates/foundation/src/css_value_id.rs	808	
src/foundation/style_values/css/css_value_keywords.h	820	crates/foundation/src/css_value_id.rs	809	
src/foundation/style_values/css/css_value_keywords.h	821	crates/foundation/src/css_value_id.rs	810	
src/foundation/style_values/css/css_value_keywords.h	822	crates/foundation/src/css_value_id.rs	811	
src/foundation/style_values/css/css_value_keywords.h	823	crates/foundation/src/css_value_id.rs	812	
src/foundation/style_values/css/css_value_keywords.h	824	crates/foundation/src/css_value_id.rs	813	
src/foundation/style_values/css/css_value_keywords.h	825	crates/foundation/src/css_value_id.rs	814	
src/foundation/style_values/css/css_value_keywords.h	826	crates/foundation/src/css_value_id.rs	815	
src/foundation/style_values/css/css_value_keywords.h	827	crates/foundation/src/css_value_id.rs	816	
src/foundation/style_values/css/css_value_keywords.h	828	crates/foundation/src/css_value_id.rs	817	
src/foundation/style_values/css/css_value_keywords.h	829	crates/foundation/src/css_value_id.rs	818	
src/foundation/style_values/css/css_value_keywords.h	830	crates/foundation/src/css_value_id.rs	819	
src/foundation/style_values/css/css_value_keywords.h	831	crates/foundation/src/css_value_id.rs	820	
src/foundation/style_values/css/css_value_keywords.h	832	crates/foundation/src/css_value_id.rs	821	
src/foundation/style_values/css/css_value_keywords.h	833	crates/foundation/src/css_value_id.rs	822	
src/foundation/style_values/css/css_value_keywords.h	834	crates/foundation/src/css_value_id.rs	823	
src/foundation/style_values/css/css_value_keywords.h	835	crates/foundation/src/css_value_id.rs	824	
src/foundation/style_values/css/css_value_keywords.h	836	crates/foundation/src/css_value_id.rs	825	
src/foundation/style_values/css/css_value_keywords.h	837	crates/foundation/src/css_value_id.rs	826	
src/foundation/style_values/css/css_value_keywords.h	838	crates/foundation/src/css_value_id.rs	827	
src/foundation/style_values/css/css_value_keywords.h	839	crates/foundation/src/css_value_id.rs	828	
src/foundation/style_values/css/css_value_keywords.h	840	crates/foundation/src/css_value_id.rs	829	
src/foundation/style_values/css/css_value_keywords.h	841	crates/foundation/src/css_value_id.rs	830	
src/foundation/style_values/css/css_value_keywords.h	842	crates/foundation/src/css_value_id.rs	831	
src/foundation/style_values/css/css_value_keywords.h	843	crates/foundation/src/css_value_id.rs	832	
src/foundation/style_values/css/css_value_keywords.h	844	crates/foundation/src/css_value_id.rs	833	
src/foundation/style_values/css/css_value_keywords.h	845	crates/foundation/src/css_value_id.rs	834	
src/foundation/style_values/css/css_value_keywords.h	846	crates/foundation/src/css_value_id.rs	835	
src/foundation/style_values/css/css_value_keywords.h	847	crates/foundation/src/css_value_id.rs	836	
src/foundation/style_values/css/css_value_keywords.h	848	crates/foundation/src/css_value_id.rs	837	
src/foundation/style_values/css/css_value_keywords.h	849	crates/foundation/src/css_value_id.rs	838	
src/foundation/style_values/css/css_value_keywords.h	850	crates/foundation/src/css_value_id.rs	839	
src/foundation/style_values/css/css_value_keywords.h	851	crates/foundation/src/css_value_id.rs	840	
src/foundation/style_values/css/css_value_keywords.h	852	crates/foundation/src/css_value_id.rs	841	
src/foundation/style_values/css/css_value_keywords.h	853	crates/foundation/src/css_value_id.rs	842	
src/foundation/style_values/css/css_value_keywords.h	854	crates/foundation/src/css_value_id.rs	843	
src/foundation/style_values/css/css_value_keywords.h	855	crates/foundation/src/css_value_id.rs	844	
src/foundation/style_values/css/css_value_keywords.h	856	crates/foundation/src/css_value_id.rs	845	
src/foundation/style_values/css/css_value_keywords.h	857	crates/foundation/src/css_value_id.rs	846	
src/foundation/style_values/css/css_value_keywords.h	858	crates/foundation/src/css_value_id.rs	847	
src/foundation/style_values/css/css_value_keywords.h	859	crates/foundation/src/css_value_id.rs	848	
src/foundation/style_values/css/css_value_keywords.h	860	crates/foundation/src/css_value_id.rs	849	
src/foundation/style_values/css/css_value_keywords.h	861	crates/foundation/src/css_value_id.rs	850	
src/foundation/style_values/css/css_value_keywords.h	862	crates/foundation/src/css_value_id.rs	851	
src/foundation/style_values/css/css_value_keywords.h	863	crates/foundation/src/css_value_id.rs	852	
src/foundation/style_values/css/css_value_keywords.h	864	crates/foundation/src/css_value_id.rs	853	
src/foundation/style_values/css/css_value_keywords.h	865	crates/foundation/src/css_value_id.rs	854	
src/foundation/style_values/css/css_value_keywords.h	866	crates/foundation/src/css_value_id.rs	855	
src/foundation/style_values/css/css_value_keywords.h	867	crates/foundation/src/css_value_id.rs	856	
src/foundation/style_values/css/css_value_keywords.h	868	crates/foundation/src/css_value_id.rs	857	
src/foundation/style_values/css/css_value_keywords.h	869	crates/foundation/src/css_value_id.rs	858	
src/foundation/style_values/css/css_value_keywords.h	870	crates/foundation/src/css_value_id.rs	859	
src/foundation/style_values/css/css_value_keywords.h	871	crates/foundation/src/css_value_id.rs	860	
src/foundation/style_values/css/css_value_keywords.h	872	crates/foundation/src/css_value_id.rs	861	
src/foundation/style_values/css/css_value_keywords.h	873	crates/foundation/src/css_value_id.rs	862	
src/foundation/style_values/css/css_value_keywords.h	874	crates/foundation/src/css_value_id.rs	863	
src/foundation/style_values/css/css_value_keywords.h	875	crates/foundation/src/css_value_id.rs	864	
src/foundation/style_values/css/css_value_keywords.h	876	crates/foundation/src/css_value_id.rs	865	
src/foundation/style_values/css/css_value_keywords.h	877	crates/foundation/src/css_value_id.rs	866	
src/foundation/style_values/css/css_value_keywords.h	878	crates/foundation/src/css_value_id.rs	867	
src/foundation/style_values/css/css_value_keywords.h	879	crates/foundation/src/css_value_id.rs	868	
src/foundation/style_values/css/css_value_keywords.h	880	crates/foundation/src/css_value_id.rs	869	
src/foundation/style_values/css/css_value_keywords.h	881	crates/foundation/src/css_value_id.rs	870	
src/foundation/style_values/css/css_value_keywords.h	882	crates/foundation/src/css_value_id.rs	871	
src/foundation/style_values/css/css_value_keywords.h	883	crates/foundation/src/css_value_id.rs	872	
src/foundation/style_values/css/css_value_keywords.h	884	crates/foundation/src/css_value_id.rs	873	
src/foundation/style_values/css/css_value_keywords.h	885	crates/foundation/src/css_value_id.rs	874	
src/foundation/style_values/css/css_value_keywords.h	886	crates/foundation/src/css_value_id.rs	875	
src/foundation/style_values/css/css_value_keywords.h	887	crates/foundation/src/css_value_id.rs	876	
src/foundation/style_values/css/css_value_keywords.h	888	crates/foundation/src/css_value_id.rs	877	
src/foundation/style_values/css/css_value_keywords.h	889	crates/foundation/src/css_value_id.rs	878	
src/foundation/style_values/css/css_value_keywords.h	890	crates/foundation/src/css_value_id.rs	879	
src/foundation/style_values/css/css_value_keywords.h	891	crates/foundation/src/css_value_id.rs	880	
src/foundation/style_values/css/css_value_keywords.h	892	crates/foundation/src/css_value_id.rs	881	
src/foundation/style_values/css/css_value_keywords.h	893	crates/foundation/src/css_value_id.rs	882	
src/foundation/style_values/css/css_value_keywords.h	894	crates/foundation/src/css_value_id.rs	883	
src/foundation/style_values/css/css_value_keywords.h	895	crates/foundation/src/css_value_id.rs	884	
src/foundation/style_values/css/css_value_keywords.h	896	crates/foundation/src/css_value_id.rs	885	
src/foundation/style_values/css/css_value_keywords.h	897	crates/foundation/src/css_value_id.rs	886	
src/foundation/style_values/css/css_value_keywords.h	898	crates/foundation/src/css_value_id.rs	887	
src/foundation/style_values/css/css_value_keywords.h	899	crates/foundation/src/css_value_id.rs	888	
src/foundation/style_values/css/css_value_keywords.h	900	crates/foundation/src/css_value_id.rs	889	
src/foundation/style_values/css/css_value_keywords.h	901	crates/foundation/src/css_value_id.rs	890	
src/foundation/style_values/css/css_value_keywords.h	902	crates/foundation/src/css_value_id.rs	891	
src/foundation/style_values/css/css_value_keywords.h	903	crates/foundation/src/css_value_id.rs	892	
src/foundation/style_values/css/css_value_keywords.h	904	crates/foundation/src/css_value_id.rs	893	
src/foundation/style_values/css/css_value_keywords.h	905	crates/foundation/src/css_value_id.rs	894	
src/foundation/style_values/css/css_value_keywords.h	906	crates/foundation/src/css_value_id.rs	895	
src/foundation/style_values/css/css_value_keywords.h	907	crates/foundation/src/css_value_id.rs	896	
src/foundation/style_values/css/css_value_keywords.h	908	crates/foundation/src/css_value_id.rs	897	
src/foundation/style_values/css/css_value_keywords.h	909	crates/foundation/src/css_value_id.rs	898	
src/foundation/style_values/css/css_value_keywords.h	910	crates/foundation/src/css_value_id.rs	899	
src/foundation/style_values/css/css_value_keywords.h	911	crates/foundation/src/css_value_id.rs	900	
src/foundation/style_values/css/css_value_keywords.h	912	crates/foundation/src/css_value_id.rs	901	
src/foundation/style_values/css/css_value_keywords.h	913	crates/foundation/src/css_value_id.rs	902	
src/foundation/style_values/css/css_value_keywords.h	914	crates/foundation/src/css_value_id.rs	903	
src/foundation/style_values/css/css_value_keywords.h	915	crates/foundation/src/css_value_id.rs	904	
src/foundation/style_values/css/css_value_keywords.h	916	crates/foundation/src/css_value_id.rs	905	
src/foundation/style_values/css/css_value_keywords.h	917	crates/foundation/src/css_value_id.rs	906	
src/foundation/style_values/css/css_value_keywords.h	918	crates/foundation/src/css_value_id.rs	907	
src/foundation/style_values/css/css_value_keywords.h	919	crates/foundation/src/css_value_id.rs	908	
src/foundation/style_values/css/css_value_keywords.h	920	crates/foundation/src/css_value_id.rs	909	
src/foundation/style_values/css/css_value_keywords.h	921	crates/foundation/src/css_value_id.rs	910	
src/foundation/style_values/css/css_value_keywords.h	922	crates/foundation/src/css_value_id.rs	911	
src/foundation/style_values/css/css_value_keywords.h	923	crates/foundation/src/css_value_id.rs	912	
src/foundation/style_values/css/css_value_keywords.h	924	crates/foundation/src/css_value_id.rs	913	
src/foundation/style_values/css/css_value_keywords.h	925	crates/foundation/src/css_value_id.rs	914	
src/foundation/style_values/css/css_value_keywords.h	926	crates/foundation/src/css_value_id.rs	915	
src/foundation/style_values/css/css_value_keywords.h	927	crates/foundation/src/css_value_id.rs	916	
src/foundation/style_values/css/css_value_keywords.h	928	crates/foundation/src/css_value_id.rs	917	
src/foundation/style_values/css/css_value_keywords.h	929	crates/foundation/src/css_value_id.rs	918	
src/foundation/style_values/css/css_value_keywords.h	930	crates/foundation/src/css_value_id.rs	919	
src/foundation/style_values/css/css_value_keywords.h	931	crates/foundation/src/css_value_id.rs	920	
src/foundation/style_values/css/css_value_keywords.h	932	crates/foundation/src/css_value_id.rs	921	
src/foundation/style_values/css/css_value_keywords.h	933	crates/foundation/src/css_value_id.rs	922	
src/foundation/style_values/css/css_value_keywords.h	934	crates/foundation/src/css_value_id.rs	923	
src/foundation/style_values/css/css_value_keywords.h	935	crates/foundation/src/css_value_id.rs	924	
src/foundation/style_values/css/css_value_keywords.h	936	crates/foundation/src/css_value_id.rs	925	
src/foundation/style_values/css/css_value_keywords.h	937	crates/foundation/src/css_value_id.rs	926	
src/foundation/style_values/css/css_value_keywords.h	938	crates/foundation/src/css_value_id.rs	927	
src/foundation/style_values/css/css_value_keywords.h	939	crates/foundation/src/css_value_id.rs	928	
src/foundation/style_values/css/css_value_keywords.h	940	crates/foundation/src/css_value_id.rs	929	
src/foundation/style_values/css/css_value_keywords.h	941	crates/foundation/src/css_value_id.rs	930	
src/foundation/style_values/css/css_value_keywords.h	942	crates/foundation/src/css_value_id.rs	931	
src/foundation/style_values/css/css_value_keywords.h	943	crates/foundation/src/css_value_id.rs	932	
src/foundation/style_values/css/css_value_keywords.h	944	crates/foundation/src/css_value_id.rs	933	
src/foundation/style_values/css/css_value_keywords.h	945	crates/foundation/src/css_value_id.rs	934	
src/foundation/style_values/css/css_value_keywords.h	946	crates/foundation/src/css_value_id.rs	935	
src/foundation/style_values/css/css_value_keywords.h	947	crates/foundation/src/css_value_id.rs	936	
src/foundation/style_values/css/css_value_keywords.h	948	crates/foundation/src/css_value_id.rs	937	
src/foundation/style_values/css/css_value_keywords.h	949	crates/foundation/src/css_value_id.rs	938	
src/foundation/style_values/css/css_value_keywords.h	950	crates/foundation/src/css_value_id.rs	939	
src/foundation/style_values/css/css_value_keywords.h	951	crates/foundation/src/css_value_id.rs	940	
src/foundation/style_values/css/css_value_keywords.h	952	crates/foundation/src/css_value_id.rs	941	
src/foundation/style_values/css/css_value_keywords.h	953	crates/foundation/src/css_value_id.rs	942	
src/foundation/style_values/css/css_value_keywords.h	954	crates/foundation/src/css_value_id.rs	943	
src/foundation/style_values/css/css_value_keywords.h	955	crates/foundation/src/css_value_id.rs	944	
src/foundation/style_values/css/css_value_keywords.h	956	crates/foundation/src/css_value_id.rs	945	
src/foundation/style_values/css/css_value_keywords.h	957	crates/foundation/src/css_value_id.rs	946	
src/foundation/style_values/css/css_value_keywords.h	958	crates/foundation/src/css_value_id.rs	947	
src/foundation/style_values/css/css_value_keywords.h	959	crates/foundation/src/css_value_id.rs	948	
src/foundation/style_values/css/css_value_keywords.h	960	crates/foundation/src/css_value_id.rs	949	
src/foundation/style_values/css/css_value_keywords.h	961	crates/foundation/src/css_value_id.rs	950	
src/foundation/style_values/css/css_value_keywords.h	962	crates/foundation/src/css_value_id.rs	951	
src/foundation/style_values/css/css_value_keywords.h	963	crates/foundation/src/css_value_id.rs	952	
src/foundation/style_values/css/css_value_keywords.h	964	crates/foundation/src/css_value_id.rs	953	
src/foundation/style_values/css/css_value_keywords.h	965	crates/foundation/src/css_value_id.rs	954	
src/foundation/style_values/css/css_value_keywords.h	966	crates/foundation/src/css_value_id.rs	955	
src/foundation/style_values/css/css_value_keywords.h	967	crates/foundation/src/css_value_id.rs	956	
src/foundation/style_values/css/css_value_keywords.h	968	crates/foundation/src/css_value_id.rs	957	
src/foundation/style_values/css/css_value_keywords.h	969	crates/foundation/src/css_value_id.rs	958	
src/foundation/style_values/css/css_value_keywords.h	970	crates/foundation/src/css_value_id.rs	959	
src/foundation/style_values/css/css_value_keywords.h	971	crates/foundation/src/css_value_id.rs	960	
src/foundation/style_values/css/css_value_keywords.h	972	crates/foundation/src/css_value_id.rs	961	
src/foundation/style_values/css/css_value_keywords.h	973	crates/foundation/src/css_value_id.rs	962	
src/foundation/style_values/css/css_value_keywords.h	974	crates/foundation/src/css_value_id.rs	963	
src/foundation/style_values/css/css_value_keywords.h	975	crates/foundation/src/css_value_id.rs	964	
src/foundation/style_values/css/css_value_keywords.h	976	crates/foundation/src/css_value_id.rs	965	
src/foundation/style_values/css/css_value_keywords.h	977	crates/foundation/src/css_value_id.rs	966	
src/foundation/style_values/css/css_value_keywords.h	978	crates/foundation/src/css_value_id.rs	967	
src/foundation/style_values/css/css_value_keywords.h	979	crates/foundation/src/css_value_id.rs	968	
src/foundation/style_values/css/css_value_keywords.h	980	crates/foundation/src/css_value_id.rs	969	
src/foundation/style_values/css/css_value_keywords.h	981	crates/foundation/src/css_value_id.rs	970	
src/foundation/style_values/css/css_value_keywords.h	982	crates/foundation/src/css_value_id.rs	971	
src/foundation/style_values/css/css_value_keywords.h	983	crates/foundation/src/css_value_id.rs	972	
src/foundation/style_values/css/css_value_keywords.h	984	crates/foundation/src/css_value_id.rs	973	
src/foundation/style_values/css/css_value_keywords.h	985	crates/foundation/src/css_value_id.rs	974	
src/foundation/style_values/css/css_value_keywords.h	986	crates/foundation/src/css_value_id.rs	975	
src/foundation/style_values/css/css_value_keywords.h	987	crates/foundation/src/css_value_id.rs	976	
src/foundation/style_values/css/css_value_keywords.h	988	crates/foundation/src/css_value_id.rs	977	
src/foundation/style_values/css/css_value_keywords.h	989	crates/foundation/src/css_value_id.rs	978	
src/foundation/style_values/css/css_value_keywords.h	990	crates/foundation/src/css_value_id.rs	979	
src/foundation/style_values/css/css_value_keywords.h	991	crates/foundation/src/css_value_id.rs	980	
src/foundation/style_values/css/css_value_keywords.h	992	crates/foundation/src/css_value_id.rs	981	
src/foundation/style_values/css/css_value_keywords.h	993	crates/foundation/src/css_value_id.rs	982	
src/foundation/style_values/css/css_value_keywords.h	994	crates/foundation/src/css_value_id.rs	983	
src/foundation/style_values/css/css_value_keywords.h	995	crates/foundation/src/css_value_id.rs	984	
src/foundation/style_values/css/css_value_keywords.h	996	crates/foundation/src/css_value_id.rs	985	
src/foundation/style_values/css/css_value_keywords.h	997	crates/foundation/src/css_value_id.rs	986	
src/foundation/style_values/css/css_value_keywords.h	998	crates/foundation/src/css_value_id.rs	987	
src/foundation/style_values/css/css_value_keywords.h	999	crates/foundation/src/css_value_id.rs	988	
src/foundation/style_values/css/css_value_keywords.h	1000	crates/foundation/src/css_value_id.rs	989	
src/foundation/style_values/css/css_value_keywords.h	1001	crates/foundation/src/css_value_id.rs	990	
src/foundation/style_values/css/css_value_keywords.h	1002	crates/foundation/src/css_value_id.rs	991	
src/foundation/style_values/css/css_value_keywords.h	1003	crates/foundation/src/css_value_id.rs	992	
src/foundation/style_values/css/css_value_keywords.h	1004	crates/foundation/src/css_value_id.rs	993	
src/foundation/style_values/css/css_value_keywords.h	1005	crates/foundation/src/css_value_id.rs	994	
src/foundation/style_values/css/css_value_keywords.h	1006	crates/foundation/src/css_value_id.rs	995	
src/foundation/style_values/css/css_value_keywords.h	1007	crates/foundation/src/css_value_id.rs	996	
src/foundation/style_values/css/css_value_keywords.h	1008	crates/foundation/src/css_value_id.rs	997	
src/foundation/style_values/css/css_value_keywords.h	1009	crates/foundation/src/css_value_id.rs	998	
src/foundation/style_values/css/css_value_keywords.h	1010	crates/foundation/src/css_value_id.rs	999	
src/foundation/style_values/css/css_value_keywords.h	1011	crates/foundation/src/css_value_id.rs	1000	
src/foundation/style_values/css/css_value_keywords.h	1012	crates/foundation/src/css_value_id.rs	1001	
src/foundation/style_values/css/css_value_keywords.h	1013	crates/foundation/src/css_value_id.rs	1002	
src/foundation/style_values/css/css_value_keywords.h	1014	crates/foundation/src/css_value_id.rs	1003	
src/foundation/style_values/css/css_value_keywords.h	1015	crates/foundation/src/css_value_id.rs	1004	
src/foundation/style_values/css/css_value_keywords.h	1016	crates/foundation/src/css_value_id.rs	1005	
src/foundation/style_values/css/css_value_keywords.h	1017	crates/foundation/src/css_value_id.rs	1006	
src/foundation/style_values/css/css_value_keywords.h	1018	crates/foundation/src/css_value_id.rs	1007	
src/foundation/style_values/css/css_value_keywords.h	1019	crates/foundation/src/css_value_id.rs	1008	
src/foundation/style_values/css/css_value_keywords.h	1020	crates/foundation/src/css_value_id.rs	1009	
src/foundation/style_values/css/css_value_keywords.h	1021	crates/foundation/src/css_value_id.rs	1010	
src/foundation/style_values/css/css_value_keywords.h	1022	crates/foundation/src/css_value_id.rs	1011	
src/foundation/style_values/css/css_value_keywords.h	1023	crates/foundation/src/css_value_id.rs	1012	
src/foundation/style_values/css/css_value_keywords.h	1024	crates/foundation/src/css_value_id.rs	1013	
src/foundation/style_values/css/css_value_keywords.h	1025	crates/foundation/src/css_value_id.rs	1014	
src/foundation/style_values/css/css_value_keywords.h	1026	crates/foundation/src/css_value_id.rs	1015	
src/foundation/style_values/css/css_value_keywords.h	1027	crates/foundation/src/css_value_id.rs	1016	
src/foundation/style_values/css/css_value_keywords.h	1028	crates/foundation/src/css_value_id.rs	1017	
src/foundation/style_values/css/css_value_keywords.h	1029	crates/foundation/src/css_value_id.rs	1018	
src/foundation/style_values/css/css_value_keywords.h	1030	crates/foundation/src/css_value_id.rs	1019	
src/foundation/style_values/css/css_value_keywords.h	1031	crates/foundation/src/css_value_id.rs	1020	
src/foundation/style_values/css/css_value_keywords.h	1032	crates/foundation/src/css_value_id.rs	1021	
src/foundation/style_values/css/css_value_keywords.h	1033	crates/foundation/src/css_value_id.rs	1022	
src/foundation/style_values/css/css_value_keywords.h	1034	crates/foundation/src/css_value_id.rs	1023	
src/foundation/style_values/css/css_value_keywords.h	1035	crates/foundation/src/css_value_id.rs	1024	
src/foundation/style_values/css/css_value_keywords.h	1036	crates/foundation/src/css_value_id.rs	1025	
src/foundation/style_values/css/css_value_keywords.h	1037	crates/foundation/src/css_value_id.rs	1026	
src/foundation/style_values/css/css_value_keywords.h	1038	crates/foundation/src/css_value_id.rs	1027	
src/foundation/style_values/css/css_value_keywords.h	1039	crates/foundation/src/css_value_id.rs	1028	
src/foundation/style_values/css/css_value_keywords.h	1040	crates/foundation/src/css_value_id.rs	1029	
src/foundation/style_values/css/css_value_keywords.h	1041	crates/foundation/src/css_value_id.rs	1030	
src/foundation/style_values/css/css_value_keywords.h	1042	crates/foundation/src/css_value_id.rs	1031	
src/foundation/style_values/css/css_value_keywords.h	1043	crates/foundation/src/css_value_id.rs	1032	
src/foundation/style_values/css/css_value_keywords.h	1044	crates/foundation/src/css_value_id.rs	1033	
src/foundation/style_values/css/css_value_keywords.h	1045	crates/foundation/src/css_value_id.rs	1034	
src/foundation/style_values/css/css_value_keywords.h	1046	crates/foundation/src/css_value_id.rs	1035	
src/foundation/style_values/css/css_value_keywords.h	1047	crates/foundation/src/css_value_id.rs	1036	
src/foundation/style_values/css/css_value_keywords.h	1048	crates/foundation/src/css_value_id.rs	1037	
src/foundation/style_values/css/css_value_keywords.h	1049	crates/foundation/src/css_value_id.rs	1038	
src/foundation/style_values/css/css_value_keywords.h	1050	crates/foundation/src/css_value_id.rs	1039	
src/foundation/style_values/css/css_value_keywords.h	1051	crates/foundation/src/css_value_id.rs	1040	
src/foundation/style_values/css/css_value_keywords.h	1052	crates/foundation/src/css_value_id.rs	1041	
src/foundation/style_values/css/css_value_keywords.h	1053	crates/foundation/src/css_value_id.rs	1042	
src/foundation/style_values/css/css_value_keywords.h	1054	crates/foundation/src/css_value_id.rs	1043	
src/foundation/style_values/css/css_value_keywords.h	1055	crates/foundation/src/css_value_id.rs	1044	
src/foundation/style_values/css/css_value_keywords.h	1056	crates/foundation/src/css_value_id.rs	1045	
src/foundation/style_values/css/css_value_keywords.h	1057	crates/foundation/src/css_value_id.rs	1046	
src/foundation/style_values/css/css_value_keywords.h	1058	crates/foundation/src/css_value_id.rs	1047	
src/foundation/style_values/css/css_value_keywords.h	1059	crates/foundation/src/css_value_id.rs	1048	
src/foundation/style_values/css/css_value_keywords.h	1060	crates/foundation/src/css_value_id.rs	1049	
src/foundation/style_values/css/css_value_keywords.h	1061	crates/foundation/src/css_value_id.rs	1050	
src/foundation/style_values/css/css_value_keywords.h	1062	crates/foundation/src/css_value_id.rs	1051	
src/foundation/style_values/css/css_value_keywords.h	1063	crates/foundation/src/css_value_id.rs	1052	
src/foundation/style_values/css/css_value_keywords.h	1064	crates/foundation/src/css_value_id.rs	1053	
src/foundation/style_values/css/css_value_keywords.h	1065	crates/foundation/src/css_value_id.rs	1054	
src/foundation/style_values/css/css_value_keywords.h	1066	crates/foundation/src/css_value_id.rs	1055	
src/foundation/style_values/css/css_value_keywords.h	1067	crates/foundation/src/css_value_id.rs	1056	
src/foundation/style_values/css/css_value_keywords.h	1068	crates/foundation/src/css_value_id.rs	1057	
src/foundation/style_values/css/css_value_keywords.h	1069	crates/foundation/src/css_value_id.rs	1058	
src/foundation/style_values/css/css_value_keywords.h	1070	crates/foundation/src/css_value_id.rs	1059	
src/foundation/style_values/css/css_value_keywords.h	1071	crates/foundation/src/css_value_id.rs	1060	
src/foundation/style_values/css/css_value_keywords.h	1072	crates/foundation/src/css_value_id.rs	1061	
src/foundation/style_values/css/css_value_keywords.h	1073	crates/foundation/src/css_value_id.rs	1062	
src/foundation/style_values/css/css_value_keywords.h	1074	crates/foundation/src/css_value_id.rs	1063	
src/foundation/style_values/css/css_value_keywords.h	1075	crates/foundation/src/css_value_id.rs	1064	
src/foundation/style_values/css/css_value_keywords.h	1076	crates/foundation/src/css_value_id.rs	1065	
src/foundation/style_values/css/css_value_keywords.h	1077	crates/foundation/src/css_value_id.rs	1066	
src/foundation/style_values/css/css_value_keywords.h	1078	crates/foundation/src/css_value_id.rs	1067	
src/foundation/style_values/css/css_value_keywords.h	1079	crates/foundation/src/css_value_id.rs	1068	
src/foundation/style_values/css/css_value_keywords.h	1080	crates/foundation/src/css_value_id.rs	1069	
src/foundation/style_values/css/css_value_keywords.h	1081	crates/foundation/src/css_value_id.rs	1070	
src/foundation/style_values/css/css_value_keywords.h	1082	crates/foundation/src/css_value_id.rs	1071	
src/foundation/style_values/css/css_value_keywords.h	1083	crates/foundation/src/css_value_id.rs	1072	
src/foundation/style_values/css/css_value_keywords.h	1084	crates/foundation/src/css_value_id.rs	1073	
src/foundation/style_values/css/css_value_keywords.h	1085	crates/foundation/src/css_value_id.rs	1074	
src/foundation/style_values/css/css_value_keywords.h	1086	crates/foundation/src/css_value_id.rs	1075	
src/foundation/style_values/css/css_value_keywords.h	1087	crates/foundation/src/css_value_id.rs	1076	
src/foundation/style_values/css/css_value_keywords.h	1088	crates/foundation/src/css_value_id.rs	1077	
src/foundation/style_values/css/css_value_keywords.h	1089	crates/foundation/src/css_value_id.rs	1078	
src/foundation/style_values/css/css_value_keywords.h	1090	crates/foundation/src/css_value_id.rs	1079	
src/foundation/style_values/css/css_value_keywords.h	1091	crates/foundation/src/css_value_id.rs	1080	
src/foundation/style_values/css/css_value_keywords.h	1092	crates/foundation/src/css_value_id.rs	1081	
src/foundation/style_values/css/css_value_keywords.h	1093	crates/foundation/src/css_value_id.rs	1082	
src/foundation/style_values/css/css_value_keywords.h	1094	crates/foundation/src/css_value_id.rs	1083	
src/foundation/style_values/css/css_value_keywords.h	1095	crates/foundation/src/css_value_id.rs	1084	
src/foundation/style_values/css/css_value_keywords.h	1096	crates/foundation/src/css_value_id.rs	1085	
src/foundation/style_values/css/css_value_keywords.h	1097	crates/foundation/src/css_value_id.rs	1086	
src/foundation/style_values/css/css_value_keywords.h	1098	crates/foundation/src/css_value_id.rs	1087	
src/foundation/style_values/css/css_value_keywords.h	1099	crates/foundation/src/css_value_id.rs	1088	
src/foundation/style_values/css/css_value_keywords.h	1100	crates/foundation/src/css_value_id.rs	1089	
src/foundation/style_values/css/css_value_keywords.h	1101	crates/foundation/src/css_value_id.rs	1090	
src/foundation/style_values/css/css_value_keywords.h	1102	crates/foundation/src/css_value_id.rs	1091	
src/foundation/style_values/css/css_value_keywords.h	1103	crates/foundation/src/css_value_id.rs	1092	
src/foundation/style_values/css/css_value_keywords.h	1104	crates/foundation/src/css_value_id.rs	1093	
src/foundation/style_values/css/css_value_keywords.h	1105	crates/foundation/src/css_value_id.rs	1094	
src/foundation/style_values/css/css_value_keywords.h	1106	crates/foundation/src/css_value_id.rs	1095	
src/foundation/style_values/css/css_value_keywords.h	1107	crates/foundation/src/css_value_id.rs	1096	
src/foundation/style_values/css/css_value_keywords.h	1108	crates/foundation/src/css_value_id.rs	1097	
src/foundation/style_values/css/css_value_keywords.h	1109	crates/foundation/src/css_value_id.rs	1098	
src/foundation/style_values/css/css_value_keywords.h	1110	crates/foundation/src/css_value_id.rs	1099	
src/foundation/style_values/css/css_value_keywords.h	1111	crates/foundation/src/css_value_id.rs	1100	
src/foundation/style_values/css/css_value_keywords.h	1112	crates/foundation/src/css_value_id.rs	1101	
src/foundation/style_values/css/css_value_keywords.h	1113	crates/foundation/src/css_value_id.rs	1102	
src/foundation/style_values/css/css_value_keywords.h	1114	crates/foundation/src/css_value_id.rs	1103	
src/foundation/style_values/css/css_value_keywords.h	1115	crates/foundation/src/css_value_id.rs	1104	
src/foundation/style_values/css/css_value_keywords.h	1116	crates/foundation/src/css_value_id.rs	1105	
src/foundation/style_values/css/css_value_keywords.h	1117	crates/foundation/src/css_value_id.rs	1106	
src/foundation/style_values/css/css_value_keywords.h	1118	crates/foundation/src/css_value_id.rs	1107	
src/foundation/style_values/css/css_value_keywords.h	1119	crates/foundation/src/css_value_id.rs	1108	
src/foundation/style_values/css/css_value_keywords.h	1120	crates/foundation/src/css_value_id.rs	1109	
src/foundation/style_values/css/css_value_keywords.h	1121	crates/foundation/src/css_value_id.rs	1110	
src/foundation/style_values/css/css_value_keywords.h	1122	crates/foundation/src/css_value_id.rs	1111	
src/foundation/style_values/css/css_value_keywords.h	1123	crates/foundation/src/css_value_id.rs	1112	
src/foundation/style_values/css/css_value_keywords.h	1124	crates/foundation/src/css_value_id.rs	1113	
src/foundation/style_values/css/css_value_keywords.h	1125	crates/foundation/src/css_value_id.rs	1114	
src/foundation/style_values/css/css_value_keywords.h	1126	crates/foundation/src/css_value_id.rs	1115	
src/foundation/style_values/css/css_value_keywords.h	1127	crates/foundation/src/css_value_id.rs	1116	
src/foundation/style_values/css/css_value_keywords.h	1128	crates/foundation/src/css_value_id.rs	1117	
src/foundation/style_values/css/css_value_keywords.h	1129	crates/foundation/src/css_value_id.rs	1118	
src/foundation/style_values/css/css_value_keywords.h	1130	crates/foundation/src/css_value_id.rs	1119	
src/foundation/style_values/css/css_value_keywords.h	1131	crates/foundation/src/css_value_id.rs	1120	
src/foundation/style_values/css/css_value_keywords.h	1132	crates/foundation/src/css_value_id.rs	1121	
src/foundation/style_values/css/css_value_keywords.h	1133	crates/foundation/src/css_value_id.rs	1122	
src/foundation/style_values/css/css_value_keywords.h	1134	crates/foundation/src/css_value_id.rs	1123	
src/foundation/style_values/css/css_value_keywords.h	1135	crates/foundation/src/css_value_id.rs	1124	
src/foundation/style_values/css/css_value_keywords.h	1136	crates/foundation/src/css_value_id.rs	1125	
src/foundation/style_values/css/css_value_keywords.h	1137	crates/foundation/src/css_value_id.rs	1126	
src/foundation/style_values/css/css_value_keywords.h	1138	crates/foundation/src/css_value_id.rs	1127	
src/foundation/style_values/css/css_value_keywords.h	1139	crates/foundation/src/css_value_id.rs	1128	
src/foundation/style_values/css/css_value_keywords.h	1140	crates/foundation/src/css_value_id.rs	1129	
src/foundation/style_values/css/css_value_keywords.h	1141	crates/foundation/src/css_value_id.rs	1130	
src/foundation/style_values/css/css_value_keywords.h	1142	crates/foundation/src/css_value_id.rs	1131	
src/foundation/style_values/css/css_value_keywords.h	1143	crates/foundation/src/css_value_id.rs	1132	
src/foundation/style_values/css/css_value_keywords.h	1144	crates/foundation/src/css_value_id.rs	1133	
src/foundation/style_values/css/css_value_keywords.h	1145	crates/foundation/src/css_value_id.rs	1134	
src/foundation/style_values/css/css_value_keywords.h	1146	crates/foundation/src/css_value_id.rs	1135	
src/foundation/style_values/css/css_value_keywords.h	1147	crates/foundation/src/css_value_id.rs	1136	
src/foundation/style_values/css/css_value_keywords.h	1148	crates/foundation/src/css_value_id.rs	1137	
src/foundation/style_values/css/css_value_keywords.h	1149	crates/foundation/src/css_value_id.rs	1138	
src/foundation/style_values/css/css_value_keywords.h	1150	crates/foundation/src/css_value_id.rs	1139	
src/foundation/style_values/css/css_value_keywords.h	1151	crates/foundation/src/css_value_id.rs	1140	
src/foundation/style_values/css/css_value_keywords.h	1152	crates/foundation/src/css_value_id.rs	1141	
src/foundation/style_values/css/css_value_keywords.h	1153	crates/foundation/src/css_value_id.rs	1142	
src/foundation/style_values/css/css_value_keywords.h	1154	crates/foundation/src/css_value_id.rs	1143	
src/foundation/style_values/css/css_value_keywords.h	1155	crates/foundation/src/css_value_id.rs	1144	
src/foundation/style_values/css/css_value_keywords.h	1156	crates/foundation/src/css_value_id.rs	1145	
src/foundation/style_values/css/css_value_keywords.h	1157	crates/foundation/src/css_value_id.rs	1146	
src/foundation/style_values/css/css_value_keywords.h	1158	crates/foundation/src/css_value_id.rs	1147	
src/foundation/style_values/css/css_value_keywords.h	1159	crates/foundation/src/css_value_id.rs	1148	
src/foundation/style_values/css/css_value_keywords.h	1160	crates/foundation/src/css_value_id.rs	1149	
src/foundation/style_values/css/css_value_keywords.h	1161	crates/foundation/src/css_value_id.rs	1150	
src/foundation/style_values/css/css_value_keywords.h	1162	crates/foundation/src/css_value_id.rs	1151	
src/foundation/style_values/css/css_value_keywords.h	1163	crates/foundation/src/css_value_id.rs	1152	
src/foundation/style_values/css/css_value_keywords.h	1164	crates/foundation/src/css_value_id.rs	1153	
src/foundation/style_values/css/css_value_keywords.h	1165	crates/foundation/src/css_value_id.rs	1154	
src/foundation/style_values/css/css_value_keywords.h	1166	crates/foundation/src/css_value_id.rs	1155	
src/foundation/style_values/css/css_value_keywords.h	1167	crates/foundation/src/css_value_id.rs	1156	
src/foundation/style_values/css/css_value_keywords.h	1168	crates/foundation/src/css_value_id.rs	1157	
src/foundation/style_values/css/css_value_keywords.h	1169	crates/foundation/src/css_value_id.rs	1158	
src/foundation/style_values/css/css_value_keywords.h	1170	crates/foundation/src/css_value_id.rs	1159	
src/foundation/style_values/css/css_value_keywords.h	1171	crates/foundation/src/css_value_id.rs	1160	
src/foundation/style_values/css/css_value_keywords.h	1172	crates/foundation/src/css_value_id.rs	1161	
src/foundation/style_values/css/css_value_keywords.h	1173	crates/foundation/src/css_value_id.rs	1162	
src/foundation/style_values/css/css_value_keywords.h	1174	crates/foundation/src/css_value_id.rs	1163	
src/foundation/style_values/css/css_value_keywords.h	1175	crates/foundation/src/css_value_id.rs	1164	
src/foundation/style_values/css/css_value_keywords.h	1176	crates/foundation/src/css_value_id.rs	1165	
src/foundation/style_values/css/css_value_keywords.h	1177	crates/foundation/src/css_value_id.rs	1166	
src/foundation/style_values/css/css_value_keywords.h	1178	crates/foundation/src/css_value_id.rs	1167	
src/foundation/style_values/css/css_value_keywords.h	1179	crates/foundation/src/css_value_id.rs	1168	
src/foundation/style_values/css/css_value_keywords.h	1180	crates/foundation/src/css_value_id.rs	1169	
src/foundation/style_values/css/css_value_keywords.h	1181	crates/foundation/src/css_value_id.rs	1170	
src/foundation/style_values/css/css_value_keywords.h	1182	crates/foundation/src/css_value_id.rs	1171	
src/foundation/style_values/css/css_value_keywords.h	1183	crates/foundation/src/css_value_id.rs	1172	
