/* Compressed unicode tables */
// Direct table translation of libunicode-table.h.
// c: libunicode-table.h:6
pub static case_conv_table1: [u32; 378] = [
    0x00209a30, 0x00309a00, 0x005a8173, 0x00601730, 0x006c0730, 0x006f81b3, 0x00701700, 0x007c0700,
    0x007f8100, 0x00803040, 0x009801c3, 0x00988190, 0x00990640, 0x009c9040, 0x00a481b4, 0x00a52e40,
    0x00bc0130, 0x00bc8640, 0x00bf8170, 0x00c00100, 0x00c08130, 0x00c10440, 0x00c30130, 0x00c38240,
    0x00c48230, 0x00c58240, 0x00c70130, 0x00c78130, 0x00c80130, 0x00c88240, 0x00c98130, 0x00ca0130,
    0x00ca8100, 0x00cb0130, 0x00cb8130, 0x00cc0240, 0x00cd0100, 0x00cd8101, 0x00ce0130, 0x00ce8130,
    0x00cf0100, 0x00cf8130, 0x00d00640, 0x00d30130, 0x00d38240, 0x00d48130, 0x00d60240, 0x00d70130,
    0x00d78240, 0x00d88230, 0x00d98440, 0x00db8130, 0x00dc0240, 0x00de0240, 0x00df8100, 0x00e20350,
    0x00e38350, 0x00e50350, 0x00e69040, 0x00ee8100, 0x00ef1240, 0x00f801b4, 0x00f88350, 0x00fa0240,
    0x00fb0130, 0x00fb8130, 0x00fc2840, 0x01100130, 0x01111240, 0x011d0131, 0x011d8240, 0x011e8130,
    0x011f0131, 0x011f8201, 0x01208240, 0x01218130, 0x01220130, 0x01228130, 0x01230a40, 0x01280101,
    0x01288101, 0x01290101, 0x01298100, 0x012a0100, 0x012b0200, 0x012c8100, 0x012d8100, 0x012e0101,
    0x01300100, 0x01308101, 0x01318100, 0x01320101, 0x01328101, 0x01330101, 0x01340100, 0x01348100,
    0x01350101, 0x01358101, 0x01360101, 0x01378100, 0x01388101, 0x01390100, 0x013a8100, 0x013e8101,
    0x01400100, 0x01410101, 0x01418100, 0x01438101, 0x01440100, 0x01448100, 0x01450200, 0x01460100,
    0x01490100, 0x014e8101, 0x014f0101, 0x01a28173, 0x01b80440, 0x01bb0240, 0x01bd8300, 0x01bf8130,
    0x01c30130, 0x01c40330, 0x01c60130, 0x01c70230, 0x01c801d0, 0x01c89130, 0x01d18930, 0x01d60100,
    0x01d68300, 0x01d801d3, 0x01d89100, 0x01e10173, 0x01e18900, 0x01e60100, 0x01e68200, 0x01e78130,
    0x01e80173, 0x01e88173, 0x01ea8173, 0x01eb0173, 0x01eb8100, 0x01ec1840, 0x01f80173, 0x01f88173,
    0x01f90100, 0x01f98100, 0x01fa01a0, 0x01fa8173, 0x01fb8240, 0x01fc8130, 0x01fd0240, 0x01fe8330,
    0x02001030, 0x02082030, 0x02182000, 0x02281000, 0x02302240, 0x02453640, 0x02600130, 0x02608e40,
    0x02678100, 0x02686040, 0x0298a630, 0x02b0a600, 0x02c381b5, 0x08502631, 0x08638131, 0x08668131,
    0x08682b00, 0x087e8300, 0x09d05011, 0x09f80610, 0x09fc0620, 0x0e400174, 0x0e408174, 0x0e410174,
    0x0e418174, 0x0e420174, 0x0e428174, 0x0e430174, 0x0e438180, 0x0e440180, 0x0e448240, 0x0e482b30,
    0x0e5e8330, 0x0ebc8101, 0x0ebe8101, 0x0ec70101, 0x0f007e40, 0x0f3f1840, 0x0f4b01b5, 0x0f4b81b6,
    0x0f4c01b6, 0x0f4c81b6, 0x0f4d01b7, 0x0f4d8180, 0x0f4f0130, 0x0f506040, 0x0f800800, 0x0f840830,
    0x0f880600, 0x0f8c0630, 0x0f900800, 0x0f940830, 0x0f980800, 0x0f9c0830, 0x0fa00600, 0x0fa40630,
    0x0fa801b0, 0x0fa88100, 0x0fa901d3, 0x0fa98100, 0x0faa01d3, 0x0faa8100, 0x0fab01d3, 0x0fab8100,
    0x0fac8130, 0x0fad8130, 0x0fae8130, 0x0faf8130, 0x0fb00800, 0x0fb40830, 0x0fb80200, 0x0fb90400,
    0x0fbb0201, 0x0fbc0201, 0x0fbd0201, 0x0fbe0201, 0x0fc008b7, 0x0fc40867, 0x0fc808b8, 0x0fcc0868,
    0x0fd008b8, 0x0fd40868, 0x0fd80200, 0x0fd901b9, 0x0fd981b1, 0x0fda01b9, 0x0fdb01b1, 0x0fdb81d7,
    0x0fdc0230, 0x0fdd0230, 0x0fde0161, 0x0fdf0173, 0x0fe101b9, 0x0fe181b2, 0x0fe201ba, 0x0fe301b2,
    0x0fe381d8, 0x0fe40430, 0x0fe60162, 0x0fe80201, 0x0fe901d0, 0x0fe981d0, 0x0feb01b0, 0x0feb81d0,
    0x0fec0230, 0x0fed0230, 0x0ff00201, 0x0ff101d3, 0x0ff181d3, 0x0ff201ba, 0x0ff28101, 0x0ff301b0,
    0x0ff381d3, 0x0ff40231, 0x0ff50230, 0x0ff60131, 0x0ff901ba, 0x0ff981b2, 0x0ffa01bb, 0x0ffb01b2,
    0x0ffb81d9, 0x0ffc0230, 0x0ffd0230, 0x0ffe0162, 0x109301a0, 0x109501a0, 0x109581a0, 0x10990131,
    0x10a70101, 0x10b01031, 0x10b81001, 0x10c18240, 0x125b1a31, 0x12681a01, 0x16003031, 0x16183001,
    0x16300240, 0x16310130, 0x16318130, 0x16320130, 0x16328100, 0x16330100, 0x16338640, 0x16368130,
    0x16370130, 0x16378130, 0x16380130, 0x16390240, 0x163a8240, 0x163f0230, 0x16406440, 0x16758440,
    0x16790240, 0x16802600, 0x16938100, 0x16968100, 0x53202e40, 0x53401c40, 0x53910e40, 0x53993e40,
    0x53bc8440, 0x53be8130, 0x53bf0a40, 0x53c58240, 0x53c68130, 0x53c80440, 0x53ca0101, 0x53cb1440,
    0x53d50130, 0x53d58130, 0x53d60130, 0x53d68130, 0x53d70130, 0x53d80130, 0x53d88130, 0x53d90130,
    0x53d98131, 0x53da1040, 0x53e20131, 0x53e28130, 0x53e30130, 0x53e38440, 0x53e58130, 0x53e61040,
    0x53ee0130, 0x53fa8240, 0x55a98101, 0x55b85020, 0x7d8001b2, 0x7d8081b2, 0x7d8101b2, 0x7d8181da,
    0x7d8201da, 0x7d8281b3, 0x7d8301b3, 0x7d8981bb, 0x7d8a01bb, 0x7d8a81bb, 0x7d8b01bc, 0x7d8b81bb,
    0x7f909a31, 0x7fa09a01, 0x82002831, 0x82142801, 0x82582431, 0x826c2401, 0x82b80b31, 0x82be0f31,
    0x82c60731, 0x82ca0231, 0x82cb8b01, 0x82d18f01, 0x82d98701, 0x82dd8201, 0x86403331, 0x86603301,
    0x86a81631, 0x86b81601, 0x8c502031, 0x8c602001, 0xb7202031, 0xb7302001, 0xb7501931, 0xb75d9901,
    0xf4802231, 0xf4912201,
];
// c: libunicode-table.h:104
pub static case_conv_table2: [u8; 378] = [
    0x01, 0x00, 0x9c, 0x06, 0x07, 0x4d, 0x03, 0x04, 0x10, 0x00, 0x8f, 0x0b, 0x00, 0x00, 0x11, 0x00,
    0x08, 0x00, 0x53, 0x4b, 0x52, 0x00, 0x53, 0x00, 0x54, 0x00, 0x3b, 0x55, 0x56, 0x00, 0x58, 0x5a,
    0x40, 0x5f, 0x5e, 0x00, 0x47, 0x50, 0x63, 0x65, 0x43, 0x66, 0x00, 0x68, 0x00, 0x6a, 0x00, 0x6c,
    0x00, 0x6e, 0x00, 0x70, 0x00, 0x00, 0x41, 0x00, 0x00, 0x00, 0x00, 0x1a, 0x00, 0x93, 0x00, 0x00,
    0x20, 0x36, 0x00, 0x28, 0x00, 0x24, 0x00, 0x24, 0x25, 0x2d, 0x00, 0x13, 0x6d, 0x6f, 0x00, 0x29,
    0x27, 0x2a, 0x14, 0x16, 0x18, 0x1b, 0x1c, 0x41, 0x1e, 0x42, 0x1f, 0x4e, 0x3c, 0x40, 0x22, 0x21,
    0x44, 0x21, 0x43, 0x26, 0x28, 0x27, 0x29, 0x23, 0x2b, 0x4b, 0x2d, 0x46, 0x2f, 0x4c, 0x31, 0x4d,
    0x33, 0x47, 0x45, 0x99, 0x00, 0x00, 0x97, 0x91, 0x7f, 0x80, 0x85, 0x86, 0x12, 0x82, 0x84, 0x78,
    0x79, 0x12, 0x7d, 0xa3, 0x7e, 0x7a, 0x7b, 0x8c, 0x92, 0x98, 0xa6, 0xa0, 0x87, 0x00, 0x9a, 0xa1,
    0x95, 0x77, 0x33, 0x95, 0x00, 0x90, 0x00, 0x76, 0x9b, 0x9a, 0x99, 0x98, 0x00, 0x00, 0xa0, 0x00,
    0x9e, 0x00, 0xa3, 0xa2, 0x15, 0x31, 0x32, 0x33, 0xb7, 0xb8, 0x53, 0xac, 0xab, 0x12, 0x14, 0x1e,
    0x21, 0x22, 0x22, 0x2a, 0x34, 0x35, 0x00, 0xa8, 0xa9, 0x39, 0x22, 0x4c, 0x00, 0x00, 0x97, 0x01,
    0x5a, 0xda, 0x1d, 0x36, 0x05, 0x00, 0xc7, 0xc6, 0xc9, 0xc8, 0xcb, 0xca, 0xcd, 0xcc, 0xcf, 0xce,
    0xc4, 0xd8, 0x45, 0xd9, 0x42, 0xda, 0x46, 0xdb, 0xd1, 0xd3, 0xd5, 0xd7, 0xdd, 0xdc, 0xf1, 0xf9,
    0x01, 0x11, 0x0a, 0x12, 0x80, 0x9f, 0x00, 0x21, 0x80, 0xa3, 0xf0, 0x00, 0xc0, 0x40, 0xc6, 0x60,
    0xea, 0xde, 0xe6, 0x99, 0xc0, 0x00, 0x00, 0x06, 0x60, 0xdf, 0x29, 0x00, 0x15, 0x12, 0x06, 0x16,
    0xfb, 0xe0, 0x09, 0x15, 0x12, 0x84, 0x0b, 0xc6, 0x16, 0x02, 0xe2, 0x06, 0xc0, 0x40, 0x00, 0x46,
    0x60, 0xe1, 0xe3, 0x6d, 0x37, 0x38, 0x39, 0x18, 0x17, 0x1a, 0x19, 0x00, 0x1d, 0x1c, 0x1f, 0x1e,
    0x00, 0x61, 0xba, 0x67, 0x45, 0x48, 0x00, 0x50, 0x64, 0x4f, 0x51, 0x00, 0x00, 0x49, 0x00, 0x00,
    0x00, 0xa5, 0xa6, 0xa7, 0x00, 0x00, 0x00, 0x00, 0x00, 0xb9, 0x00, 0x00, 0x5c, 0x00, 0x4a, 0x00,
    0x5d, 0x57, 0x59, 0x62, 0x60, 0x72, 0x6b, 0x71, 0x52, 0x00, 0x3e, 0x69, 0xbb, 0x00, 0x5b, 0x00,
    0x25, 0x00, 0x48, 0xaa, 0x8a, 0x8b, 0x8c, 0xab, 0xac, 0x58, 0x58, 0xaf, 0x94, 0xb0, 0x6f, 0xb2,
    0x61, 0x60, 0x63, 0x62, 0x65, 0x64, 0x6a, 0x6b, 0x6c, 0x6d, 0x66, 0x67, 0x68, 0x69, 0x6f, 0x6e,
    0x71, 0x70, 0x73, 0x72, 0x75, 0x74, 0x77, 0x76, 0x79, 0x78,
];
// c: libunicode-table.h:155
pub static case_conv_ext: [u16; 58] = [
    0x0399, 0x0308, 0x0301, 0x03a5, 0x0313, 0x0300, 0x0342, 0x0391, 0x0397, 0x03a9, 0x0046, 0x0049,
    0x004c, 0x0053, 0x0069, 0x0307, 0x02bc, 0x004e, 0x004a, 0x030c, 0x0535, 0x0552, 0x0048, 0x0331,
    0x0054, 0x0057, 0x030a, 0x0059, 0x0041, 0x02be, 0x1f08, 0x1f80, 0x1f28, 0x1f90, 0x1f68, 0x1fa0,
    0x1fba, 0x0386, 0x1fb3, 0x1fca, 0x0389, 0x1fc3, 0x03a1, 0x1ffa, 0x038f, 0x1ff3, 0x0544, 0x0546,
    0x053b, 0x054e, 0x053d, 0x03b8, 0x0462, 0xa64a, 0x1e60, 0x03c9, 0x006b, 0x00e5,
];
// c: libunicode-table.h:166
pub static unicode_prop_Cased1_table: [u8; 190] = [
    0x40, 0xa9, 0x80, 0x8e, 0x80, 0xfc, 0x80, 0xd3, 0x80, 0x9b, 0x81, 0x8d, 0x02, 0x80, 0xe1, 0x80,
    0x91, 0x85, 0x9a, 0x01, 0x00, 0x01, 0x11, 0x03, 0x04, 0x08, 0x01, 0x08, 0x30, 0x08, 0x01, 0x15,
    0x20, 0x01, 0x31, 0x99, 0x31, 0x9d, 0x84, 0x40, 0x94, 0x80, 0xd6, 0x82, 0xa6, 0x80, 0x41, 0x62,
    0x80, 0xa6, 0x80, 0x4b, 0x72, 0x80, 0x4c, 0x02, 0xf8, 0x02, 0x80, 0x8f, 0x80, 0xb0, 0x40, 0xdb,
    0x08, 0x80, 0x41, 0xd0, 0x80, 0x8c, 0x80, 0x8f, 0x8c, 0xe4, 0x03, 0x01, 0x89, 0x00, 0x14, 0x28,
    0x10, 0x11, 0x02, 0x01, 0x18, 0x0b, 0x24, 0x4b, 0x26, 0x01, 0x01, 0x86, 0xe5, 0x80, 0x60, 0x79,
    0xb6, 0x81, 0x40, 0x91, 0x81, 0xbd, 0x88, 0x94, 0x05, 0x80, 0x98, 0x80, 0xc0, 0x1a, 0x82, 0x43,
    0x34, 0xa2, 0x06, 0x80, 0x8d, 0x60, 0x5c, 0x15, 0x01, 0x10, 0xa9, 0x80, 0x88, 0x60, 0xcc, 0x44,
    0xd4, 0x80, 0xc6, 0x01, 0x08, 0x09, 0x0b, 0x80, 0x8b, 0x00, 0x06, 0x80, 0xc0, 0x03, 0x0f, 0x06,
    0x80, 0x9b, 0x03, 0x04, 0x00, 0x16, 0x80, 0x41, 0x53, 0x81, 0x98, 0x80, 0x98, 0x80, 0x9e, 0x80,
    0x98, 0x80, 0x9e, 0x80, 0x98, 0x80, 0x9e, 0x80, 0x98, 0x80, 0x9e, 0x80, 0x98, 0x07, 0x47, 0x33,
    0x89, 0x80, 0x93, 0x2d, 0x41, 0x04, 0xbd, 0x50, 0xc1, 0x99, 0x85, 0x99, 0x85, 0x99,
];
// c: libunicode-table.h:193
pub static unicode_prop_Cased1_index: [u8; 18] = [
    0xb9, 0x02, 0x80, 0xa0, 0x1e, 0x40, 0x9e, 0xa6, 0x40, 0x55, 0xd4, 0x21, 0x15, 0xd7, 0x21, 0x8a,
    0xf1, 0x01,
];
// c: libunicode-table.h:202
pub static unicode_prop_Case_Ignorable_table: [u8; 785] = [
    0xa6, 0x05, 0x80, 0x8a, 0x80, 0xa2, 0x00, 0x80, 0xc6, 0x03, 0x00, 0x03, 0x01, 0x81, 0x41, 0xf6,
    0x40, 0xbf, 0x19, 0x18, 0x88, 0x08, 0x80, 0x40, 0xfa, 0x86, 0x40, 0xce, 0x04, 0x80, 0xb0, 0xac,
    0x00, 0x01, 0x01, 0x00, 0xab, 0x80, 0x8a, 0x85, 0x89, 0x8a, 0x00, 0xa2, 0x80, 0x89, 0x94, 0x8f,
    0x80, 0xe4, 0x38, 0x89, 0x03, 0xa0, 0x00, 0x80, 0x9d, 0x9a, 0xda, 0x8a, 0xb9, 0x8a, 0x18, 0x08,
    0x97, 0x97, 0xaa, 0x82, 0xab, 0x06, 0x0c, 0x88, 0xa8, 0xb9, 0xb6, 0x00, 0x03, 0x3b, 0x02, 0x86,
    0x89, 0x81, 0x8c, 0x80, 0x8e, 0x80, 0xb9, 0x03, 0x1f, 0x80, 0x93, 0x81, 0x99, 0x01, 0x81, 0xb8,
    0x03, 0x0b, 0x09, 0x12, 0x80, 0x9d, 0x0a, 0x80, 0x8a, 0x81, 0xb8, 0x03, 0x20, 0x0b, 0x80, 0x93,
    0x81, 0x95, 0x28, 0x80, 0xb9, 0x01, 0x00, 0x1f, 0x06, 0x81, 0x8a, 0x81, 0x9d, 0x80, 0xbc, 0x80,
    0x8b, 0x80, 0xb1, 0x02, 0x80, 0xb6, 0x00, 0x14, 0x10, 0x1e, 0x81, 0x8a, 0x81, 0x9c, 0x80, 0xb9,
    0x01, 0x05, 0x04, 0x81, 0x93, 0x81, 0x9b, 0x81, 0xb8, 0x0b, 0x1f, 0x80, 0x93, 0x81, 0x9c, 0x80,
    0xc7, 0x06, 0x10, 0x80, 0xd9, 0x01, 0x86, 0x8a, 0x88, 0xe1, 0x01, 0x88, 0x88, 0x00, 0x86, 0xc8,
    0x81, 0x9a, 0x00, 0x00, 0x80, 0xb6, 0x8d, 0x04, 0x01, 0x84, 0x8a, 0x80, 0xa3, 0x88, 0x80, 0xe5,
    0x18, 0x28, 0x09, 0x81, 0x98, 0x0b, 0x82, 0x8f, 0x83, 0x8c, 0x01, 0x0d, 0x80, 0x8e, 0x80, 0xdd,
    0x80, 0x42, 0x5f, 0x82, 0x43, 0xb1, 0x82, 0x9c, 0x81, 0x9d, 0x81, 0x9d, 0x81, 0xbf, 0x08, 0x37,
    0x01, 0x8a, 0x10, 0x20, 0xac, 0x84, 0xb2, 0x80, 0xc0, 0x81, 0xa1, 0x80, 0xf5, 0x13, 0x81, 0x88,
    0x05, 0x82, 0x40, 0xda, 0x09, 0x80, 0xb9, 0x00, 0x30, 0x00, 0x01, 0x3d, 0x89, 0x08, 0xa6, 0x07,
    0xad, 0x81, 0x8b, 0x93, 0x83, 0xaf, 0x00, 0x20, 0x04, 0x80, 0xa7, 0x88, 0x8b, 0x81, 0x9f, 0x19,
    0x08, 0x82, 0xb7, 0x00, 0x0a, 0x00, 0x82, 0xb9, 0x39, 0x81, 0xbf, 0x85, 0xd1, 0x10, 0x8c, 0x06,
    0x18, 0x28, 0x11, 0xb1, 0xbe, 0x8c, 0x80, 0xa1, 0xe4, 0x41, 0xbc, 0x00, 0x82, 0x8a, 0x82, 0x8c,
    0x82, 0x8c, 0x82, 0x8c, 0x81, 0x8b, 0x27, 0x81, 0x89, 0x01, 0x01, 0x84, 0xb0, 0x20, 0x89, 0x00,
    0x8c, 0x80, 0x8f, 0x8c, 0xb2, 0xa0, 0x4b, 0x8a, 0x81, 0xf0, 0x82, 0xfc, 0x80, 0x8e, 0x80, 0xdf,
    0x9f, 0xae, 0x80, 0x41, 0xd4, 0x80, 0xa3, 0x1a, 0x24, 0x80, 0xdc, 0x85, 0xdc, 0x82, 0x60, 0x6f,
    0x15, 0x80, 0x44, 0xe1, 0x85, 0x41, 0x0d, 0x80, 0xe1, 0x18, 0x89, 0x00, 0x9b, 0x83, 0xcf, 0x81,
    0x8d, 0xa1, 0xcd, 0x80, 0x96, 0x82, 0xe5, 0x1a, 0x0f, 0x02, 0x03, 0x80, 0x98, 0x0c, 0x80, 0x40,
    0x96, 0x81, 0x99, 0x91, 0x8c, 0x80, 0xa5, 0x87, 0x98, 0x8a, 0xad, 0x82, 0xaf, 0x01, 0x19, 0x81,
    0x90, 0x80, 0x94, 0x81, 0xc1, 0x29, 0x09, 0x81, 0x8b, 0x07, 0x80, 0xa2, 0x80, 0x8a, 0x80, 0xb2,
    0x00, 0x11, 0x0c, 0x08, 0x80, 0x9a, 0x80, 0x8d, 0x0c, 0x08, 0x80, 0xe3, 0x84, 0x88, 0x82, 0xf8,
    0x01, 0x03, 0x80, 0x60, 0x4f, 0x2f, 0x80, 0x40, 0x92, 0x90, 0x42, 0x3c, 0x8f, 0x10, 0x8b, 0x8f,
    0xa1, 0x01, 0x80, 0x40, 0xa8, 0x06, 0x05, 0x80, 0x8a, 0x80, 0xa2, 0x00, 0x80, 0xae, 0x80, 0xac,
    0x81, 0xc2, 0x80, 0x94, 0x82, 0x42, 0x00, 0x80, 0x40, 0xe1, 0x80, 0x40, 0x94, 0x84, 0x44, 0x04,
    0x28, 0xa9, 0x80, 0x88, 0x42, 0x45, 0x10, 0x0c, 0x83, 0xa7, 0x13, 0x80, 0x40, 0xa4, 0x81, 0x42,
    0x3c, 0x83, 0xa5, 0x80, 0x99, 0x20, 0x80, 0x41, 0x3a, 0x81, 0x97, 0x80, 0xb3, 0x85, 0xc5, 0x8a,
    0xb0, 0x83, 0xfa, 0x80, 0xb5, 0x8e, 0xa8, 0x01, 0x81, 0x89, 0x82, 0xb0, 0x19, 0x09, 0x03, 0x80,
    0x89, 0x80, 0xb1, 0x82, 0xa3, 0x20, 0x87, 0xbd, 0x80, 0x8b, 0x81, 0xb3, 0x88, 0x89, 0x19, 0x80,
    0xde, 0x11, 0x00, 0x0d, 0x01, 0x80, 0x40, 0x9c, 0x02, 0x87, 0x94, 0x81, 0xb8, 0x0a, 0x80, 0xa4,
    0x32, 0x84, 0xc5, 0x85, 0x8c, 0x00, 0x00, 0x80, 0x8d, 0x81, 0xd4, 0x39, 0x10, 0x80, 0x96, 0x80,
    0xd3, 0x28, 0x03, 0x08, 0x81, 0x40, 0xed, 0x1d, 0x08, 0x81, 0x9a, 0x81, 0xd4, 0x39, 0x00, 0x81,
    0xe9, 0x00, 0x01, 0x28, 0x80, 0xe4, 0x00, 0x01, 0x18, 0x84, 0x41, 0x02, 0x88, 0x01, 0x40, 0xff,
    0x08, 0x03, 0x80, 0x40, 0x8f, 0x19, 0x0b, 0x80, 0x9f, 0x89, 0xa7, 0x29, 0x1f, 0x80, 0x88, 0x29,
    0x82, 0xad, 0x8c, 0x01, 0x40, 0xc5, 0x00, 0x10, 0x80, 0x40, 0xc8, 0x30, 0x28, 0x80, 0xd1, 0x95,
    0x0e, 0x01, 0x01, 0xf9, 0x2a, 0x00, 0x08, 0x30, 0x80, 0xc7, 0x0a, 0x00, 0x80, 0xc0, 0x80, 0x41,
    0x18, 0x81, 0x8a, 0x81, 0xb3, 0x24, 0x00, 0x80, 0x96, 0x80, 0x54, 0xd4, 0x90, 0x85, 0x8e, 0x60,
    0x2c, 0xc7, 0x8b, 0x12, 0x49, 0xbf, 0x84, 0xba, 0x86, 0x88, 0x83, 0x41, 0xfb, 0x82, 0xa7, 0x81,
    0x41, 0xe1, 0x80, 0xbe, 0x90, 0xbf, 0x08, 0x81, 0x8c, 0x81, 0x60, 0x3f, 0xfb, 0x18, 0x30, 0x81,
    0x4c, 0x9d, 0x08, 0x83, 0x52, 0x5b, 0xad, 0x81, 0x96, 0x42, 0x1f, 0x82, 0x88, 0x8f, 0x0e, 0x9d,
    0x83, 0x40, 0x93, 0x82, 0x47, 0xba, 0xb6, 0x83, 0xb1, 0x38, 0x8d, 0x80, 0x95, 0x20, 0x8e, 0x45,
    0x4f, 0x30, 0x90, 0x0e, 0x01, 0x04, 0x84, 0xbd, 0xa0, 0x80, 0x40, 0x9f, 0x8d, 0x41, 0x6f, 0x80,
    0xbc, 0x83, 0x41, 0xfa, 0x84, 0x40, 0xfd, 0x81, 0x40, 0xf2, 0x01, 0x06, 0x0c, 0x80, 0x88, 0x80,
    0x41, 0xcf, 0x86, 0xec, 0x87, 0x4a, 0xae, 0x84, 0x6c, 0x0c, 0x00, 0x80, 0x9d, 0xdf, 0xff, 0x40,
    0xef,
];
// c: libunicode-table.h:304
pub static unicode_prop_Case_Ignorable_index: [u8; 75] = [
    0xbe, 0x05, 0x00, 0xfe, 0x07, 0x00, 0x52, 0x0a, 0xa0, 0xc1, 0x0b, 0x00, 0x82, 0x0d, 0x00, 0x3f,
    0x10, 0x80, 0xd4, 0x17, 0x40, 0xde, 0x1a, 0x20, 0xe9, 0x1c, 0x00, 0x72, 0x20, 0x00, 0x16, 0xa0,
    0x40, 0xc6, 0xa8, 0x40, 0xc2, 0xaa, 0xa0, 0x30, 0xfe, 0x00, 0xb1, 0x07, 0x41, 0x51, 0x0f, 0x01,
    0xd0, 0x11, 0x01, 0x5f, 0x14, 0x01, 0x44, 0x19, 0x61, 0xa8, 0x1c, 0x01, 0x2a, 0x61, 0x61, 0xff,
    0xaf, 0x01, 0x19, 0xe0, 0x61, 0x00, 0xe7, 0x01, 0xf0, 0x01, 0x0e,
];
// c: libunicode-table.h:332
pub static unicode_prop_ID_Start_table: [u8; 1146] = [
    0xc0, 0x99, 0x85, 0x99, 0xae, 0x80, 0x89, 0x03, 0x04, 0x96, 0x80, 0x9e, 0x80, 0x41, 0xc9, 0x83,
    0x8b, 0x8d, 0x26, 0x00, 0x80, 0x40, 0x80, 0x20, 0x09, 0x18, 0x05, 0x00, 0x10, 0x00, 0x93, 0x80,
    0xd2, 0x80, 0x40, 0x8a, 0x87, 0x40, 0xa5, 0x80, 0xa5, 0x08, 0x85, 0xa8, 0xc6, 0x9a, 0x1b, 0xac,
    0xaa, 0xa2, 0x08, 0xe2, 0x00, 0x8e, 0x0e, 0x81, 0x89, 0x11, 0x80, 0x8f, 0x00, 0x9d, 0x9c, 0xd8,
    0x8a, 0x80, 0x97, 0xa0, 0x88, 0x0b, 0x04, 0x95, 0x18, 0x88, 0x02, 0x80, 0x96, 0x98, 0x86, 0x8a,
    0x84, 0x97, 0x06, 0x8f, 0xa9, 0xb9, 0xb5, 0x10, 0x91, 0x06, 0x89, 0x8e, 0x8f, 0x1f, 0x09, 0x81,
    0x95, 0x06, 0x00, 0x13, 0x10, 0x8f, 0x80, 0x8c, 0x08, 0x82, 0x8d, 0x81, 0x89, 0x07, 0x2b, 0x09,
    0x95, 0x06, 0x01, 0x01, 0x01, 0x9e, 0x18, 0x80, 0x92, 0x82, 0x8f, 0x88, 0x02, 0x80, 0x95, 0x06,
    0x01, 0x04, 0x10, 0x91, 0x80, 0x8e, 0x81, 0x96, 0x80, 0x8a, 0x39, 0x09, 0x95, 0x06, 0x01, 0x04,
    0x10, 0x9d, 0x08, 0x82, 0x8e, 0x80, 0x90, 0x00, 0x2a, 0x10, 0x1a, 0x08, 0x00, 0x0a, 0x0a, 0x12,
    0x8b, 0x95, 0x80, 0xb3, 0x38, 0x10, 0x96, 0x80, 0x8f, 0x10, 0x99, 0x10, 0x09, 0x81, 0x9d, 0x03,
    0x38, 0x10, 0x96, 0x80, 0x89, 0x04, 0x10, 0x9d, 0x10, 0x81, 0x8e, 0x81, 0x90, 0x88, 0x02, 0x80,
    0xa8, 0x08, 0x8f, 0x04, 0x17, 0x82, 0x97, 0x2c, 0x91, 0x82, 0x97, 0x80, 0x88, 0x00, 0x0e, 0xb9,
    0xaf, 0x01, 0x8b, 0x86, 0xb9, 0x08, 0x00, 0x20, 0x97, 0x00, 0x80, 0x89, 0x01, 0x88, 0x01, 0x20,
    0x80, 0x94, 0x83, 0x9f, 0x80, 0xbe, 0x38, 0xa3, 0x9a, 0x84, 0xf2, 0xaa, 0x93, 0x80, 0x8f, 0x2b,
    0x1a, 0x02, 0x0e, 0x13, 0x8c, 0x8b, 0x80, 0x90, 0xa5, 0x00, 0x20, 0x81, 0xaa, 0x80, 0x41, 0x4c,
    0x03, 0x0e, 0x00, 0x03, 0x81, 0xa8, 0x03, 0x81, 0xa0, 0x03, 0x0e, 0x00, 0x03, 0x81, 0x8e, 0x80,
    0xb8, 0x03, 0x81, 0xc2, 0xa4, 0x8f, 0x8f, 0xd5, 0x0d, 0x82, 0x42, 0x6b, 0x81, 0x90, 0x80, 0x99,
    0x84, 0xca, 0x82, 0x8a, 0x86, 0x91, 0x8c, 0x92, 0x8d, 0x91, 0x8d, 0x8c, 0x02, 0x8e, 0xb3, 0xa2,
    0x03, 0x80, 0xc2, 0xd8, 0x86, 0xa8, 0x00, 0x84, 0xc5, 0x89, 0x9e, 0xb0, 0x9d, 0x0c, 0x8a, 0xab,
    0x83, 0x99, 0xb5, 0x96, 0x88, 0xb4, 0xd1, 0x80, 0xdc, 0xae, 0x90, 0x87, 0xb5, 0x9d, 0x8c, 0x81,
    0x89, 0xab, 0x99, 0xa3, 0xa8, 0x82, 0x89, 0xa3, 0x81, 0x8a, 0x84, 0xaa, 0x0a, 0xa8, 0x18, 0x28,
    0x0a, 0x04, 0x40, 0xbf, 0xbf, 0x41, 0x15, 0x0d, 0x81, 0xa5, 0x0d, 0x0f, 0x00, 0x00, 0x00, 0x80,
    0x9e, 0x81, 0xb4, 0x06, 0x00, 0x12, 0x06, 0x13, 0x0d, 0x83, 0x8c, 0x22, 0x06, 0xf3, 0x80, 0x8c,
    0x80, 0x8f, 0x8c, 0xe4, 0x03, 0x01, 0x89, 0x00, 0x0d, 0x28, 0x00, 0x00, 0x80, 0x8f, 0x0b, 0x24,
    0x18, 0x90, 0xa8, 0x4a, 0x76, 0x40, 0xe4, 0x2b, 0x11, 0x8b, 0xa5, 0x00, 0x20, 0x81, 0xb7, 0x30,
    0x8f, 0x96, 0x88, 0x30, 0x30, 0x30, 0x30, 0x30, 0x30, 0x30, 0x86, 0x42, 0x25, 0x82, 0x98, 0x88,
    0x34, 0x0c, 0x83, 0xd5, 0x1c, 0x80, 0xd9, 0x03, 0x84, 0xaa, 0x80, 0xdd, 0x90, 0x9f, 0xaf, 0x8f,
    0x41, 0xff, 0x59, 0xbf, 0xbf, 0x60, 0x56, 0x8c, 0xc2, 0xad, 0x81, 0x41, 0x0c, 0x82, 0x8f, 0x89,
    0x81, 0x93, 0xae, 0x8f, 0x9e, 0x81, 0xcf, 0xa6, 0x88, 0x81, 0xe6, 0x81, 0xd1, 0x93, 0x90, 0x02,
    0x03, 0x80, 0x96, 0x9c, 0xb3, 0x8d, 0xb1, 0xbd, 0x2a, 0x00, 0x81, 0x8a, 0x9b, 0x89, 0x96, 0x98,
    0x9c, 0x86, 0xae, 0x9b, 0x80, 0x8f, 0x20, 0x89, 0x89, 0x20, 0xa8, 0x96, 0x10, 0x87, 0x93, 0x96,
    0x10, 0x82, 0xb1, 0x00, 0x11, 0x0c, 0x08, 0x00, 0x97, 0x11, 0x8a, 0x32, 0x8b, 0x29, 0x29, 0x85,
    0x88, 0x30, 0x30, 0xaa, 0x80, 0x8d, 0x85, 0xf2, 0x9c, 0x60, 0x2b, 0xa3, 0x8b, 0x96, 0x83, 0xb0,
    0x60, 0x21, 0x03, 0x41, 0x6d, 0x81, 0xe9, 0xa5, 0x86, 0x8b, 0x24, 0x00, 0x89, 0x80, 0x8c, 0x04,
    0x00, 0x01, 0x01, 0x80, 0xeb, 0xa0, 0x41, 0x6a, 0x91, 0xbf, 0x81, 0xb5, 0xa7, 0x8b, 0xf3, 0x20,
    0x40, 0x86, 0xa3, 0x99, 0x85, 0x99, 0x8a, 0xd8, 0x15, 0x0d, 0x0d, 0x0a, 0xa2, 0x8b, 0x80, 0x99,
    0x80, 0x92, 0x01, 0x80, 0x8e, 0x81, 0x8d, 0xa1, 0xfa, 0xc4, 0xb4, 0x41, 0x0a, 0x9c, 0x82, 0xb0,
    0xae, 0x9f, 0x8c, 0x9d, 0x84, 0xa5, 0x89, 0x9d, 0x81, 0xa3, 0x1f, 0x04, 0xa9, 0x40, 0x9d, 0x91,
    0xa3, 0x83, 0xa3, 0x83, 0xa7, 0x87, 0xb3, 0x8b, 0x8a, 0x80, 0x8e, 0x06, 0x01, 0x80, 0x8a, 0x80,
    0x8e, 0x06, 0x01, 0x82, 0xb3, 0x8b, 0x41, 0x36, 0x88, 0x95, 0x89, 0x87, 0x97, 0x28, 0xa9, 0x80,
    0x88, 0xc4, 0x29, 0x00, 0xab, 0x01, 0x10, 0x81, 0x96, 0x89, 0x96, 0x88, 0x9e, 0xc0, 0x92, 0x01,
    0x89, 0x95, 0x89, 0x99, 0x85, 0x99, 0xa5, 0xb7, 0x29, 0xbf, 0x80, 0x8e, 0x18, 0x10, 0x9c, 0xa9,
    0x9c, 0x82, 0x9c, 0xa2, 0x38, 0x9b, 0x9a, 0xb5, 0x89, 0x95, 0x89, 0x92, 0x8c, 0x91, 0xed, 0xc8,
    0xb6, 0xb2, 0x8c, 0xb2, 0x8c, 0xa3, 0xa5, 0x9b, 0x88, 0x96, 0x40, 0xf9, 0xa9, 0x29, 0x8f, 0x85,
    0xb7, 0x9c, 0x89, 0x07, 0x95, 0xa9, 0x91, 0xad, 0x94, 0x9a, 0x96, 0x8b, 0xb4, 0xb8, 0x09, 0x80,
    0x8c, 0xac, 0x9f, 0x98, 0x99, 0xa3, 0x9c, 0x01, 0x07, 0xa2, 0x10, 0x8b, 0xaf, 0x8d, 0x83, 0x94,
    0x00, 0x80, 0xa2, 0x91, 0x80, 0x98, 0x92, 0x81, 0xbe, 0x30, 0x00, 0x18, 0x8e, 0x80, 0x89, 0x86,
    0xae, 0xa5, 0x39, 0x09, 0x95, 0x06, 0x01, 0x04, 0x10, 0x91, 0x80, 0x8b, 0x84, 0x9d, 0x89, 0x00,
    0x08, 0x80, 0xa5, 0x00, 0x98, 0x00, 0x80, 0xab, 0xb4, 0x91, 0x83, 0x93, 0x82, 0x9d, 0xaf, 0x93,
    0x08, 0x80, 0x40, 0xb7, 0xae, 0xa8, 0x83, 0xa3, 0xaf, 0x93, 0x80, 0xba, 0xaa, 0x8c, 0x80, 0xc6,
    0x9a, 0xa4, 0x86, 0x40, 0xb8, 0xab, 0xf3, 0xbf, 0x9e, 0x39, 0x01, 0x38, 0x08, 0x97, 0x8e, 0x00,
    0x80, 0xdd, 0x39, 0xa6, 0x8f, 0x00, 0x80, 0x9b, 0x80, 0x89, 0xa7, 0x30, 0x94, 0x80, 0x8a, 0xad,
    0x92, 0x80, 0x91, 0xc8, 0x40, 0xc6, 0xa0, 0x9e, 0x88, 0x80, 0xa4, 0x90, 0x80, 0xb0, 0x9d, 0xef,
    0x30, 0x08, 0xa5, 0x94, 0x80, 0x98, 0x28, 0x08, 0x9f, 0x8d, 0x80, 0x96, 0xab, 0x41, 0x03, 0x92,
    0x8e, 0x00, 0x8c, 0x80, 0xa1, 0xfb, 0x80, 0xce, 0x43, 0x99, 0xe5, 0xee, 0x90, 0x40, 0xc3, 0x4a,
    0x4b, 0xe0, 0x8e, 0x44, 0x2f, 0x90, 0x85, 0x98, 0x4f, 0x9a, 0x84, 0x42, 0x46, 0x5a, 0xb8, 0x9d,
    0x46, 0xe1, 0x42, 0x38, 0x86, 0x9e, 0x90, 0xce, 0x90, 0x9d, 0x91, 0xaf, 0x8f, 0x83, 0x9e, 0x94,
    0x84, 0x92, 0x41, 0xaf, 0xac, 0x40, 0xd2, 0xbf, 0x9f, 0x98, 0x81, 0x98, 0xab, 0xca, 0x20, 0xc1,
    0x8c, 0xbf, 0x08, 0x80, 0x8d, 0x84, 0x88, 0x5c, 0xd5, 0xa8, 0x9f, 0xe0, 0xf2, 0x60, 0x21, 0xfc,
    0x18, 0x30, 0x08, 0x41, 0x22, 0x8e, 0x80, 0x9c, 0x11, 0x80, 0x8d, 0x1f, 0x41, 0x8b, 0x49, 0x03,
    0xea, 0x84, 0x8c, 0x82, 0x88, 0x86, 0x89, 0x57, 0x65, 0xd4, 0x80, 0xc6, 0x01, 0x08, 0x09, 0x0b,
    0x80, 0x8b, 0x00, 0x06, 0x80, 0xc0, 0x03, 0x0f, 0x06, 0x80, 0x9b, 0x03, 0x04, 0x00, 0x16, 0x80,
    0x41, 0x53, 0x81, 0x98, 0x80, 0x98, 0x80, 0x9e, 0x80, 0x98, 0x80, 0x9e, 0x80, 0x98, 0x80, 0x9e,
    0x80, 0x98, 0x80, 0x9e, 0x80, 0x98, 0x07, 0x47, 0x33, 0x9e, 0x2d, 0x41, 0x04, 0xbd, 0x40, 0x91,
    0xac, 0x89, 0x86, 0x8f, 0x80, 0x41, 0x40, 0x9d, 0x91, 0xab, 0x41, 0xe3, 0x9b, 0x40, 0xe3, 0x9d,
    0x08, 0x40, 0xce, 0x9e, 0x02, 0x01, 0x06, 0x0c, 0x88, 0x81, 0x40, 0xdf, 0x30, 0x18, 0x08, 0x8e,
    0x80, 0x40, 0xc4, 0xba, 0xc3, 0x30, 0x44, 0xb3, 0x18, 0x9a, 0x01, 0x00, 0x08, 0x80, 0x89, 0x03,
    0x00, 0x00, 0x28, 0x18, 0x00, 0x00, 0x02, 0x01, 0x00, 0x08, 0x00, 0x00, 0x00, 0x00, 0x01, 0x00,
    0x0b, 0x06, 0x03, 0x03, 0x00, 0x80, 0x89, 0x80, 0x90, 0x22, 0x04, 0x80, 0x90, 0x51, 0x43, 0x60,
    0xa6, 0xdf, 0x9f, 0x51, 0x1d, 0x81, 0x56, 0x8d, 0x81, 0x5d, 0x30, 0x8e, 0x42, 0x6d, 0x49, 0xa1,
    0x42, 0x1d, 0x45, 0xe1, 0x53, 0x4a, 0x84, 0x60, 0x21, 0x29,
];
// c: libunicode-table.h:479
pub static unicode_prop_ID_Start_index: [u8; 108] = [
    0xf6, 0x03, 0x20, 0xa6, 0x07, 0x00, 0xa9, 0x09, 0x20, 0xb1, 0x0a, 0x00, 0xba, 0x0b, 0x20, 0x3b,
    0x0d, 0x20, 0xc7, 0x0e, 0x20, 0x49, 0x12, 0x00, 0x9b, 0x16, 0x00, 0xac, 0x19, 0x00, 0xc0, 0x1d,
    0x80, 0x80, 0x20, 0x20, 0x70, 0x2d, 0x00, 0x00, 0x32, 0x00, 0x06, 0xa8, 0x00, 0x77, 0xaa, 0x00,
    0xfc, 0xd7, 0x00, 0xfd, 0xfe, 0x40, 0xd1, 0x02, 0x01, 0xb2, 0x05, 0x21, 0xf6, 0x08, 0x01, 0x49,
    0x0c, 0x01, 0x76, 0x10, 0x01, 0xdf, 0x12, 0x21, 0xc8, 0x14, 0x41, 0x42, 0x19, 0x21, 0x31, 0x1d,
    0x61, 0xf1, 0x2f, 0x41, 0x78, 0x6b, 0x01, 0x23, 0xb1, 0xa1, 0xad, 0xd4, 0x01, 0x6f, 0xd7, 0x01,
    0xee, 0xe5, 0x01, 0x38, 0xee, 0x01, 0xe0, 0xa6, 0x42, 0x7a, 0x34, 0x03,
];
// c: libunicode-table.h:518
pub static unicode_prop_ID_Continue1_table: [u8; 708] = [
    0xaf, 0x89, 0xa4, 0x80, 0xd6, 0x80, 0x42, 0x47, 0xef, 0x96, 0x80, 0x40, 0xfa, 0x84, 0x41, 0x08,
    0xac, 0x00, 0x01, 0x01, 0x00, 0xc7, 0x8a, 0xaf, 0x9e, 0x28, 0xe4, 0x31, 0x29, 0x08, 0x19, 0x89,
    0x96, 0x80, 0x9d, 0x9a, 0xda, 0x8a, 0x8e, 0x89, 0xa0, 0x88, 0x88, 0x80, 0x97, 0x18, 0x88, 0x02,
    0x04, 0xaa, 0x82, 0xba, 0x88, 0xa9, 0x97, 0x80, 0xa0, 0xb5, 0x10, 0x91, 0x06, 0x89, 0x09, 0x89,
    0x90, 0x82, 0xb7, 0x00, 0x31, 0x09, 0x82, 0x88, 0x80, 0x89, 0x09, 0x89, 0x8d, 0x01, 0x82, 0xb7,
    0x00, 0x23, 0x09, 0x12, 0x80, 0x93, 0x8b, 0x10, 0x8a, 0x82, 0xb7, 0x00, 0x38, 0x10, 0x82, 0x93,
    0x09, 0x89, 0x89, 0x28, 0x82, 0xb7, 0x00, 0x31, 0x09, 0x16, 0x82, 0x89, 0x09, 0x89, 0x91, 0x80,
    0xba, 0x22, 0x10, 0x83, 0x88, 0x80, 0x8d, 0x89, 0x8f, 0x84, 0xb6, 0x00, 0x30, 0x10, 0x1e, 0x81,
    0x8a, 0x09, 0x89, 0x90, 0x82, 0xb7, 0x00, 0x30, 0x10, 0x1e, 0x81, 0x8a, 0x09, 0x89, 0x10, 0x8b,
    0x83, 0xb6, 0x08, 0x30, 0x10, 0x83, 0x88, 0x80, 0x89, 0x09, 0x89, 0x90, 0x82, 0xc5, 0x03, 0x28,
    0x00, 0x3d, 0x89, 0x09, 0xbc, 0x01, 0x86, 0x8b, 0x38, 0x89, 0xd6, 0x01, 0x88, 0x8a, 0x30, 0x89,
    0xbd, 0x0d, 0x89, 0x8a, 0x00, 0x00, 0x03, 0x81, 0xb0, 0x93, 0x01, 0x84, 0x8a, 0x80, 0xa3, 0x88,
    0x80, 0xe3, 0x93, 0x80, 0x89, 0x8b, 0x1b, 0x10, 0x11, 0x32, 0x83, 0x8c, 0x8b, 0x80, 0x8e, 0x42,
    0xbe, 0x82, 0x88, 0x88, 0x43, 0x9f, 0x83, 0x9b, 0x82, 0x9c, 0x81, 0x9d, 0x81, 0xbf, 0x9f, 0x88,
    0x01, 0x89, 0xa0, 0x10, 0x8a, 0x40, 0x8e, 0x80, 0xf5, 0x8b, 0x83, 0x8b, 0x89, 0x89, 0xff, 0x8a,
    0xbb, 0x84, 0xb8, 0x89, 0x80, 0x9c, 0x81, 0x8a, 0x85, 0x89, 0x95, 0x8d, 0x80, 0x9e, 0x81, 0x8b,
    0x93, 0x84, 0xae, 0x90, 0x8a, 0x89, 0x90, 0x88, 0x8b, 0x82, 0x9d, 0x8c, 0x81, 0x89, 0xab, 0x8d,
    0xaf, 0x93, 0x87, 0x89, 0x85, 0x89, 0xf5, 0x10, 0x94, 0x18, 0x28, 0x0a, 0x40, 0xc5, 0xbf, 0x42,
    0x0b, 0x81, 0xb0, 0x81, 0x92, 0x80, 0xfa, 0x8c, 0x18, 0x82, 0x8b, 0x4b, 0xfd, 0x82, 0x40, 0x8c,
    0x80, 0xdf, 0x9f, 0x42, 0x29, 0x85, 0xe8, 0x81, 0xdf, 0x80, 0x60, 0x75, 0x23, 0x89, 0xc4, 0x03,
    0x89, 0x9f, 0x81, 0xcf, 0x81, 0x41, 0x0f, 0x02, 0x03, 0x80, 0x96, 0x23, 0x80, 0xd2, 0x81, 0xb1,
    0x91, 0x89, 0x89, 0x85, 0x91, 0x8c, 0x8a, 0x9b, 0x87, 0x98, 0x8c, 0xab, 0x83, 0xae, 0x8d, 0x8e,
    0x89, 0x8a, 0x80, 0x89, 0x89, 0xae, 0x8d, 0x8b, 0x07, 0x09, 0x89, 0xa0, 0x82, 0xb1, 0x00, 0x11,
    0x0c, 0x08, 0x80, 0xa8, 0x24, 0x81, 0x40, 0xeb, 0x38, 0x09, 0x89, 0x60, 0x4f, 0x23, 0x80, 0x42,
    0xe0, 0x8f, 0x8f, 0x8f, 0x11, 0x97, 0x82, 0x40, 0xbf, 0x89, 0xa4, 0x80, 0xa4, 0x80, 0x42, 0x96,
    0x80, 0x40, 0xe1, 0x80, 0x40, 0x94, 0x84, 0x41, 0x24, 0x89, 0x45, 0x56, 0x10, 0x0c, 0x83, 0xa7,
    0x13, 0x80, 0x40, 0xa4, 0x81, 0x42, 0x3c, 0x1f, 0x89, 0x85, 0x89, 0x9e, 0x84, 0x41, 0x3c, 0x81,
    0xcc, 0x85, 0xc5, 0x8a, 0xb0, 0x83, 0xf9, 0x82, 0xb4, 0x8e, 0x9e, 0x8a, 0x09, 0x89, 0x83, 0xac,
    0x8a, 0x30, 0xac, 0x89, 0x2a, 0xa3, 0x8d, 0x80, 0x89, 0x21, 0xab, 0x80, 0x8b, 0x82, 0xaf, 0x8d,
    0x3b, 0x80, 0x8b, 0xd1, 0x8b, 0x28, 0x08, 0x40, 0x9c, 0x8b, 0x84, 0x89, 0x2b, 0xb6, 0x08, 0x31,
    0x09, 0x82, 0x88, 0x80, 0x89, 0x09, 0x32, 0x84, 0xc2, 0x88, 0x00, 0x08, 0x03, 0x04, 0x00, 0x8d,
    0x81, 0xd1, 0x91, 0x88, 0x89, 0x18, 0xd0, 0x93, 0x8b, 0x89, 0x40, 0xd4, 0x31, 0x88, 0x9a, 0x81,
    0xd1, 0x90, 0x8e, 0x89, 0xd0, 0x8c, 0x87, 0x89, 0x85, 0x93, 0xb8, 0x8e, 0x83, 0x89, 0x40, 0xf1,
    0x8e, 0x40, 0xa4, 0x89, 0xc5, 0x28, 0x09, 0x18, 0x00, 0x81, 0x8b, 0x89, 0xf6, 0x31, 0x32, 0x80,
    0x9b, 0x89, 0xa7, 0x30, 0x1f, 0x80, 0x88, 0x8a, 0xad, 0x8f, 0x40, 0xc5, 0x87, 0x40, 0x87, 0x89,
    0xb4, 0x38, 0x87, 0x8f, 0x89, 0xb7, 0x95, 0x80, 0x8d, 0xf9, 0x2a, 0x00, 0x08, 0x30, 0x07, 0x89,
    0xaf, 0x20, 0x08, 0x27, 0x89, 0xb5, 0x89, 0x41, 0x08, 0x83, 0x88, 0x08, 0x80, 0xaf, 0x32, 0x84,
    0x8c, 0x8a, 0x54, 0xe4, 0x05, 0x8e, 0x60, 0x2c, 0xc7, 0x9b, 0x49, 0x25, 0x89, 0xd5, 0x89, 0xa5,
    0x84, 0xba, 0x86, 0x98, 0x89, 0x42, 0x15, 0x89, 0x41, 0xd4, 0x00, 0xb6, 0x33, 0xd0, 0x80, 0x8a,
    0x81, 0x60, 0x4c, 0xaa, 0x81, 0x50, 0x50, 0x89, 0x42, 0x05, 0xad, 0x81, 0x96, 0x42, 0x1d, 0x22,
    0x2f, 0x39, 0x86, 0x9d, 0x83, 0x40, 0x93, 0x82, 0x45, 0x88, 0xb1, 0x41, 0xff, 0xb6, 0x83, 0xb1,
    0x38, 0x8d, 0x80, 0x95, 0x20, 0x8e, 0x45, 0x4f, 0x30, 0x90, 0x0e, 0x01, 0x04, 0xe3, 0x80, 0x40,
    0x9f, 0x86, 0x88, 0x89, 0x41, 0x63, 0x80, 0xbc, 0x8d, 0x41, 0xf1, 0x8d, 0x40, 0xf3, 0x08, 0x89,
    0x40, 0xe7, 0x01, 0x06, 0x0c, 0x80, 0x41, 0xd9, 0x86, 0xec, 0x34, 0x89, 0x52, 0x95, 0x89, 0x6c,
    0x05, 0x05, 0x40, 0xef,
];
// c: libunicode-table.h:610
pub static unicode_prop_ID_Continue1_index: [u8; 66] = [
    0xfa, 0x06, 0x00, 0x70, 0x09, 0x00, 0xf0, 0x0a, 0x40, 0x57, 0x0c, 0x00, 0xf0, 0x0d, 0x60, 0xc7,
    0x0f, 0x20, 0xea, 0x17, 0x40, 0xec, 0x1a, 0x00, 0x0e, 0x20, 0x40, 0x7e, 0xa6, 0x20, 0xda, 0xa9,
    0x20, 0x10, 0xfe, 0x40, 0x40, 0x0a, 0x41, 0xbb, 0x10, 0x21, 0x4e, 0x13, 0x41, 0xde, 0x15, 0x01,
    0xe5, 0x19, 0x01, 0x5a, 0x1d, 0x01, 0xf5, 0x6a, 0x21, 0x8c, 0xd1, 0x61, 0x37, 0xe1, 0x41, 0xf0,
    0x01, 0x0e,
];
// c: libunicode-table.h:637
pub static unicode_cc_table: [u8; 937] = [
    0xb2, 0xcf, 0xd4, 0x00, 0xe8, 0x03, 0xdc, 0x00, 0xe8, 0x00, 0xd8, 0x04, 0xdc, 0x01, 0xca, 0x03,
    0xdc, 0x01, 0xca, 0x0a, 0xdc, 0x04, 0x01, 0x03, 0xdc, 0xc7, 0x00, 0xf0, 0xc0, 0x02, 0xdc, 0xc2,
    0x01, 0xdc, 0x80, 0xc2, 0x03, 0xdc, 0xc0, 0x00, 0xe8, 0x01, 0xdc, 0xc0, 0x41, 0xe9, 0x00, 0xea,
    0x41, 0xe9, 0x00, 0xea, 0x00, 0xe9, 0xcc, 0xb0, 0xe2, 0xc4, 0xb0, 0xd8, 0x00, 0xdc, 0xc3, 0x00,
    0xdc, 0xc2, 0x00, 0xde, 0x00, 0xdc, 0xc5, 0x05, 0xdc, 0xc1, 0x00, 0xdc, 0xc1, 0x00, 0xde, 0x00,
    0xe4, 0xc0, 0x49, 0x0a, 0x43, 0x13, 0x80, 0x00, 0x17, 0x80, 0x41, 0x18, 0x80, 0xc0, 0x00, 0xdc,
    0x80, 0x00, 0x12, 0xb0, 0x17, 0xc7, 0x42, 0x1e, 0xaf, 0x47, 0x1b, 0xc1, 0x01, 0xdc, 0xc4, 0x00,
    0xdc, 0xc1, 0x00, 0xdc, 0x8f, 0x00, 0x23, 0xb0, 0x34, 0xc6, 0x81, 0xc3, 0x00, 0xdc, 0xc0, 0x81,
    0xc1, 0x80, 0x00, 0xdc, 0xc1, 0x00, 0xdc, 0xa2, 0x00, 0x24, 0x9d, 0xc0, 0x00, 0xdc, 0xc1, 0x00,
    0xdc, 0xc1, 0x02, 0xdc, 0xc0, 0x01, 0xdc, 0xc0, 0x00, 0xdc, 0xc2, 0x00, 0xdc, 0xc0, 0x00, 0xdc,
    0xc0, 0x00, 0xdc, 0xc0, 0x00, 0xdc, 0xc1, 0xb0, 0x6f, 0xc6, 0x00, 0xdc, 0xc0, 0x88, 0x00, 0xdc,
    0x97, 0xc3, 0x80, 0xc8, 0x80, 0xc2, 0x80, 0xc4, 0xaa, 0x02, 0xdc, 0xb0, 0x0a, 0xc1, 0x02, 0xdc,
    0xc3, 0xa9, 0xc4, 0x04, 0xdc, 0xcd, 0x80, 0x00, 0xdc, 0xc1, 0x00, 0xdc, 0xc1, 0x00, 0xdc, 0xc2,
    0x02, 0xdc, 0x42, 0x1b, 0xc2, 0x00, 0xdc, 0xc1, 0x01, 0xdc, 0xc4, 0xb0, 0x0b, 0x00, 0x07, 0x8f,
    0x00, 0x09, 0x82, 0xc0, 0x00, 0xdc, 0xc1, 0xb0, 0x36, 0x00, 0x07, 0x8f, 0x00, 0x09, 0xaf, 0xc0,
    0xb0, 0x0c, 0x00, 0x07, 0x8f, 0x00, 0x09, 0xb0, 0x3d, 0x00, 0x07, 0x8f, 0x00, 0x09, 0xb0, 0x3d,
    0x00, 0x07, 0x8f, 0x00, 0x09, 0xb0, 0x4e, 0x00, 0x09, 0xb0, 0x3d, 0x00, 0x07, 0x8f, 0x00, 0x09,
    0x86, 0x00, 0x54, 0x00, 0x5b, 0xb0, 0x34, 0x00, 0x07, 0x8f, 0x00, 0x09, 0xb0, 0x3c, 0x01, 0x09,
    0x8f, 0x00, 0x09, 0xb0, 0x4b, 0x00, 0x09, 0xb0, 0x3c, 0x01, 0x67, 0x00, 0x09, 0x8c, 0x03, 0x6b,
    0xb0, 0x3b, 0x01, 0x76, 0x00, 0x09, 0x8c, 0x03, 0x7a, 0xb0, 0x1b, 0x01, 0xdc, 0x9a, 0x00, 0xdc,
    0x80, 0x00, 0xdc, 0x80, 0x00, 0xd8, 0xb0, 0x06, 0x41, 0x81, 0x80, 0x00, 0x84, 0x84, 0x03, 0x82,
    0x81, 0x00, 0x82, 0x80, 0xc1, 0x00, 0x09, 0x80, 0xc1, 0xb0, 0x0d, 0x00, 0xdc, 0xb0, 0x3f, 0x00,
    0x07, 0x80, 0x01, 0x09, 0xb0, 0x21, 0x00, 0xdc, 0xb2, 0x9e, 0xc2, 0xb3, 0x83, 0x01, 0x09, 0x9d,
    0x00, 0x09, 0xb0, 0x6c, 0x00, 0x09, 0x89, 0xc0, 0xb0, 0x9a, 0x00, 0xe4, 0xb0, 0x5e, 0x00, 0xde,
    0xc0, 0x00, 0xdc, 0xb0, 0xaa, 0xc0, 0x00, 0xdc, 0xb0, 0x16, 0x00, 0x09, 0x93, 0xc7, 0x81, 0x00,
    0xdc, 0xaf, 0xc4, 0x05, 0xdc, 0xc1, 0x00, 0xdc, 0x80, 0x01, 0xdc, 0xc1, 0x01, 0xdc, 0xc4, 0x00,
    0xdc, 0xd1, 0x00, 0xdc, 0x81, 0xc5, 0x00, 0xdc, 0xc3, 0x00, 0xea, 0xb0, 0x17, 0x00, 0x07, 0x8e,
    0x00, 0x09, 0xa5, 0xc0, 0x00, 0xdc, 0xc6, 0xb0, 0x05, 0x01, 0x09, 0xb0, 0x09, 0x00, 0x07, 0x8a,
    0x01, 0x09, 0xb0, 0x12, 0x00, 0x07, 0xb0, 0x67, 0xc2, 0x41, 0x00, 0x04, 0xdc, 0xc1, 0x03, 0xdc,
    0xc0, 0x41, 0x00, 0x05, 0x01, 0x83, 0x00, 0xdc, 0x85, 0xc0, 0x82, 0xc1, 0xb0, 0x95, 0xc1, 0x00,
    0xdc, 0xc6, 0x00, 0xdc, 0xc1, 0x00, 0xea, 0x00, 0xd6, 0x00, 0xdc, 0x00, 0xca, 0xe4, 0x00, 0xe8,
    0x01, 0xe4, 0x00, 0xdc, 0x00, 0xda, 0xc0, 0x00, 0xe9, 0x00, 0xdc, 0xc0, 0x00, 0xdc, 0xb2, 0x9f,
    0xc1, 0x01, 0x01, 0xc3, 0x02, 0x01, 0xc1, 0x83, 0xc0, 0x82, 0x01, 0x01, 0xc0, 0x00, 0xdc, 0xc0,
    0x01, 0x01, 0x03, 0xdc, 0xc0, 0xb8, 0x03, 0xcd, 0xc2, 0xb0, 0x5c, 0x00, 0x09, 0xb0, 0x2f, 0xdf,
    0xb1, 0xf9, 0x00, 0xda, 0x00, 0xe4, 0x00, 0xe8, 0x00, 0xde, 0x01, 0xe0, 0xb0, 0x38, 0x01, 0x08,
    0xb8, 0x6d, 0xa3, 0xc0, 0x83, 0xc9, 0x9f, 0xc1, 0xb0, 0x1f, 0xc1, 0xb0, 0xe3, 0x00, 0x09, 0xa4,
    0x00, 0x09, 0xb0, 0x66, 0x00, 0x09, 0x9a, 0xd1, 0xb0, 0x08, 0x02, 0xdc, 0xa4, 0x00, 0x09, 0xb0,
    0x2e, 0x00, 0x07, 0x8b, 0x00, 0x09, 0xb0, 0xbe, 0xc0, 0x80, 0xc1, 0x00, 0xdc, 0x81, 0xc1, 0x84,
    0xc1, 0x80, 0xc0, 0xb0, 0x03, 0x00, 0x09, 0xb0, 0xc5, 0x00, 0x09, 0xb8, 0x46, 0xff, 0x00, 0x1a,
    0xb2, 0xd0, 0xc6, 0x06, 0xdc, 0xc1, 0xb3, 0x9c, 0x00, 0xdc, 0xb0, 0xb1, 0x00, 0xdc, 0xb0, 0x64,
    0xc4, 0xb6, 0x61, 0x00, 0xdc, 0x80, 0xc0, 0xa7, 0xc0, 0x00, 0x01, 0x00, 0xdc, 0x83, 0x00, 0x09,
    0xb0, 0x74, 0xc0, 0x00, 0xdc, 0xb2, 0x0c, 0xc3, 0xb0, 0x10, 0xc4, 0xb1, 0x0c, 0xc1, 0xb0, 0x1c,
    0x01, 0xdc, 0x80, 0x02, 0xdc, 0xb0, 0x15, 0x01, 0xdc, 0xc2, 0x00, 0xdc, 0xc0, 0x03, 0xdc, 0xb0,
    0x00, 0xc0, 0x00, 0xdc, 0xc0, 0x00, 0xdc, 0xb0, 0x8f, 0x00, 0x09, 0xa8, 0x00, 0x09, 0x8d, 0x00,
    0x09, 0xb0, 0x08, 0x00, 0x09, 0x00, 0x07, 0xb0, 0x14, 0xc2, 0xaf, 0x01, 0x09, 0xb0, 0x0d, 0x00,
    0x07, 0xb0, 0x1b, 0x00, 0x09, 0x88, 0x00, 0x07, 0xb0, 0x39, 0x00, 0x09, 0x00, 0x07, 0xb0, 0x81,
    0x00, 0x07, 0x00, 0x09, 0xb0, 0x1f, 0x01, 0x07, 0x8f, 0x00, 0x09, 0x97, 0xc6, 0x82, 0xc4, 0xb0,
    0x28, 0x02, 0x09, 0xb0, 0x40, 0x00, 0x09, 0x82, 0x00, 0x07, 0x96, 0xc0, 0xb0, 0x32, 0x00, 0x09,
    0x00, 0x07, 0xb0, 0xca, 0x00, 0x09, 0x00, 0x07, 0xb0, 0x4d, 0x00, 0x09, 0xb0, 0x45, 0x00, 0x09,
    0x00, 0x07, 0xb0, 0x42, 0x00, 0x09, 0xb0, 0xdc, 0x00, 0x09, 0x00, 0x07, 0xb0, 0xd1, 0x01, 0x09,
    0x83, 0x00, 0x07, 0xb0, 0x6b, 0x00, 0x09, 0xb0, 0x22, 0x00, 0x09, 0x91, 0x00, 0x09, 0xb0, 0x20,
    0x00, 0x09, 0xb1, 0x74, 0x00, 0x09, 0xb0, 0xd1, 0x00, 0x07, 0x80, 0x01, 0x09, 0xb0, 0x20, 0x00,
    0x09, 0xb1, 0x78, 0x01, 0x09, 0xb8, 0x39, 0xbb, 0x00, 0x09, 0xb8, 0x01, 0x8f, 0x04, 0x01, 0xb0,
    0x0a, 0xc6, 0xb4, 0x88, 0x01, 0x06, 0xb8, 0x44, 0x7b, 0x00, 0x01, 0xb8, 0x0c, 0x95, 0x01, 0xd8,
    0x02, 0x01, 0x82, 0x00, 0xe2, 0x04, 0xd8, 0x87, 0x07, 0xdc, 0x81, 0xc4, 0x01, 0xdc, 0x9d, 0xc3,
    0xb0, 0x63, 0xc2, 0xb8, 0x05, 0x8a, 0xc6, 0x80, 0xd0, 0x81, 0xc6, 0x80, 0xc1, 0x80, 0xc4, 0xb0,
    0x33, 0xc0, 0xb0, 0x6f, 0xc6, 0xb1, 0x46, 0xc0, 0xb0, 0x0c, 0xc3, 0xb1, 0xcb, 0x01, 0xe8, 0x00,
    0xdc, 0xc0, 0xb0, 0xcd, 0xc0, 0x00, 0xdc, 0xb0, 0xc2, 0xc0, 0x81, 0xc0, 0x86, 0xc1, 0x84, 0xc0,
    0xb1, 0xa9, 0x06, 0xdc, 0xb0, 0x3c, 0xc5, 0x00, 0x07,
];
// c: libunicode-table.h:758
pub static unicode_cc_index: [u8; 90] = [
    0x4d, 0x03, 0x00, 0x97, 0x05, 0x20, 0xc6, 0x05, 0x00, 0xe7, 0x06, 0x00, 0x45, 0x07, 0x00, 0x9c,
    0x08, 0x00, 0x4d, 0x09, 0x00, 0x3c, 0x0b, 0x00, 0x3d, 0x0d, 0x00, 0x36, 0x0f, 0x00, 0x38, 0x10,
    0x20, 0x3a, 0x19, 0x00, 0xcb, 0x1a, 0x20, 0xf2, 0x1b, 0x00, 0xc3, 0x1d, 0x20, 0xd0, 0x20, 0x00,
    0x00, 0x2e, 0x00, 0x2c, 0xa8, 0x00, 0xbe, 0xaa, 0x00, 0x76, 0x03, 0x01, 0xfa, 0x0e, 0x01, 0x80,
    0x10, 0x21, 0xe9, 0x12, 0x01, 0xc3, 0x14, 0x01, 0x3f, 0x19, 0x01, 0x98, 0x1d, 0x21, 0x67, 0xd1,
    0x01, 0x8f, 0xe0, 0x21, 0xf6, 0xe6, 0x01, 0x4b, 0xe9, 0x01,
];
// c: libunicode-table.h:791
pub static unicode_decomp_table1: [u32; 709] = [
    0x00280081, 0x002a0097, 0x002a8081, 0x002bc097, 0x002c8115, 0x002d0097, 0x002d4081, 0x002e0097,
    0x002e4115, 0x002f0199, 0x00302016, 0x00400842, 0x00448a42, 0x004a0442, 0x004c0096, 0x004c8117,
    0x004d0242, 0x004e4342, 0x004fc12f, 0x0050c342, 0x005240bf, 0x00530342, 0x00550942, 0x005a0842,
    0x005e0096, 0x005e4342, 0x005fc081, 0x00680142, 0x006bc142, 0x00710185, 0x0071c317, 0x00734844,
    0x00778344, 0x00798342, 0x007b02be, 0x007c4197, 0x007d0142, 0x007e0444, 0x00800e42, 0x00878142,
    0x00898744, 0x00ac0483, 0x00b60317, 0x00b80283, 0x00d00214, 0x00d10096, 0x00dd0080, 0x00de8097,
    0x00df8080, 0x00e10097, 0x00e1413e, 0x00e1c080, 0x00e204be, 0x00ea83ae, 0x00f282ae, 0x00f401ad,
    0x00f4c12e, 0x00f54103, 0x00fc0303, 0x00fe4081, 0x0100023e, 0x0101c0be, 0x010301be, 0x010640be,
    0x010e40be, 0x0114023e, 0x0115c0be, 0x011701be, 0x011d8144, 0x01304144, 0x01340244, 0x01358144,
    0x01368344, 0x01388344, 0x013a8644, 0x013e0144, 0x0161c085, 0x018882ae, 0x019d422f, 0x01b00184,
    0x01b4c084, 0x024a4084, 0x024c4084, 0x024d0084, 0x0256042e, 0x0272c12e, 0x02770120, 0x0277c084,
    0x028cc084, 0x028d8084, 0x029641ae, 0x02978084, 0x02d20084, 0x02d2c12e, 0x02d70120, 0x02e50084,
    0x02f281ae, 0x03120084, 0x03300084, 0x0331c122, 0x0332812e, 0x035281ae, 0x03768084, 0x037701ae,
    0x038cc085, 0x03acc085, 0x03b7012f, 0x03c30081, 0x03d0c084, 0x03d34084, 0x03d48084, 0x03d5c084,
    0x03d70084, 0x03da4084, 0x03dcc084, 0x03dd412e, 0x03ddc085, 0x03de0084, 0x03de4085, 0x03e04084,
    0x03e4c084, 0x03e74084, 0x03e88084, 0x03e9c084, 0x03eb0084, 0x03ee4084, 0x04098084, 0x043f0081,
    0x06c18484, 0x06c48084, 0x06cec184, 0x06d00120, 0x06d0c084, 0x074b0383, 0x074cc41f, 0x074f1783,
    0x075e0081, 0x0766d283, 0x07801d44, 0x078e8942, 0x07931844, 0x079f0d42, 0x07a58216, 0x07a68085,
    0x07a6c0be, 0x07a80d44, 0x07aea044, 0x07c00122, 0x07c08344, 0x07c20122, 0x07c28344, 0x07c40122,
    0x07c48244, 0x07c60122, 0x07c68244, 0x07c8113e, 0x07d08244, 0x07d20122, 0x07d28244, 0x07d40122,
    0x07d48344, 0x07d64c3e, 0x07dc4080, 0x07dc80be, 0x07dcc080, 0x07dd00be, 0x07dd4080, 0x07dd80be,
    0x07ddc080, 0x07de00be, 0x07de4080, 0x07de80be, 0x07dec080, 0x07df00be, 0x07df4080, 0x07e00820,
    0x07e40820, 0x07e80820, 0x07ec05be, 0x07eec080, 0x07ef00be, 0x07ef4097, 0x07ef8080, 0x07efc117,
    0x07f0443e, 0x07f24080, 0x07f280be, 0x07f2c080, 0x07f303be, 0x07f4c080, 0x07f582ae, 0x07f6c080,
    0x07f7433e, 0x07f8c080, 0x07f903ae, 0x07fac080, 0x07fb013e, 0x07fb8102, 0x07fc83be, 0x07fe4080,
    0x07fe80be, 0x07fec080, 0x07ff00be, 0x07ff4080, 0x07ff8097, 0x0800011e, 0x08008495, 0x08044081,
    0x0805c097, 0x08090081, 0x08094097, 0x08098099, 0x080bc081, 0x080cc085, 0x080d00b1, 0x080d8085,
    0x080dc0b1, 0x080f0197, 0x0811c197, 0x0815c0b3, 0x0817c081, 0x081c0595, 0x081ec081, 0x081f0215,
    0x0820051f, 0x08228583, 0x08254415, 0x082a0097, 0x08400119, 0x08408081, 0x0840c0bf, 0x08414119,
    0x0841c081, 0x084240bf, 0x0842852d, 0x08454081, 0x08458097, 0x08464295, 0x08480097, 0x08484099,
    0x08488097, 0x08490081, 0x08498080, 0x084a0081, 0x084a8102, 0x084b0495, 0x084d421f, 0x084e4081,
    0x084ec099, 0x084f0283, 0x08514295, 0x08540119, 0x0854809b, 0x0854c619, 0x0857c097, 0x08580081,
    0x08584097, 0x08588099, 0x0858c097, 0x08590081, 0x08594097, 0x08598099, 0x0859c09b, 0x085a0097,
    0x085a4081, 0x085a8097, 0x085ac099, 0x085b0295, 0x085c4097, 0x085c8099, 0x085cc097, 0x085d0081,
    0x085d4097, 0x085d8099, 0x085dc09b, 0x085e0097, 0x085e4081, 0x085e8097, 0x085ec099, 0x085f0215,
    0x08624099, 0x0866813e, 0x086b80be, 0x087341be, 0x088100be, 0x088240be, 0x088300be, 0x088901be,
    0x088b0085, 0x088b40b1, 0x088bc085, 0x088c00b1, 0x089040be, 0x089100be, 0x0891c1be, 0x089801be,
    0x089b42be, 0x089d0144, 0x089e0144, 0x08a00144, 0x08a10144, 0x08a20144, 0x08ab023e, 0x08b80244,
    0x08ba8220, 0x08ca411e, 0x0918049f, 0x091a4523, 0x091cc097, 0x091d04a5, 0x091f452b, 0x0921c09b,
    0x092204a1, 0x09244525, 0x0926c099, 0x09270d25, 0x092d8d1f, 0x09340d1f, 0x093a8081, 0x0a8300b3,
    0x0a9d0099, 0x0a9d4097, 0x0a9d8099, 0x0ab700be, 0x0b1f0115, 0x0b5bc081, 0x0ba7c081, 0x0bbcc081,
    0x0bc004ad, 0x0bc244ad, 0x0bc484ad, 0x0bc6f383, 0x0be0852d, 0x0be31d03, 0x0bf1882d, 0x0c000081,
    0x0c0d8283, 0x0c130b84, 0x0c194284, 0x0c1c0122, 0x0c1cc122, 0x0c1d8122, 0x0c1e4122, 0x0c1f0122,
    0x0c250084, 0x0c26c123, 0x0c278084, 0x0c27c085, 0x0c2b0b84, 0x0c314284, 0x0c340122, 0x0c34c122,
    0x0c358122, 0x0c364122, 0x0c370122, 0x0c3d0084, 0x0c3dc220, 0x0c3f8084, 0x0c3fc085, 0x0c4c4a2d,
    0x0c51451f, 0x0c53ca9f, 0x0c5915ad, 0x0c648703, 0x0c800741, 0x0c838089, 0x0c83c129, 0x0c8441a9,
    0x0c850089, 0x0c854129, 0x0c85c2a9, 0x0c870089, 0x0c87408f, 0x0c87808d, 0x0c881241, 0x0c910203,
    0x0c940099, 0x0c9444a3, 0x0c968323, 0x0c98072d, 0x0c9b84af, 0x0c9dc2a1, 0x0c9f00b5, 0x0c9f40b3,
    0x0c9f8085, 0x0ca01883, 0x0cac4223, 0x0cad4523, 0x0cafc097, 0x0cb004a1, 0x0cb241a5, 0x0cb30097,
    0x0cb34099, 0x0cb38097, 0x0cb3c099, 0x0cb417ad, 0x0cbfc085, 0x0cc001b3, 0x0cc0c0b1, 0x0cc100b3,
    0x0cc14131, 0x0cc1c0b5, 0x0cc200b3, 0x0cc241b1, 0x0cc30133, 0x0cc38131, 0x0cc40085, 0x0cc440b1,
    0x0cc48133, 0x0cc50085, 0x0cc540b5, 0x0cc580b7, 0x0cc5c0b5, 0x0cc600b1, 0x0cc64135, 0x0cc6c0b3,
    0x0cc701b1, 0x0cc7c0b3, 0x0cc800b5, 0x0cc840b3, 0x0cc881b1, 0x0cc9422f, 0x0cca4131, 0x0ccac0b5,
    0x0ccb00b1, 0x0ccb40b3, 0x0ccb80b5, 0x0ccbc0b1, 0x0ccc012f, 0x0ccc80b5, 0x0cccc0b3, 0x0ccd00b5,
    0x0ccd40b1, 0x0ccd80b5, 0x0ccdc085, 0x0cce02b1, 0x0ccf40b3, 0x0ccf80b1, 0x0ccfc085, 0x0cd001b1,
    0x0cd0c0b3, 0x0cd101b1, 0x0cd1c0b5, 0x0cd200b3, 0x0cd24085, 0x0cd280b5, 0x0cd2c085, 0x0cd30133,
    0x0cd381b1, 0x0cd440b3, 0x0cd48085, 0x0cd4c0b1, 0x0cd500b3, 0x0cd54085, 0x0cd580b5, 0x0cd5c0b1,
    0x0cd60521, 0x0cd88525, 0x0cdb02a5, 0x0cdc4099, 0x0cdc8117, 0x0cdd0099, 0x0cdd4197, 0x0cde0127,
    0x0cde8285, 0x0cdfc089, 0x0ce0043f, 0x0ce20099, 0x0ce2409b, 0x0ce283bf, 0x0ce44219, 0x0ce54205,
    0x0ce6433f, 0x0ce7c131, 0x0ce84085, 0x0ce881b1, 0x0ce94085, 0x0ce98107, 0x0cea0089, 0x0cea4097,
    0x0cea8219, 0x0ceb809d, 0x0cebc08d, 0x0cec083f, 0x0cf00105, 0x0cf0809b, 0x0cf0c197, 0x0cf1809b,
    0x0cf1c099, 0x0cf20517, 0x0cf48099, 0x0cf4c117, 0x0cf54119, 0x0cf5c097, 0x0cf6009b, 0x0cf64099,
    0x0cf68217, 0x0cf78119, 0x0cf804a1, 0x0cfa4525, 0x0cfcc525, 0x0cff4125, 0x0cffc099, 0x29a70103,
    0x29dc0081, 0x29fc4215, 0x29fe0103, 0x2ad70203, 0x2ada4081, 0x3e401482, 0x3e4a7f82, 0x3e6a3f82,
    0x3e8aa102, 0x3e9b0110, 0x3e9c2f82, 0x3eb3c590, 0x3ec00197, 0x3ec0c119, 0x3ec1413f, 0x3ec4c2af,
    0x3ec74184, 0x3ec804ad, 0x3eca4081, 0x3eca8304, 0x3ecc03a0, 0x3ece02a0, 0x3ecf8084, 0x3ed00120,
    0x3ed0c120, 0x3ed184ae, 0x3ed3c085, 0x3ed4312d, 0x3ef4cbad, 0x3efa892f, 0x3eff022d, 0x3f002f2f,
    0x3f1782a5, 0x3f18c0b1, 0x3f1907af, 0x3f1cffaf, 0x3f3c81a5, 0x3f3d64af, 0x3f542031, 0x3f649b31,
    0x3f7c0131, 0x3f7c83b3, 0x3f7e40b1, 0x3f7e80bd, 0x3f7ec0bb, 0x3f7f00b3, 0x3f840503, 0x3f8c01ad,
    0x3f8cc315, 0x3f8e462d, 0x3f91cc03, 0x3f97c695, 0x3f9c01af, 0x3f9d0085, 0x3f9d852f, 0x3fa03aad,
    0x3fbd442f, 0x3fc06f1f, 0x3fd7c11f, 0x3fd85fad, 0x3fe80081, 0x3fe84f1f, 0x3ff0831f, 0x3ff2831f,
    0x3ff4831f, 0x3ff6819f, 0x3ff80783, 0x41724092, 0x41790092, 0x41e04d83, 0x41e70f91, 0x44268192,
    0x442ac092, 0x444b8112, 0x44d2c112, 0x44e0c192, 0x44e38092, 0x44e44092, 0x44f14212, 0x452ec212,
    0x456e8112, 0x464e0092, 0x58484412, 0x5b5a0192, 0x73358d1f, 0x733c051f, 0x74578392, 0x746ec312,
    0x75000d1f, 0x75068d1f, 0x750d0d1f, 0x7513839f, 0x7515891f, 0x751a0d1f, 0x75208d1f, 0x75271015,
    0x752f439f, 0x7531459f, 0x75340d1f, 0x753a8d1f, 0x75410395, 0x7543441f, 0x7545839f, 0x75478d1f,
    0x754e0795, 0x7552839f, 0x75548d1f, 0x755b0d1f, 0x75618d1f, 0x75680d1f, 0x756e8d1f, 0x75750d1f,
    0x757b8d1f, 0x75820d1f, 0x75888d1f, 0x758f0d1f, 0x75958d1f, 0x759c0d1f, 0x75a28d1f, 0x75a90103,
    0x75aa089f, 0x75ae4081, 0x75ae839f, 0x75b04081, 0x75b08c9f, 0x75b6c081, 0x75b7032d, 0x75b8889f,
    0x75bcc081, 0x75bd039f, 0x75bec081, 0x75bf0c9f, 0x75c54081, 0x75c5832d, 0x75c7089f, 0x75cb4081,
    0x75cb839f, 0x75cd4081, 0x75cd8c9f, 0x75d3c081, 0x75d4032d, 0x75d5889f, 0x75d9c081, 0x75da039f,
    0x75dbc081, 0x75dc0c9f, 0x75e24081, 0x75e2832d, 0x75e4089f, 0x75e84081, 0x75e8839f, 0x75ea4081,
    0x75ea8c9f, 0x75f0c081, 0x75f1042d, 0x75f3851f, 0x75f6051f, 0x75f8851f, 0x75fb051f, 0x75fd851f,
    0x780c049f, 0x780e419f, 0x780f059f, 0x7811c203, 0x7812d0ad, 0x781b0103, 0x7b80022d, 0x7b814dad,
    0x7b884203, 0x7b89c081, 0x7b8a452d, 0x7b8d0403, 0x7b908081, 0x7b91dc03, 0x7ba0052d, 0x7ba2c8ad,
    0x7ba84483, 0x7baac8ad, 0x7c400097, 0x7c404521, 0x7c440d25, 0x7c4a8087, 0x7c4ac115, 0x7c4b4117,
    0x7c4c0d1f, 0x7c528217, 0x7c538099, 0x7c53c097, 0x7c5a8197, 0x7c640097, 0x7c80012f, 0x7c808081,
    0x7c841603, 0x7c9004c1, 0x7c940103, 0x7efc051f, 0xbe0001ac, 0xbe00d110, 0xbe0947ac, 0xbe0d3910,
    0xbe29872c, 0xbe2d022c, 0xbe2e3790, 0xbe49ff90, 0xbe69bc10,
];
// c: libunicode-table.h:972
pub static unicode_decomp_table2: [u16; 709] = [
    0x0020, 0x0000, 0x0061, 0x0002, 0x0004, 0x0006, 0x03bc, 0x0008, 0x000a, 0x000c, 0x0015, 0x0095,
    0x00a5, 0x00b9, 0x00c1, 0x00c3, 0x00c7, 0x00cb, 0x00d1, 0x00d7, 0x00dd, 0x00e0, 0x00e6, 0x00f8,
    0x0108, 0x010a, 0x0073, 0x0110, 0x0112, 0x0114, 0x0120, 0x012c, 0x0144, 0x014d, 0x0153, 0x0162,
    0x0168, 0x016a, 0x0176, 0x0192, 0x0194, 0x01a9, 0x01bb, 0x01c7, 0x01d1, 0x01d5, 0x02b9, 0x01d7,
    0x003b, 0x01d9, 0x01db, 0x00b7, 0x01e1, 0x01fc, 0x020c, 0x0218, 0x021d, 0x0223, 0x0227, 0x03a3,
    0x0233, 0x023f, 0x0242, 0x024b, 0x024e, 0x0251, 0x025d, 0x0260, 0x0269, 0x026c, 0x026f, 0x0275,
    0x0278, 0x0281, 0x028a, 0x029c, 0x029f, 0x02a3, 0x02af, 0x02b9, 0x02c5, 0x02c9, 0x02cd, 0x02d1,
    0x02d5, 0x02e7, 0x02ed, 0x02f1, 0x02f5, 0x02f9, 0x02fd, 0x0305, 0x0309, 0x030d, 0x0313, 0x0317,
    0x031b, 0x0323, 0x0327, 0x032b, 0x032f, 0x0335, 0x033d, 0x0341, 0x0349, 0x034d, 0x0351, 0x0f0b,
    0x0357, 0x035b, 0x035f, 0x0363, 0x0367, 0x036b, 0x036f, 0x0373, 0x0379, 0x037d, 0x0381, 0x0385,
    0x0389, 0x038d, 0x0391, 0x0395, 0x0399, 0x039d, 0x03a1, 0x10dc, 0x03a5, 0x03c9, 0x03cd, 0x03d9,
    0x03dd, 0x03e1, 0x03ef, 0x03f1, 0x043d, 0x044f, 0x0499, 0x04f0, 0x0502, 0x054a, 0x0564, 0x056c,
    0x0570, 0x0573, 0x059a, 0x05fa, 0x05fe, 0x0607, 0x060b, 0x0614, 0x0618, 0x061e, 0x0622, 0x0628,
    0x068e, 0x0694, 0x0698, 0x069e, 0x06a2, 0x06ab, 0x03ac, 0x06f3, 0x03ad, 0x06f6, 0x03ae, 0x06f9,
    0x03af, 0x06fc, 0x03cc, 0x06ff, 0x03cd, 0x0702, 0x03ce, 0x0705, 0x0709, 0x070d, 0x0711, 0x0386,
    0x0732, 0x0735, 0x03b9, 0x0737, 0x073b, 0x0388, 0x0753, 0x0389, 0x0756, 0x0390, 0x076b, 0x038a,
    0x0777, 0x03b0, 0x0789, 0x038e, 0x0799, 0x079f, 0x07a3, 0x038c, 0x07b8, 0x038f, 0x07bb, 0x00b4,
    0x07be, 0x07c0, 0x07c2, 0x2010, 0x07cb, 0x002e, 0x07cd, 0x07cf, 0x0020, 0x07d2, 0x07d6, 0x07db,
    0x07df, 0x07e4, 0x07ea, 0x07f0, 0x0020, 0x07f6, 0x2212, 0x0801, 0x0805, 0x0807, 0x081d, 0x0825,
    0x0827, 0x0043, 0x082d, 0x0830, 0x0190, 0x0836, 0x0839, 0x004e, 0x0845, 0x0847, 0x084c, 0x084e,
    0x0851, 0x005a, 0x03a9, 0x005a, 0x0853, 0x0857, 0x0860, 0x0069, 0x0862, 0x0865, 0x086f, 0x0874,
    0x087a, 0x087e, 0x08a2, 0x0049, 0x08a4, 0x08a6, 0x08a9, 0x0056, 0x08ab, 0x08ad, 0x08b0, 0x08b4,
    0x0058, 0x08b6, 0x08b8, 0x08bb, 0x08c0, 0x08c2, 0x08c5, 0x0076, 0x08c7, 0x08c9, 0x08cc, 0x08d0,
    0x0078, 0x08d2, 0x08d4, 0x08d7, 0x08db, 0x08de, 0x08e4, 0x08e7, 0x08f0, 0x08f3, 0x08f6, 0x08f9,
    0x0902, 0x0906, 0x090b, 0x090f, 0x0914, 0x0917, 0x091a, 0x0923, 0x092c, 0x093b, 0x093e, 0x0941,
    0x0944, 0x0947, 0x094a, 0x0956, 0x095c, 0x0960, 0x0962, 0x0964, 0x0968, 0x096a, 0x0970, 0x0978,
    0x097c, 0x0980, 0x0986, 0x0989, 0x098f, 0x0991, 0x0030, 0x0993, 0x0999, 0x099c, 0x099e, 0x09a1,
    0x09a4, 0x2d61, 0x6bcd, 0x9f9f, 0x09a6, 0x09b1, 0x09bc, 0x09c7, 0x0a95, 0x0aa1, 0x0b15, 0x0020,
    0x0b27, 0x0b31, 0x0b8d, 0x0ba1, 0x0ba5, 0x0ba9, 0x0bad, 0x0bb1, 0x0bb5, 0x0bb9, 0x0bbd, 0x0bc1,
    0x0bc5, 0x0c21, 0x0c35, 0x0c39, 0x0c3d, 0x0c41, 0x0c45, 0x0c49, 0x0c4d, 0x0c51, 0x0c55, 0x0c59,
    0x0c6f, 0x0c71, 0x0c73, 0x0ca0, 0x0cbc, 0x0cdc, 0x0ce4, 0x0cec, 0x0cf4, 0x0cfc, 0x0d04, 0x0d0c,
    0x0d14, 0x0d22, 0x0d2e, 0x0d7a, 0x0d82, 0x0d85, 0x0d89, 0x0d8d, 0x0d9d, 0x0db1, 0x0db5, 0x0dbc,
    0x0dc2, 0x0dc6, 0x0e28, 0x0e2c, 0x0e30, 0x0e32, 0x0e36, 0x0e3c, 0x0e3e, 0x0e41, 0x0e43, 0x0e46,
    0x0e77, 0x0e7b, 0x0e89, 0x0e8e, 0x0e94, 0x0e9c, 0x0ea3, 0x0ea9, 0x0eb4, 0x0ebe, 0x0ec6, 0x0eca,
    0x0ecf, 0x0ed9, 0x0edd, 0x0ee4, 0x0eec, 0x0ef3, 0x0ef8, 0x0f04, 0x0f0a, 0x0f15, 0x0f1b, 0x0f22,
    0x0f28, 0x0f33, 0x0f3d, 0x0f45, 0x0f4c, 0x0f51, 0x0f57, 0x0f5e, 0x0f63, 0x0f69, 0x0f70, 0x0f76,
    0x0f7d, 0x0f82, 0x0f89, 0x0f8d, 0x0f9e, 0x0fa4, 0x0fa9, 0x0fad, 0x0fb8, 0x0fbe, 0x0fc9, 0x0fd0,
    0x0fd6, 0x0fda, 0x0fe1, 0x0fe5, 0x0fef, 0x0ffa, 0x1000, 0x1004, 0x1009, 0x100f, 0x1013, 0x101a,
    0x101f, 0x1023, 0x1029, 0x102f, 0x1032, 0x1036, 0x1039, 0x103f, 0x1045, 0x1059, 0x1061, 0x1079,
    0x107c, 0x1080, 0x1095, 0x10a1, 0x10b1, 0x10c3, 0x10cb, 0x10cf, 0x10da, 0x10de, 0x10ea, 0x10f2,
    0x10f4, 0x1100, 0x1105, 0x1111, 0x1141, 0x1149, 0x114d, 0x1153, 0x1157, 0x115a, 0x116e, 0x1171,
    0x1175, 0x117b, 0x117d, 0x1181, 0x1184, 0x118c, 0x1192, 0x1196, 0x119c, 0x11a2, 0x11a8, 0x11ab,
    0xa76f, 0x11af, 0x11b3, 0x11b7, 0x028d, 0x11bf, 0x1211, 0x130f, 0x140d, 0x1491, 0x1496, 0x1554,
    0x156d, 0x1573, 0x1579, 0x157f, 0x158b, 0x1597, 0x002b, 0x15a2, 0x15ba, 0x15be, 0x15c2, 0x15c6,
    0x15ca, 0x15ce, 0x15e2, 0x15e6, 0x164a, 0x1663, 0x1689, 0x168f, 0x174d, 0x1753, 0x1758, 0x1778,
    0x1878, 0x187e, 0x1912, 0x19d4, 0x1a78, 0x1a80, 0x1a9e, 0x1aa3, 0x1ab7, 0x1ac1, 0x1ac7, 0x1adb,
    0x1ae0, 0x1ae6, 0x1af4, 0x1b24, 0x1b31, 0x1b39, 0x1b3d, 0x1b53, 0x1bca, 0x1bdc, 0x1bde, 0x1be0,
    0x3164, 0x1c21, 0x1c23, 0x1c25, 0x1c27, 0x1c29, 0x1c2b, 0x1c49, 0x1c4e, 0x1c53, 0x1c89, 0x1ccf,
    0x1cdd, 0x1ce2, 0x1ceb, 0x1cf4, 0x1d02, 0x1d07, 0x1d0c, 0x1d1e, 0x1d30, 0x1d39, 0x1d3e, 0x1d62,
    0x1d70, 0x1d72, 0x1d74, 0x1d94, 0x1daf, 0x1db1, 0x1db3, 0x1db5, 0x1db7, 0x1db9, 0x1dbb, 0x1dbd,
    0x1ddd, 0x1ddf, 0x1de1, 0x1de3, 0x1de5, 0x1dec, 0x1dee, 0x1df0, 0x1df2, 0x1e01, 0x1e03, 0x1e05,
    0x1e07, 0x1e09, 0x1e0b, 0x1e0d, 0x1e0f, 0x1e11, 0x1e13, 0x1e15, 0x1e17, 0x1e19, 0x1e1b, 0x1e1d,
    0x1e21, 0x03f4, 0x1e23, 0x2207, 0x1e25, 0x2202, 0x1e27, 0x1e2f, 0x03f4, 0x1e31, 0x2207, 0x1e33,
    0x2202, 0x1e35, 0x1e3d, 0x03f4, 0x1e3f, 0x2207, 0x1e41, 0x2202, 0x1e43, 0x1e4b, 0x03f4, 0x1e4d,
    0x2207, 0x1e4f, 0x2202, 0x1e51, 0x1e59, 0x03f4, 0x1e5b, 0x2207, 0x1e5d, 0x2202, 0x1e5f, 0x1e69,
    0x1e6b, 0x1e6d, 0x1e6f, 0x1e71, 0x1e73, 0x1e75, 0x1e77, 0x1e79, 0x1e81, 0x1ea4, 0x1ea8, 0x1eae,
    0x1ecb, 0x062d, 0x1ed3, 0x1edf, 0x062c, 0x1eef, 0x1f5f, 0x1f6b, 0x1f7e, 0x1f90, 0x1fa3, 0x1fa5,
    0x1fa9, 0x1faf, 0x1fb5, 0x1fb7, 0x1fbb, 0x1fbd, 0x1fc5, 0x1fc8, 0x1fca, 0x1fd0, 0x1fd2, 0x30b5,
    0x1fd8, 0x2030, 0x2046, 0x204a, 0x204c, 0x2051, 0x209e, 0x20af, 0x21b0, 0x21c0, 0x21c6, 0x22c0,
    0x23de,
];
// c: libunicode-table.h:1064
pub static unicode_decomp_data: [u8; 9452] = [
    0x20, 0x88, 0x20, 0x84, 0x32, 0x33, 0x20, 0x81, 0x20, 0xa7, 0x31, 0x6f, 0x31, 0xd0, 0x34, 0x31,
    0xd0, 0x32, 0x33, 0xd0, 0x34, 0x41, 0x80, 0x41, 0x81, 0x41, 0x82, 0x41, 0x83, 0x41, 0x88, 0x41,
    0x8a, 0x00, 0x00, 0x43, 0xa7, 0x45, 0x80, 0x45, 0x81, 0x45, 0x82, 0x45, 0x88, 0x49, 0x80, 0x49,
    0x81, 0x49, 0x82, 0x49, 0x88, 0x00, 0x00, 0x4e, 0x83, 0x4f, 0x80, 0x4f, 0x81, 0x4f, 0x82, 0x4f,
    0x83, 0x4f, 0x88, 0x00, 0x00, 0x00, 0x00, 0x55, 0x80, 0x55, 0x81, 0x55, 0x82, 0x55, 0x88, 0x59,
    0x81, 0x00, 0x00, 0x00, 0x00, 0x61, 0x80, 0x61, 0x81, 0x61, 0x82, 0x61, 0x83, 0x61, 0x88, 0x61,
    0x8a, 0x00, 0x00, 0x63, 0xa7, 0x65, 0x80, 0x65, 0x81, 0x65, 0x82, 0x65, 0x88, 0x69, 0x80, 0x69,
    0x81, 0x69, 0x82, 0x69, 0x88, 0x00, 0x00, 0x6e, 0x83, 0x6f, 0x80, 0x6f, 0x81, 0x6f, 0x82, 0x6f,
    0x83, 0x6f, 0x88, 0x00, 0x00, 0x00, 0x00, 0x75, 0x80, 0x75, 0x81, 0x75, 0x82, 0x75, 0x88, 0x79,
    0x81, 0x00, 0x00, 0x79, 0x88, 0x41, 0x84, 0x41, 0x86, 0x41, 0xa8, 0x43, 0x81, 0x43, 0x82, 0x43,
    0x87, 0x43, 0x8c, 0x44, 0x8c, 0x45, 0x84, 0x45, 0x86, 0x45, 0x87, 0x45, 0xa8, 0x45, 0x8c, 0x47,
    0x82, 0x47, 0x86, 0x47, 0x87, 0x47, 0xa7, 0x48, 0x82, 0x49, 0x83, 0x49, 0x84, 0x49, 0x86, 0x49,
    0xa8, 0x49, 0x87, 0x49, 0x4a, 0x69, 0x6a, 0x4a, 0x82, 0x4b, 0xa7, 0x4c, 0x81, 0x4c, 0xa7, 0x4c,
    0x8c, 0x4c, 0x00, 0x00, 0x6b, 0x20, 0x6b, 0x4e, 0x81, 0x4e, 0xa7, 0x4e, 0x8c, 0xbc, 0x02, 0x6e,
    0x4f, 0x84, 0x4f, 0x86, 0x4f, 0x8b, 0x52, 0x81, 0x52, 0xa7, 0x52, 0x8c, 0x53, 0x81, 0x53, 0x82,
    0x53, 0xa7, 0x53, 0x8c, 0x54, 0xa7, 0x54, 0x8c, 0x55, 0x83, 0x55, 0x84, 0x55, 0x86, 0x55, 0x8a,
    0x55, 0x8b, 0x55, 0xa8, 0x57, 0x82, 0x59, 0x82, 0x59, 0x88, 0x5a, 0x81, 0x5a, 0x87, 0x5a, 0x8c,
    0x4f, 0x9b, 0x55, 0x9b, 0x44, 0x00, 0x7d, 0x01, 0x44, 0x00, 0x7e, 0x01, 0x64, 0x00, 0x7e, 0x01,
    0x4c, 0x4a, 0x4c, 0x6a, 0x6c, 0x6a, 0x4e, 0x4a, 0x4e, 0x6a, 0x6e, 0x6a, 0x41, 0x00, 0x8c, 0x49,
    0x00, 0x8c, 0x4f, 0x00, 0x8c, 0x55, 0x00, 0x8c, 0xdc, 0x00, 0x84, 0xdc, 0x00, 0x81, 0xdc, 0x00,
    0x8c, 0xdc, 0x00, 0x80, 0xc4, 0x00, 0x84, 0x26, 0x02, 0x84, 0xc6, 0x00, 0x84, 0x47, 0x8c, 0x4b,
    0x8c, 0x4f, 0xa8, 0xea, 0x01, 0x84, 0xeb, 0x01, 0x84, 0xb7, 0x01, 0x8c, 0x92, 0x02, 0x8c, 0x6a,
    0x00, 0x8c, 0x44, 0x5a, 0x44, 0x7a, 0x64, 0x7a, 0x47, 0x81, 0x4e, 0x00, 0x80, 0xc5, 0x00, 0x81,
    0xc6, 0x00, 0x81, 0xd8, 0x00, 0x81, 0x41, 0x8f, 0x41, 0x91, 0x45, 0x8f, 0x45, 0x91, 0x49, 0x8f,
    0x49, 0x91, 0x4f, 0x8f, 0x4f, 0x91, 0x52, 0x8f, 0x52, 0x91, 0x55, 0x8f, 0x55, 0x91, 0x53, 0xa6,
    0x54, 0xa6, 0x48, 0x8c, 0x41, 0x00, 0x87, 0x45, 0x00, 0xa7, 0xd6, 0x00, 0x84, 0xd5, 0x00, 0x84,
    0x4f, 0x00, 0x87, 0x2e, 0x02, 0x84, 0x59, 0x00, 0x84, 0x68, 0x00, 0x66, 0x02, 0x6a, 0x00, 0x72,
    0x00, 0x79, 0x02, 0x7b, 0x02, 0x81, 0x02, 0x77, 0x00, 0x79, 0x00, 0x20, 0x86, 0x20, 0x87, 0x20,
    0x8a, 0x20, 0xa8, 0x20, 0x83, 0x20, 0x8b, 0x63, 0x02, 0x6c, 0x00, 0x73, 0x00, 0x78, 0x00, 0x95,
    0x02, 0x80, 0x81, 0x00, 0x93, 0x88, 0x81, 0x20, 0xc5, 0x20, 0x81, 0xa8, 0x00, 0x81, 0x91, 0x03,
    0x81, 0x95, 0x03, 0x81, 0x97, 0x03, 0x81, 0x99, 0x03, 0x81, 0x00, 0x00, 0x00, 0x9f, 0x03, 0x81,
    0x00, 0x00, 0x00, 0xa5, 0x03, 0x81, 0xa9, 0x03, 0x81, 0xca, 0x03, 0x81, 0x01, 0x03, 0x98, 0x07,
    0xa4, 0x07, 0xb0, 0x00, 0xb4, 0x00, 0xb6, 0x00, 0xb8, 0x00, 0xca, 0x00, 0x01, 0x03, 0xb8, 0x07,
    0xc4, 0x07, 0xbe, 0x00, 0xc4, 0x00, 0xc8, 0x00, 0xa5, 0x03, 0x0d, 0x13, 0x00, 0x01, 0x03, 0xd1,
    0x00, 0xd1, 0x07, 0xc6, 0x03, 0xc0, 0x03, 0xba, 0x03, 0xc1, 0x03, 0xc2, 0x03, 0x00, 0x00, 0x98,
    0x03, 0xb5, 0x03, 0x15, 0x04, 0x80, 0x15, 0x04, 0x88, 0x00, 0x00, 0x00, 0x13, 0x04, 0x81, 0x06,
    0x04, 0x88, 0x1a, 0x04, 0x81, 0x18, 0x04, 0x80, 0x23, 0x04, 0x86, 0x18, 0x04, 0x86, 0x38, 0x04,
    0x86, 0x35, 0x04, 0x80, 0x35, 0x04, 0x88, 0x00, 0x00, 0x00, 0x33, 0x04, 0x81, 0x56, 0x04, 0x88,
    0x3a, 0x04, 0x81, 0x38, 0x04, 0x80, 0x43, 0x04, 0x86, 0x74, 0x04, 0x8f, 0x16, 0x04, 0x86, 0x10,
    0x04, 0x86, 0x10, 0x04, 0x88, 0x15, 0x04, 0x86, 0xd8, 0x04, 0x88, 0x16, 0x04, 0x88, 0x17, 0x04,
    0x88, 0x18, 0x04, 0x84, 0x18, 0x04, 0x88, 0x1e, 0x04, 0x88, 0xe8, 0x04, 0x88, 0x2d, 0x04, 0x88,
    0x23, 0x04, 0x84, 0x23, 0x04, 0x88, 0x23, 0x04, 0x8b, 0x27, 0x04, 0x88, 0x2b, 0x04, 0x88, 0x65,
    0x05, 0x82, 0x05, 0x27, 0x06, 0x00, 0x2c, 0x00, 0x2d, 0x21, 0x2d, 0x00, 0x2e, 0x23, 0x2d, 0x27,
    0x06, 0x00, 0x4d, 0x21, 0x4d, 0xa0, 0x4d, 0x23, 0x4d, 0xd5, 0x06, 0x54, 0x06, 0x00, 0x00, 0x00,
    0x00, 0xc1, 0x06, 0x54, 0x06, 0xd2, 0x06, 0x54, 0x06, 0x28, 0x09, 0x3c, 0x09, 0x30, 0x09, 0x3c,
    0x09, 0x33, 0x09, 0x3c, 0x09, 0x15, 0x09, 0x00, 0x27, 0x01, 0x27, 0x02, 0x27, 0x07, 0x27, 0x0c,
    0x27, 0x0d, 0x27, 0x16, 0x27, 0x1a, 0x27, 0xbe, 0x09, 0x09, 0x00, 0x09, 0x19, 0xa1, 0x09, 0xbc,
    0x09, 0xaf, 0x09, 0xbc, 0x09, 0x32, 0x0a, 0x3c, 0x0a, 0x38, 0x0a, 0x3c, 0x0a, 0x16, 0x0a, 0x00,
    0x26, 0x01, 0x26, 0x06, 0x26, 0x2b, 0x0a, 0x3c, 0x0a, 0x47, 0x0b, 0x56, 0x0b, 0x3e, 0x0b, 0x09,
    0x00, 0x09, 0x19, 0x21, 0x0b, 0x3c, 0x0b, 0x92, 0x0b, 0xd7, 0x0b, 0xbe, 0x0b, 0x08, 0x00, 0x09,
    0x00, 0x08, 0x19, 0x46, 0x0c, 0x56, 0x0c, 0xbf, 0x0c, 0xd5, 0x0c, 0xc6, 0x0c, 0xd5, 0x0c, 0xc2,
    0x0c, 0x04, 0x00, 0x08, 0x13, 0x3e, 0x0d, 0x08, 0x00, 0x09, 0x00, 0x08, 0x19, 0xd9, 0x0d, 0xca,
    0x0d, 0xca, 0x0d, 0x0f, 0x05, 0x12, 0x00, 0x0f, 0x15, 0x4d, 0x0e, 0x32, 0x0e, 0xcd, 0x0e, 0xb2,
    0x0e, 0x99, 0x0e, 0x12, 0x00, 0x12, 0x08, 0x42, 0x0f, 0xb7, 0x0f, 0x4c, 0x0f, 0xb7, 0x0f, 0x51,
    0x0f, 0xb7, 0x0f, 0x56, 0x0f, 0xb7, 0x0f, 0x5b, 0x0f, 0xb7, 0x0f, 0x40, 0x0f, 0xb5, 0x0f, 0x71,
    0x0f, 0x72, 0x0f, 0x71, 0x0f, 0x00, 0x03, 0x41, 0x0f, 0xb2, 0x0f, 0x81, 0x0f, 0xb3, 0x0f, 0x80,
    0x0f, 0xb3, 0x0f, 0x81, 0x0f, 0x71, 0x0f, 0x80, 0x0f, 0x92, 0x0f, 0xb7, 0x0f, 0x9c, 0x0f, 0xb7,
    0x0f, 0xa1, 0x0f, 0xb7, 0x0f, 0xa6, 0x0f, 0xb7, 0x0f, 0xab, 0x0f, 0xb7, 0x0f, 0x90, 0x0f, 0xb5,
    0x0f, 0x25, 0x10, 0x2e, 0x10, 0x05, 0x1b, 0x35, 0x1b, 0x00, 0x00, 0x00, 0x00, 0x07, 0x1b, 0x35,
    0x1b, 0x00, 0x00, 0x00, 0x00, 0x09, 0x1b, 0x35, 0x1b, 0x00, 0x00, 0x00, 0x00, 0x0b, 0x1b, 0x35,
    0x1b, 0x00, 0x00, 0x00, 0x00, 0x0d, 0x1b, 0x35, 0x1b, 0x11, 0x1b, 0x35, 0x1b, 0x3a, 0x1b, 0x35,
    0x1b, 0x00, 0x00, 0x00, 0x00, 0x3c, 0x1b, 0x35, 0x1b, 0x3e, 0x1b, 0x35, 0x1b, 0x42, 0x1b, 0x35,
    0x1b, 0x41, 0x00, 0xc6, 0x00, 0x42, 0x00, 0x00, 0x00, 0x44, 0x00, 0x45, 0x00, 0x8e, 0x01, 0x47,
    0x00, 0x4f, 0x00, 0x22, 0x02, 0x50, 0x00, 0x52, 0x00, 0x54, 0x00, 0x55, 0x00, 0x57, 0x00, 0x61,
    0x00, 0x50, 0x02, 0x51, 0x02, 0x02, 0x1d, 0x62, 0x00, 0x64, 0x00, 0x65, 0x00, 0x59, 0x02, 0x5b,
    0x02, 0x5c, 0x02, 0x67, 0x00, 0x00, 0x00, 0x6b, 0x00, 0x6d, 0x00, 0x4b, 0x01, 0x6f, 0x00, 0x54,
    0x02, 0x16, 0x1d, 0x17, 0x1d, 0x70, 0x00, 0x74, 0x00, 0x75, 0x00, 0x1d, 0x1d, 0x6f, 0x02, 0x76,
    0x00, 0x25, 0x1d, 0xb2, 0x03, 0xb3, 0x03, 0xb4, 0x03, 0xc6, 0x03, 0xc7, 0x03, 0x69, 0x00, 0x72,
    0x00, 0x75, 0x00, 0x76, 0x00, 0xb2, 0x03, 0xb3, 0x03, 0xc1, 0x03, 0xc6, 0x03, 0xc7, 0x03, 0x52,
    0x02, 0x63, 0x00, 0x55, 0x02, 0xf0, 0x00, 0x5c, 0x02, 0x66, 0x00, 0x5f, 0x02, 0x61, 0x02, 0x65,
    0x02, 0x68, 0x02, 0x69, 0x02, 0x6a, 0x02, 0x7b, 0x1d, 0x9d, 0x02, 0x6d, 0x02, 0x85, 0x1d, 0x9f,
    0x02, 0x71, 0x02, 0x70, 0x02, 0x72, 0x02, 0x73, 0x02, 0x74, 0x02, 0x75, 0x02, 0x78, 0x02, 0x82,
    0x02, 0x83, 0x02, 0xab, 0x01, 0x89, 0x02, 0x8a, 0x02, 0x1c, 0x1d, 0x8b, 0x02, 0x8c, 0x02, 0x7a,
    0x00, 0x90, 0x02, 0x91, 0x02, 0x92, 0x02, 0xb8, 0x03, 0x41, 0x00, 0xa5, 0x42, 0x00, 0x87, 0x42,
    0x00, 0xa3, 0x42, 0x00, 0xb1, 0xc7, 0x00, 0x81, 0x44, 0x00, 0x87, 0x44, 0x00, 0xa3, 0x44, 0x00,
    0xb1, 0x44, 0x00, 0xa7, 0x44, 0x00, 0xad, 0x12, 0x01, 0x80, 0x12, 0x01, 0x81, 0x45, 0x00, 0xad,
    0x45, 0x00, 0xb0, 0x28, 0x02, 0x86, 0x46, 0x00, 0x87, 0x47, 0x00, 0x84, 0x48, 0x00, 0x87, 0x48,
    0x00, 0xa3, 0x48, 0x00, 0x88, 0x48, 0x00, 0xa7, 0x48, 0x00, 0xae, 0x49, 0x00, 0xb0, 0xcf, 0x00,
    0x81, 0x4b, 0x00, 0x81, 0x4b, 0x00, 0xa3, 0x4b, 0x00, 0xb1, 0x4c, 0x00, 0xa3, 0x36, 0x1e, 0x84,
    0x4c, 0xb1, 0x4c, 0xad, 0x4d, 0x81, 0x4d, 0x87, 0x4d, 0xa3, 0x4e, 0x87, 0x4e, 0xa3, 0x4e, 0xb1,
    0x4e, 0xad, 0xd5, 0x00, 0x81, 0xd5, 0x00, 0x88, 0x4c, 0x01, 0x80, 0x4c, 0x01, 0x81, 0x50, 0x00,
    0x81, 0x50, 0x00, 0x87, 0x52, 0x00, 0x87, 0x52, 0x00, 0xa3, 0x5a, 0x1e, 0x84, 0x52, 0x00, 0xb1,
    0x53, 0x00, 0x87, 0x53, 0x00, 0xa3, 0x5a, 0x01, 0x87, 0x60, 0x01, 0x87, 0x62, 0x1e, 0x87, 0x54,
    0x00, 0x87, 0x54, 0x00, 0xa3, 0x54, 0x00, 0xb1, 0x54, 0x00, 0xad, 0x55, 0x00, 0xa4, 0x55, 0x00,
    0xb0, 0x55, 0x00, 0xad, 0x68, 0x01, 0x81, 0x6a, 0x01, 0x88, 0x56, 0x83, 0x56, 0xa3, 0x57, 0x80,
    0x57, 0x81, 0x57, 0x88, 0x57, 0x87, 0x57, 0xa3, 0x58, 0x87, 0x58, 0x88, 0x59, 0x87, 0x5a, 0x82,
    0x5a, 0xa3, 0x5a, 0xb1, 0x68, 0xb1, 0x74, 0x88, 0x77, 0x8a, 0x79, 0x8a, 0x61, 0x00, 0xbe, 0x02,
    0x7f, 0x01, 0x87, 0x41, 0x00, 0xa3, 0x41, 0x00, 0x89, 0xc2, 0x00, 0x81, 0xc2, 0x00, 0x80, 0xc2,
    0x00, 0x89, 0xc2, 0x00, 0x83, 0xa0, 0x1e, 0x82, 0x02, 0x01, 0x81, 0x02, 0x01, 0x80, 0x02, 0x01,
    0x89, 0x02, 0x01, 0x83, 0xa0, 0x1e, 0x86, 0x45, 0x00, 0xa3, 0x45, 0x00, 0x89, 0x45, 0x00, 0x83,
    0xca, 0x00, 0x81, 0xca, 0x00, 0x80, 0xca, 0x00, 0x89, 0xca, 0x00, 0x83, 0xb8, 0x1e, 0x82, 0x49,
    0x00, 0x89, 0x49, 0x00, 0xa3, 0x4f, 0x00, 0xa3, 0x4f, 0x00, 0x89, 0xd4, 0x00, 0x81, 0xd4, 0x00,
    0x80, 0xd4, 0x00, 0x89, 0xd4, 0x00, 0x83, 0xcc, 0x1e, 0x82, 0xa0, 0x01, 0x81, 0xa0, 0x01, 0x80,
    0xa0, 0x01, 0x89, 0xa0, 0x01, 0x83, 0xa0, 0x01, 0xa3, 0x55, 0x00, 0xa3, 0x55, 0x00, 0x89, 0xaf,
    0x01, 0x81, 0xaf, 0x01, 0x80, 0xaf, 0x01, 0x89, 0xaf, 0x01, 0x83, 0xaf, 0x01, 0xa3, 0x59, 0x00,
    0x80, 0x59, 0x00, 0xa3, 0x59, 0x00, 0x89, 0x59, 0x00, 0x83, 0xb1, 0x03, 0x13, 0x03, 0x00, 0x1f,
    0x80, 0x00, 0x1f, 0x81, 0x00, 0x1f, 0xc2, 0x91, 0x03, 0x13, 0x03, 0x08, 0x1f, 0x80, 0x08, 0x1f,
    0x81, 0x08, 0x1f, 0xc2, 0xb5, 0x03, 0x13, 0x03, 0x10, 0x1f, 0x80, 0x10, 0x1f, 0x81, 0x95, 0x03,
    0x13, 0x03, 0x18, 0x1f, 0x80, 0x18, 0x1f, 0x81, 0xb7, 0x03, 0x93, 0xb7, 0x03, 0x94, 0x20, 0x1f,
    0x80, 0x21, 0x1f, 0x80, 0x20, 0x1f, 0x81, 0x21, 0x1f, 0x81, 0x20, 0x1f, 0xc2, 0x21, 0x1f, 0xc2,
    0x97, 0x03, 0x93, 0x97, 0x03, 0x94, 0x28, 0x1f, 0x80, 0x29, 0x1f, 0x80, 0x28, 0x1f, 0x81, 0x29,
    0x1f, 0x81, 0x28, 0x1f, 0xc2, 0x29, 0x1f, 0xc2, 0xb9, 0x03, 0x93, 0xb9, 0x03, 0x94, 0x30, 0x1f,
    0x80, 0x31, 0x1f, 0x80, 0x30, 0x1f, 0x81, 0x31, 0x1f, 0x81, 0x30, 0x1f, 0xc2, 0x31, 0x1f, 0xc2,
    0x99, 0x03, 0x93, 0x99, 0x03, 0x94, 0x38, 0x1f, 0x80, 0x39, 0x1f, 0x80, 0x38, 0x1f, 0x81, 0x39,
    0x1f, 0x81, 0x38, 0x1f, 0xc2, 0x39, 0x1f, 0xc2, 0xbf, 0x03, 0x93, 0xbf, 0x03, 0x94, 0x40, 0x1f,
    0x80, 0x40, 0x1f, 0x81, 0x9f, 0x03, 0x13, 0x03, 0x48, 0x1f, 0x80, 0x48, 0x1f, 0x81, 0xc5, 0x03,
    0x13, 0x03, 0x50, 0x1f, 0x80, 0x50, 0x1f, 0x81, 0x50, 0x1f, 0xc2, 0xa5, 0x03, 0x94, 0x00, 0x00,
    0x00, 0x59, 0x1f, 0x80, 0x00, 0x00, 0x00, 0x59, 0x1f, 0x81, 0x00, 0x00, 0x00, 0x59, 0x1f, 0xc2,
    0xc9, 0x03, 0x93, 0xc9, 0x03, 0x94, 0x60, 0x1f, 0x80, 0x61, 0x1f, 0x80, 0x60, 0x1f, 0x81, 0x61,
    0x1f, 0x81, 0x60, 0x1f, 0xc2, 0x61, 0x1f, 0xc2, 0xa9, 0x03, 0x93, 0xa9, 0x03, 0x94, 0x68, 0x1f,
    0x80, 0x69, 0x1f, 0x80, 0x68, 0x1f, 0x81, 0x69, 0x1f, 0x81, 0x68, 0x1f, 0xc2, 0x69, 0x1f, 0xc2,
    0xb1, 0x03, 0x80, 0xb5, 0x03, 0x80, 0xb7, 0x03, 0x80, 0xb9, 0x03, 0x80, 0xbf, 0x03, 0x80, 0xc5,
    0x03, 0x80, 0xc9, 0x03, 0x80, 0x00, 0x1f, 0x45, 0x03, 0x20, 0x1f, 0x45, 0x03, 0x60, 0x1f, 0x45,
    0x03, 0xb1, 0x03, 0x86, 0xb1, 0x03, 0x84, 0x70, 0x1f, 0xc5, 0xb1, 0x03, 0xc5, 0xac, 0x03, 0xc5,
    0x00, 0x00, 0x00, 0xb1, 0x03, 0xc2, 0xb6, 0x1f, 0xc5, 0x91, 0x03, 0x86, 0x91, 0x03, 0x84, 0x91,
    0x03, 0x80, 0x91, 0x03, 0xc5, 0x20, 0x93, 0x20, 0x93, 0x20, 0xc2, 0xa8, 0x00, 0xc2, 0x74, 0x1f,
    0xc5, 0xb7, 0x03, 0xc5, 0xae, 0x03, 0xc5, 0x00, 0x00, 0x00, 0xb7, 0x03, 0xc2, 0xc6, 0x1f, 0xc5,
    0x95, 0x03, 0x80, 0x97, 0x03, 0x80, 0x97, 0x03, 0xc5, 0xbf, 0x1f, 0x80, 0xbf, 0x1f, 0x81, 0xbf,
    0x1f, 0xc2, 0xb9, 0x03, 0x86, 0xb9, 0x03, 0x84, 0xca, 0x03, 0x80, 0x00, 0x03, 0xb9, 0x42, 0xca,
    0x42, 0x99, 0x06, 0x99, 0x04, 0x99, 0x00, 0xfe, 0x1f, 0x80, 0xfe, 0x1f, 0x81, 0xfe, 0x1f, 0xc2,
    0xc5, 0x03, 0x86, 0xc5, 0x03, 0x84, 0xcb, 0x03, 0x80, 0x00, 0x03, 0xc1, 0x13, 0xc1, 0x14, 0xc5,
    0x42, 0xcb, 0x42, 0xa5, 0x06, 0xa5, 0x04, 0xa5, 0x00, 0xa1, 0x03, 0x94, 0xa8, 0x00, 0x80, 0x85,
    0x03, 0x60, 0x00, 0x7c, 0x1f, 0xc5, 0xc9, 0x03, 0xc5, 0xce, 0x03, 0xc5, 0x00, 0x00, 0x00, 0xc9,
    0x03, 0xc2, 0xf6, 0x1f, 0xc5, 0x9f, 0x03, 0x80, 0xa9, 0x03, 0x80, 0xa9, 0x03, 0xc5, 0x20, 0x94,
    0x02, 0x20, 0x20, 0x20, 0x20, 0x20, 0x20, 0x20, 0x20, 0x20, 0x20, 0x20, 0xb3, 0x2e, 0x2e, 0x2e,
    0x2e, 0x2e, 0x32, 0x20, 0x32, 0x20, 0x32, 0x20, 0x00, 0x00, 0x00, 0x35, 0x20, 0x35, 0x20, 0x35,
    0x20, 0x00, 0x00, 0x00, 0x21, 0x21, 0x00, 0x00, 0x20, 0x85, 0x3f, 0x3f, 0x3f, 0x21, 0x21, 0x3f,
    0x32, 0x20, 0x00, 0x00, 0x00, 0x00, 0x30, 0x69, 0x00, 0x00, 0x34, 0x35, 0x36, 0x37, 0x38, 0x39,
    0x2b, 0x3d, 0x28, 0x29, 0x6e, 0x30, 0x00, 0x2b, 0x00, 0x12, 0x22, 0x3d, 0x00, 0x28, 0x00, 0x29,
    0x00, 0x00, 0x00, 0x61, 0x00, 0x65, 0x00, 0x6f, 0x00, 0x78, 0x00, 0x59, 0x02, 0x68, 0x6b, 0x6c,
    0x6d, 0x6e, 0x70, 0x73, 0x74, 0x52, 0x73, 0x61, 0x2f, 0x63, 0x61, 0x2f, 0x73, 0xb0, 0x00, 0x43,
    0x63, 0x2f, 0x6f, 0x63, 0x2f, 0x75, 0xb0, 0x00, 0x46, 0x48, 0x00, 0x1f, 0x00, 0x00, 0x00, 0x20,
    0xdf, 0x01, 0x01, 0x04, 0x24, 0x4e, 0x6f, 0x50, 0x51, 0x52, 0x52, 0x52, 0x53, 0x4d, 0x54, 0x45,
    0x4c, 0x54, 0x4d, 0x4b, 0x00, 0xc5, 0x00, 0x42, 0x43, 0x00, 0x65, 0x45, 0x46, 0x00, 0x4d, 0x6f,
    0xd0, 0x05, 0x46, 0x41, 0x58, 0xc0, 0x03, 0xb3, 0x03, 0x93, 0x03, 0xa0, 0x03, 0x11, 0x22, 0x44,
    0x64, 0x65, 0x69, 0x6a, 0x31, 0xd0, 0x37, 0x31, 0xd0, 0x39, 0x31, 0xd0, 0x31, 0x30, 0x31, 0xd0,
    0x33, 0x32, 0xd0, 0x33, 0x31, 0xd0, 0x35, 0x32, 0xd0, 0x35, 0x33, 0xd0, 0x35, 0x34, 0xd0, 0x35,
    0x31, 0xd0, 0x36, 0x35, 0xd0, 0x36, 0x31, 0xd0, 0x38, 0x33, 0xd0, 0x38, 0x35, 0xd0, 0x38, 0x37,
    0xd0, 0x38, 0x31, 0xd0, 0x49, 0x49, 0x49, 0x49, 0x49, 0x49, 0x56, 0x56, 0x49, 0x56, 0x49, 0x49,
    0x56, 0x49, 0x49, 0x49, 0x49, 0x58, 0x58, 0x49, 0x58, 0x49, 0x49, 0x4c, 0x43, 0x44, 0x4d, 0x69,
    0x69, 0x69, 0x69, 0x69, 0x69, 0x69, 0x76, 0x76, 0x69, 0x76, 0x69, 0x69, 0x76, 0x69, 0x69, 0x69,
    0x69, 0x78, 0x78, 0x69, 0x78, 0x69, 0x69, 0x6c, 0x63, 0x64, 0x6d, 0x30, 0xd0, 0x33, 0x90, 0x21,
    0xb8, 0x92, 0x21, 0xb8, 0x94, 0x21, 0xb8, 0xd0, 0x21, 0xb8, 0xd4, 0x21, 0xb8, 0xd2, 0x21, 0xb8,
    0x03, 0x22, 0xb8, 0x08, 0x22, 0xb8, 0x0b, 0x22, 0xb8, 0x23, 0x22, 0xb8, 0x00, 0x00, 0x00, 0x25,
    0x22, 0xb8, 0x2b, 0x22, 0x2b, 0x22, 0x2b, 0x22, 0x00, 0x00, 0x00, 0x2e, 0x22, 0x2e, 0x22, 0x2e,
    0x22, 0x00, 0x00, 0x00, 0x3c, 0x22, 0xb8, 0x43, 0x22, 0xb8, 0x45, 0x22, 0xb8, 0x00, 0x00, 0x00,
    0x48, 0x22, 0xb8, 0x3d, 0x00, 0xb8, 0x00, 0x00, 0x00, 0x61, 0x22, 0xb8, 0x4d, 0x22, 0xb8, 0x3c,
    0x00, 0xb8, 0x3e, 0x00, 0xb8, 0x64, 0x22, 0xb8, 0x65, 0x22, 0xb8, 0x72, 0x22, 0xb8, 0x76, 0x22,
    0xb8, 0x7a, 0x22, 0xb8, 0x82, 0x22, 0xb8, 0x86, 0x22, 0xb8, 0xa2, 0x22, 0xb8, 0xa8, 0x22, 0xb8,
    0xa9, 0x22, 0xb8, 0xab, 0x22, 0xb8, 0x7c, 0x22, 0xb8, 0x91, 0x22, 0xb8, 0xb2, 0x22, 0x38, 0x03,
    0x08, 0x30, 0x31, 0x00, 0x31, 0x00, 0x30, 0x00, 0x32, 0x30, 0x28, 0x00, 0x31, 0x00, 0x29, 0x00,
    0x28, 0x00, 0x31, 0x00, 0x30, 0x00, 0x29, 0x00, 0x28, 0x32, 0x30, 0x29, 0x31, 0x00, 0x2e, 0x00,
    0x31, 0x00, 0x30, 0x00, 0x2e, 0x00, 0x32, 0x30, 0x2e, 0x28, 0x00, 0x61, 0x00, 0x29, 0x00, 0x41,
    0x00, 0x61, 0x00, 0x2b, 0x22, 0x00, 0x00, 0x00, 0x00, 0x3a, 0x3a, 0x3d, 0x3d, 0x3d, 0x3d, 0x3d,
    0x3d, 0xdd, 0x2a, 0xb8, 0x6a, 0x56, 0x00, 0x4e, 0x00, 0x28, 0x36, 0x3f, 0x59, 0x85, 0x8c, 0xa0,
    0xba, 0x3f, 0x51, 0x00, 0x26, 0x2c, 0x43, 0x57, 0x6c, 0xa1, 0xb6, 0xc1, 0x9b, 0x52, 0x00, 0x5e,
    0x7a, 0x7f, 0x9d, 0xa6, 0xc1, 0xce, 0xe7, 0xb6, 0x53, 0xc8, 0x53, 0xe3, 0x53, 0xd7, 0x56, 0x1f,
    0x57, 0xeb, 0x58, 0x02, 0x59, 0x0a, 0x59, 0x15, 0x59, 0x27, 0x59, 0x73, 0x59, 0x50, 0x5b, 0x80,
    0x5b, 0xf8, 0x5b, 0x0f, 0x5c, 0x22, 0x5c, 0x38, 0x5c, 0x6e, 0x5c, 0x71, 0x5c, 0xdb, 0x5d, 0xe5,
    0x5d, 0xf1, 0x5d, 0xfe, 0x5d, 0x72, 0x5e, 0x7a, 0x5e, 0x7f, 0x5e, 0xf4, 0x5e, 0xfe, 0x5e, 0x0b,
    0x5f, 0x13, 0x5f, 0x50, 0x5f, 0x61, 0x5f, 0x73, 0x5f, 0xc3, 0x5f, 0x08, 0x62, 0x36, 0x62, 0x4b,
    0x62, 0x2f, 0x65, 0x34, 0x65, 0x87, 0x65, 0x97, 0x65, 0xa4, 0x65, 0xb9, 0x65, 0xe0, 0x65, 0xe5,
    0x65, 0xf0, 0x66, 0x08, 0x67, 0x28, 0x67, 0x20, 0x6b, 0x62, 0x6b, 0x79, 0x6b, 0xb3, 0x6b, 0xcb,
    0x6b, 0xd4, 0x6b, 0xdb, 0x6b, 0x0f, 0x6c, 0x14, 0x6c, 0x34, 0x6c, 0x6b, 0x70, 0x2a, 0x72, 0x36,
    0x72, 0x3b, 0x72, 0x3f, 0x72, 0x47, 0x72, 0x59, 0x72, 0x5b, 0x72, 0xac, 0x72, 0x84, 0x73, 0x89,
    0x73, 0xdc, 0x74, 0xe6, 0x74, 0x18, 0x75, 0x1f, 0x75, 0x28, 0x75, 0x30, 0x75, 0x8b, 0x75, 0x92,
    0x75, 0x76, 0x76, 0x7d, 0x76, 0xae, 0x76, 0xbf, 0x76, 0xee, 0x76, 0xdb, 0x77, 0xe2, 0x77, 0xf3,
    0x77, 0x3a, 0x79, 0xb8, 0x79, 0xbe, 0x79, 0x74, 0x7a, 0xcb, 0x7a, 0xf9, 0x7a, 0x73, 0x7c, 0xf8,
    0x7c, 0x36, 0x7f, 0x51, 0x7f, 0x8a, 0x7f, 0xbd, 0x7f, 0x01, 0x80, 0x0c, 0x80, 0x12, 0x80, 0x33,
    0x80, 0x7f, 0x80, 0x89, 0x80, 0xe3, 0x81, 0x00, 0x07, 0x10, 0x19, 0x29, 0x38, 0x3c, 0x8b, 0x8f,
    0x95, 0x4d, 0x86, 0x6b, 0x86, 0x40, 0x88, 0x4c, 0x88, 0x63, 0x88, 0x7e, 0x89, 0x8b, 0x89, 0xd2,
    0x89, 0x00, 0x8a, 0x37, 0x8c, 0x46, 0x8c, 0x55, 0x8c, 0x78, 0x8c, 0x9d, 0x8c, 0x64, 0x8d, 0x70,
    0x8d, 0xb3, 0x8d, 0xab, 0x8e, 0xca, 0x8e, 0x9b, 0x8f, 0xb0, 0x8f, 0xb5, 0x8f, 0x91, 0x90, 0x49,
    0x91, 0xc6, 0x91, 0xcc, 0x91, 0xd1, 0x91, 0x77, 0x95, 0x80, 0x95, 0x1c, 0x96, 0xb6, 0x96, 0xb9,
    0x96, 0xe8, 0x96, 0x51, 0x97, 0x5e, 0x97, 0x62, 0x97, 0x69, 0x97, 0xcb, 0x97, 0xed, 0x97, 0xf3,
    0x97, 0x01, 0x98, 0xa8, 0x98, 0xdb, 0x98, 0xdf, 0x98, 0x96, 0x99, 0x99, 0x99, 0xac, 0x99, 0xa8,
    0x9a, 0xd8, 0x9a, 0xdf, 0x9a, 0x25, 0x9b, 0x2f, 0x9b, 0x32, 0x9b, 0x3c, 0x9b, 0x5a, 0x9b, 0xe5,
    0x9c, 0x75, 0x9e, 0x7f, 0x9e, 0xa5, 0x9e, 0x00, 0x16, 0x1e, 0x28, 0x2c, 0x54, 0x58, 0x69, 0x6e,
    0x7b, 0x96, 0xa5, 0xad, 0xe8, 0xf7, 0xfb, 0x12, 0x30, 0x00, 0x00, 0x41, 0x53, 0x44, 0x53, 0x45,
    0x53, 0x4b, 0x30, 0x99, 0x30, 0x00, 0x00, 0x00, 0x00, 0x4d, 0x30, 0x99, 0x30, 0x00, 0x00, 0x00,
    0x00, 0x4f, 0x30, 0x99, 0x30, 0x00, 0x00, 0x00, 0x00, 0x51, 0x30, 0x99, 0x30, 0x00, 0x00, 0x00,
    0x00, 0x53, 0x30, 0x99, 0x30, 0x00, 0x00, 0x00, 0x00, 0x55, 0x30, 0x99, 0x30, 0x00, 0x00, 0x00,
    0x00, 0x57, 0x30, 0x99, 0x30, 0x00, 0x00, 0x00, 0x00, 0x59, 0x30, 0x99, 0x30, 0x00, 0x00, 0x00,
    0x00, 0x5b, 0x30, 0x99, 0x30, 0x00, 0x00, 0x00, 0x00, 0x5d, 0x30, 0x99, 0x30, 0x00, 0x00, 0x00,
    0x00, 0x5f, 0x30, 0x99, 0x30, 0x00, 0x00, 0x00, 0x00, 0x61, 0x30, 0x99, 0x30, 0x64, 0x30, 0x99,
    0x30, 0x00, 0x00, 0x00, 0x00, 0x66, 0x30, 0x99, 0x30, 0x00, 0x00, 0x00, 0x00, 0x68, 0x30, 0x99,
    0x30, 0x6f, 0x30, 0x99, 0x30, 0x72, 0x30, 0x99, 0x30, 0x75, 0x30, 0x99, 0x30, 0x78, 0x30, 0x99,
    0x30, 0x7b, 0x30, 0x99, 0x30, 0x46, 0x30, 0x99, 0x30, 0x20, 0x00, 0x99, 0x30, 0x9d, 0x30, 0x99,
    0x30, 0x88, 0x30, 0x8a, 0x30, 0xab, 0x30, 0x99, 0x30, 0x00, 0x00, 0x00, 0x00, 0xad, 0x30, 0x99,
    0x30, 0x00, 0x00, 0x00, 0x00, 0xaf, 0x30, 0x99, 0x30, 0x00, 0x00, 0x00, 0x00, 0xb1, 0x30, 0x99,
    0x30, 0x00, 0x00, 0x00, 0x00, 0xb3, 0x30, 0x99, 0x30, 0x00, 0x00, 0x00, 0x00, 0xb5, 0x30, 0x99,
    0x30, 0x00, 0x00, 0x00, 0x00, 0xb7, 0x30, 0x99, 0x30, 0x00, 0x00, 0x00, 0x00, 0xb9, 0x30, 0x99,
    0x30, 0x00, 0x00, 0x00, 0x00, 0xbb, 0x30, 0x99, 0x30, 0x00, 0x00, 0x00, 0x00, 0xbd, 0x30, 0x99,
    0x30, 0x00, 0x00, 0x00, 0x00, 0xbf, 0x30, 0x99, 0x30, 0x00, 0x00, 0x00, 0x00, 0xc1, 0x30, 0x99,
    0x30, 0xc4, 0x30, 0x99, 0x30, 0x00, 0x00, 0x00, 0x00, 0xc6, 0x30, 0x99, 0x30, 0x00, 0x00, 0x00,
    0x00, 0xc8, 0x30, 0x99, 0x30, 0xcf, 0x30, 0x99, 0x30, 0xd2, 0x30, 0x99, 0x30, 0xd5, 0x30, 0x99,
    0x30, 0xd8, 0x30, 0x99, 0x30, 0xdb, 0x30, 0x99, 0x30, 0xa6, 0x30, 0x99, 0x30, 0xef, 0x30, 0x99,
    0x30, 0xfd, 0x30, 0x99, 0x30, 0xb3, 0x30, 0xc8, 0x30, 0x00, 0x11, 0x00, 0x01, 0xaa, 0x02, 0xac,
    0xad, 0x03, 0x04, 0x05, 0xb0, 0xb1, 0xb2, 0xb3, 0xb4, 0xb5, 0x1a, 0x06, 0x07, 0x08, 0x21, 0x09,
    0x11, 0x61, 0x11, 0x14, 0x11, 0x4c, 0x00, 0x01, 0xb3, 0xb4, 0xb8, 0xba, 0xbf, 0xc3, 0xc5, 0x08,
    0xc9, 0xcb, 0x09, 0x0a, 0x0c, 0x0e, 0x0f, 0x13, 0x15, 0x17, 0x18, 0x19, 0x1a, 0x1b, 0x1e, 0x22,
    0x2c, 0x33, 0x38, 0xdd, 0xde, 0x43, 0x44, 0x45, 0x70, 0x71, 0x74, 0x7d, 0x7e, 0x80, 0x8a, 0x8d,
    0x00, 0x4e, 0x8c, 0x4e, 0x09, 0x4e, 0xdb, 0x56, 0x0a, 0x4e, 0x2d, 0x4e, 0x0b, 0x4e, 0x32, 0x75,
    0x59, 0x4e, 0x19, 0x4e, 0x01, 0x4e, 0x29, 0x59, 0x30, 0x57, 0xba, 0x4e, 0x28, 0x00, 0x29, 0x00,
    0x00, 0x11, 0x02, 0x11, 0x03, 0x11, 0x05, 0x11, 0x06, 0x11, 0x07, 0x11, 0x09, 0x11, 0x0b, 0x11,
    0x0c, 0x11, 0x0e, 0x11, 0x0f, 0x11, 0x10, 0x11, 0x11, 0x11, 0x12, 0x11, 0x28, 0x00, 0x00, 0x11,
    0x61, 0x11, 0x29, 0x00, 0x28, 0x00, 0x02, 0x11, 0x61, 0x11, 0x29, 0x00, 0x28, 0x00, 0x05, 0x11,
    0x61, 0x11, 0x29, 0x00, 0x28, 0x00, 0x09, 0x11, 0x61, 0x11, 0x29, 0x00, 0x28, 0x00, 0x0b, 0x11,
    0x61, 0x11, 0x29, 0x00, 0x28, 0x00, 0x0e, 0x11, 0x61, 0x11, 0x29, 0x00, 0x28, 0x00, 0x0c, 0x11,
    0x6e, 0x11, 0x29, 0x00, 0x28, 0x00, 0x0b, 0x11, 0x69, 0x11, 0x0c, 0x11, 0x65, 0x11, 0xab, 0x11,
    0x29, 0x00, 0x28, 0x00, 0x0b, 0x11, 0x69, 0x11, 0x12, 0x11, 0x6e, 0x11, 0x29, 0x00, 0x28, 0x00,
    0x29, 0x00, 0x00, 0x4e, 0x8c, 0x4e, 0x09, 0x4e, 0xdb, 0x56, 0x94, 0x4e, 0x6d, 0x51, 0x03, 0x4e,
    0x6b, 0x51, 0x5d, 0x4e, 0x41, 0x53, 0x08, 0x67, 0x6b, 0x70, 0x34, 0x6c, 0x28, 0x67, 0xd1, 0x91,
    0x1f, 0x57, 0xe5, 0x65, 0x2a, 0x68, 0x09, 0x67, 0x3e, 0x79, 0x0d, 0x54, 0x79, 0x72, 0xa1, 0x8c,
    0x5d, 0x79, 0xb4, 0x52, 0xe3, 0x4e, 0x7c, 0x54, 0x66, 0x5b, 0xe3, 0x76, 0x01, 0x4f, 0xc7, 0x8c,
    0x54, 0x53, 0x6d, 0x79, 0x11, 0x4f, 0xea, 0x81, 0xf3, 0x81, 0x4f, 0x55, 0x7c, 0x5e, 0x87, 0x65,
    0x8f, 0x7b, 0x50, 0x54, 0x45, 0x32, 0x00, 0x31, 0x00, 0x33, 0x00, 0x30, 0x00, 0x00, 0x11, 0x00,
    0x02, 0x03, 0x05, 0x06, 0x07, 0x09, 0x0b, 0x0c, 0x0e, 0x0f, 0x10, 0x11, 0x12, 0x00, 0x11, 0x00,
    0x61, 0x02, 0x61, 0x03, 0x61, 0x05, 0x61, 0x06, 0x61, 0x07, 0x61, 0x09, 0x61, 0x0b, 0x61, 0x0c,
    0x61, 0x0e, 0x11, 0x61, 0x11, 0x00, 0x11, 0x0e, 0x61, 0xb7, 0x00, 0x69, 0x0b, 0x11, 0x01, 0x63,
    0x00, 0x69, 0x0b, 0x11, 0x6e, 0x11, 0x00, 0x4e, 0x8c, 0x4e, 0x09, 0x4e, 0xdb, 0x56, 0x94, 0x4e,
    0x6d, 0x51, 0x03, 0x4e, 0x6b, 0x51, 0x5d, 0x4e, 0x41, 0x53, 0x08, 0x67, 0x6b, 0x70, 0x34, 0x6c,
    0x28, 0x67, 0xd1, 0x91, 0x1f, 0x57, 0xe5, 0x65, 0x2a, 0x68, 0x09, 0x67, 0x3e, 0x79, 0x0d, 0x54,
    0x79, 0x72, 0xa1, 0x8c, 0x5d, 0x79, 0xb4, 0x52, 0xd8, 0x79, 0x37, 0x75, 0x73, 0x59, 0x69, 0x90,
    0x2a, 0x51, 0x70, 0x53, 0xe8, 0x6c, 0x05, 0x98, 0x11, 0x4f, 0x99, 0x51, 0x63, 0x6b, 0x0a, 0x4e,
    0x2d, 0x4e, 0x0b, 0x4e, 0xe6, 0x5d, 0xf3, 0x53, 0x3b, 0x53, 0x97, 0x5b, 0x66, 0x5b, 0xe3, 0x76,
    0x01, 0x4f, 0xc7, 0x8c, 0x54, 0x53, 0x1c, 0x59, 0x33, 0x00, 0x36, 0x00, 0x34, 0x00, 0x30, 0x00,
    0x35, 0x30, 0x31, 0x00, 0x08, 0x67, 0x31, 0x00, 0x30, 0x00, 0x08, 0x67, 0x48, 0x67, 0x65, 0x72,
    0x67, 0x65, 0x56, 0x4c, 0x54, 0x44, 0xa2, 0x30, 0x00, 0x02, 0x04, 0x06, 0x08, 0x09, 0x0b, 0x0d,
    0x0f, 0x11, 0x13, 0x15, 0x17, 0x19, 0x1b, 0x1d, 0x1f, 0x22, 0x24, 0x26, 0x28, 0x29, 0x2a, 0x2b,
    0x2c, 0x2d, 0x30, 0x33, 0x36, 0x39, 0x3c, 0x3d, 0x3e, 0x3f, 0x40, 0x42, 0x44, 0x46, 0x47, 0x48,
    0x49, 0x4a, 0x4b, 0x4d, 0x4e, 0x4f, 0x50, 0xe4, 0x4e, 0x8c, 0x54, 0xa1, 0x30, 0x01, 0x30, 0x5b,
    0x27, 0x01, 0x4a, 0x34, 0x00, 0x01, 0x52, 0x39, 0x01, 0xa2, 0x30, 0x00, 0x5a, 0x49, 0xa4, 0x30,
    0x00, 0x27, 0x4f, 0x0c, 0xa4, 0x30, 0x00, 0x4f, 0x1d, 0x02, 0x05, 0x4f, 0xa8, 0x30, 0x00, 0x11,
    0x07, 0x54, 0x21, 0xa8, 0x30, 0x00, 0x54, 0x03, 0x54, 0xa4, 0x30, 0x06, 0x4f, 0x15, 0x06, 0x58,
    0x3c, 0x07, 0x00, 0x46, 0xab, 0x30, 0x00, 0x3e, 0x18, 0x1d, 0x00, 0x42, 0x3f, 0x51, 0xac, 0x30,
    0x00, 0x41, 0x47, 0x00, 0x47, 0x32, 0xae, 0x30, 0xac, 0x30, 0xae, 0x30, 0x00, 0x1d, 0x4e, 0xad,
    0x30, 0x00, 0x38, 0x3d, 0x4f, 0x01, 0x3e, 0x13, 0x4f, 0xad, 0x30, 0xed, 0x30, 0xad, 0x30, 0x00,
    0x40, 0x03, 0x3c, 0x33, 0xad, 0x30, 0x00, 0x40, 0x34, 0x4f, 0x1b, 0x3e, 0xad, 0x30, 0x00, 0x40,
    0x42, 0x16, 0x1b, 0xb0, 0x30, 0x00, 0x39, 0x30, 0xa4, 0x30, 0x0c, 0x45, 0x3c, 0x24, 0x4f, 0x0b,
    0x47, 0x18, 0x00, 0x49, 0xaf, 0x30, 0x00, 0x3e, 0x4d, 0x1e, 0xb1, 0x30, 0x00, 0x4b, 0x08, 0x02,
    0x3a, 0x19, 0x02, 0x4b, 0x2c, 0xa4, 0x30, 0x11, 0x00, 0x0b, 0x47, 0xb5, 0x30, 0x00, 0x3e, 0x0c,
    0x47, 0x2b, 0xb0, 0x30, 0x07, 0x3a, 0x43, 0x00, 0xb9, 0x30, 0x02, 0x3a, 0x08, 0x02, 0x3a, 0x0f,
    0x07, 0x43, 0x00, 0xb7, 0x30, 0x10, 0x00, 0x12, 0x34, 0x11, 0x3c, 0x13, 0x17, 0xa4, 0x30, 0x2a,
    0x1f, 0x24, 0x2b, 0x00, 0x20, 0xbb, 0x30, 0x16, 0x41, 0x00, 0x38, 0x0d, 0xc4, 0x30, 0x0d, 0x38,
    0x00, 0xd0, 0x30, 0x00, 0x2c, 0x1c, 0x1b, 0xa2, 0x30, 0x32, 0x00, 0x17, 0x26, 0x49, 0xaf, 0x30,
    0x25, 0x00, 0x3c, 0xb3, 0x30, 0x21, 0x00, 0x20, 0x38, 0xa1, 0x30, 0x34, 0x00, 0x48, 0x22, 0x28,
    0xa3, 0x30, 0x32, 0x00, 0x59, 0x25, 0xa7, 0x30, 0x2f, 0x1c, 0x10, 0x00, 0x44, 0xd5, 0x30, 0x00,
    0x14, 0x1e, 0xaf, 0x30, 0x29, 0x00, 0x10, 0x4d, 0x3c, 0xda, 0x30, 0xbd, 0x30, 0xb8, 0x30, 0x22,
    0x13, 0x1a, 0x20, 0x33, 0x0c, 0x22, 0x3b, 0x01, 0x22, 0x44, 0x00, 0x21, 0x44, 0x07, 0xa4, 0x30,
    0x39, 0x00, 0x4f, 0x24, 0xc8, 0x30, 0x14, 0x23, 0x00, 0xdb, 0x30, 0xf3, 0x30, 0xc9, 0x30, 0x14,
    0x2a, 0x00, 0x12, 0x33, 0x22, 0x12, 0x33, 0x2a, 0xa4, 0x30, 0x3a, 0x00, 0x0b, 0x49, 0xa4, 0x30,
    0x3a, 0x00, 0x47, 0x3a, 0x1f, 0x2b, 0x3a, 0x47, 0x0b, 0xb7, 0x30, 0x27, 0x3c, 0x00, 0x30, 0x3c,
    0xaf, 0x30, 0x30, 0x00, 0x3e, 0x44, 0xdf, 0x30, 0xea, 0x30, 0xd0, 0x30, 0x0f, 0x1a, 0x00, 0x2c,
    0x1b, 0xe1, 0x30, 0xac, 0x30, 0xac, 0x30, 0x35, 0x00, 0x1c, 0x47, 0x35, 0x50, 0x1c, 0x3f, 0xa2,
    0x30, 0x42, 0x5a, 0x27, 0x42, 0x5a, 0x49, 0x44, 0x00, 0x51, 0xc3, 0x30, 0x27, 0x00, 0x05, 0x28,
    0xea, 0x30, 0xe9, 0x30, 0xd4, 0x30, 0x17, 0x00, 0x28, 0xd6, 0x30, 0x15, 0x26, 0x00, 0x15, 0xec,
    0x30, 0xe0, 0x30, 0xb2, 0x30, 0x3a, 0x41, 0x16, 0x00, 0x41, 0xc3, 0x30, 0x2c, 0x00, 0x05, 0x30,
    0x00, 0xb9, 0x70, 0x31, 0x00, 0x30, 0x00, 0xb9, 0x70, 0x32, 0x00, 0x30, 0x00, 0xb9, 0x70, 0x68,
    0x50, 0x61, 0x64, 0x61, 0x41, 0x55, 0x62, 0x61, 0x72, 0x6f, 0x56, 0x70, 0x63, 0x64, 0x6d, 0x64,
    0x00, 0x6d, 0x00, 0xb2, 0x00, 0x49, 0x00, 0x55, 0x00, 0x73, 0x5e, 0x10, 0x62, 0x2d, 0x66, 0x8c,
    0x54, 0x27, 0x59, 0x63, 0x6b, 0x0e, 0x66, 0xbb, 0x6c, 0x2a, 0x68, 0x0f, 0x5f, 0x1a, 0x4f, 0x3e,
    0x79, 0x70, 0x00, 0x41, 0x6e, 0x00, 0x41, 0xbc, 0x03, 0x41, 0x6d, 0x00, 0x41, 0x6b, 0x00, 0x41,
    0x4b, 0x00, 0x42, 0x4d, 0x00, 0x42, 0x47, 0x00, 0x42, 0x63, 0x61, 0x6c, 0x6b, 0x63, 0x61, 0x6c,
    0x70, 0x00, 0x46, 0x6e, 0x00, 0x46, 0xbc, 0x03, 0x46, 0xbc, 0x03, 0x67, 0x6d, 0x00, 0x67, 0x6b,
    0x00, 0x67, 0x48, 0x00, 0x7a, 0x6b, 0x48, 0x7a, 0x4d, 0x48, 0x7a, 0x47, 0x48, 0x7a, 0x54, 0x48,
    0x7a, 0xbc, 0x03, 0x13, 0x21, 0x6d, 0x00, 0x13, 0x21, 0x64, 0x00, 0x13, 0x21, 0x6b, 0x00, 0x13,
    0x21, 0x66, 0x00, 0x6d, 0x6e, 0x00, 0x6d, 0xbc, 0x03, 0x6d, 0x6d, 0x00, 0x6d, 0x63, 0x00, 0x6d,
    0x6b, 0x00, 0x6d, 0x63, 0x00, 0x0a, 0x0a, 0x4f, 0x00, 0x0a, 0x4f, 0x6d, 0x00, 0xb2, 0x00, 0x63,
    0x00, 0x08, 0x0a, 0x4f, 0x0a, 0x0a, 0x50, 0x00, 0x0a, 0x50, 0x6d, 0x00, 0xb3, 0x00, 0x6b, 0x00,
    0x6d, 0x00, 0xb3, 0x00, 0x6d, 0x00, 0x15, 0x22, 0x73, 0x00, 0x6d, 0x00, 0x15, 0x22, 0x73, 0x00,
    0xb2, 0x00, 0x50, 0x61, 0x6b, 0x50, 0x61, 0x4d, 0x50, 0x61, 0x47, 0x50, 0x61, 0x72, 0x61, 0x64,
    0x72, 0x61, 0x64, 0xd1, 0x73, 0x72, 0x00, 0x61, 0x00, 0x64, 0x00, 0x15, 0x22, 0x73, 0x00, 0xb2,
    0x00, 0x70, 0x00, 0x73, 0x6e, 0x00, 0x73, 0xbc, 0x03, 0x73, 0x6d, 0x00, 0x73, 0x70, 0x00, 0x56,
    0x6e, 0x00, 0x56, 0xbc, 0x03, 0x56, 0x6d, 0x00, 0x56, 0x6b, 0x00, 0x56, 0x4d, 0x00, 0x56, 0x70,
    0x00, 0x57, 0x6e, 0x00, 0x57, 0xbc, 0x03, 0x57, 0x6d, 0x00, 0x57, 0x6b, 0x00, 0x57, 0x4d, 0x00,
    0x57, 0x6b, 0x00, 0xa9, 0x03, 0x4d, 0x00, 0xa9, 0x03, 0x61, 0x2e, 0x6d, 0x2e, 0x42, 0x71, 0x63,
    0x63, 0x63, 0x64, 0x43, 0xd1, 0x6b, 0x67, 0x43, 0x6f, 0x2e, 0x64, 0x42, 0x47, 0x79, 0x68, 0x61,
    0x48, 0x50, 0x69, 0x6e, 0x4b, 0x4b, 0x4b, 0x4d, 0x6b, 0x74, 0x6c, 0x6d, 0x6c, 0x6e, 0x6c, 0x6f,
    0x67, 0x6c, 0x78, 0x6d, 0x62, 0x6d, 0x69, 0x6c, 0x6d, 0x6f, 0x6c, 0x50, 0x48, 0x70, 0x2e, 0x6d,
    0x2e, 0x50, 0x50, 0x4d, 0x50, 0x52, 0x73, 0x72, 0x53, 0x76, 0x57, 0x62, 0x56, 0xd1, 0x6d, 0x41,
    0xd1, 0x6d, 0x31, 0x00, 0xe5, 0x65, 0x31, 0x00, 0x30, 0x00, 0xe5, 0x65, 0x32, 0x00, 0x30, 0x00,
    0xe5, 0x65, 0x33, 0x00, 0x30, 0x00, 0xe5, 0x65, 0x67, 0x61, 0x6c, 0x4a, 0x04, 0x4c, 0x04, 0x53,
    0x43, 0x46, 0x51, 0x26, 0x01, 0x53, 0x01, 0x27, 0xa7, 0x37, 0xab, 0x6b, 0x02, 0x52, 0xab, 0x48,
    0x8c, 0xf4, 0x66, 0xca, 0x8e, 0xc8, 0x8c, 0xd1, 0x6e, 0x32, 0x4e, 0xe5, 0x53, 0x9c, 0x9f, 0x9c,
    0x9f, 0x51, 0x59, 0xd1, 0x91, 0x87, 0x55, 0x48, 0x59, 0xf6, 0x61, 0x69, 0x76, 0x85, 0x7f, 0x3f,
    0x86, 0xba, 0x87, 0xf8, 0x88, 0x8f, 0x90, 0x02, 0x6a, 0x1b, 0x6d, 0xd9, 0x70, 0xde, 0x73, 0x3d,
    0x84, 0x6a, 0x91, 0xf1, 0x99, 0x82, 0x4e, 0x75, 0x53, 0x04, 0x6b, 0x1b, 0x72, 0x2d, 0x86, 0x1e,
    0x9e, 0x50, 0x5d, 0xeb, 0x6f, 0xcd, 0x85, 0x64, 0x89, 0xc9, 0x62, 0xd8, 0x81, 0x1f, 0x88, 0xca,
    0x5e, 0x17, 0x67, 0x6a, 0x6d, 0xfc, 0x72, 0xce, 0x90, 0x86, 0x4f, 0xb7, 0x51, 0xde, 0x52, 0xc4,
    0x64, 0xd3, 0x6a, 0x10, 0x72, 0xe7, 0x76, 0x01, 0x80, 0x06, 0x86, 0x5c, 0x86, 0xef, 0x8d, 0x32,
    0x97, 0x6f, 0x9b, 0xfa, 0x9d, 0x8c, 0x78, 0x7f, 0x79, 0xa0, 0x7d, 0xc9, 0x83, 0x04, 0x93, 0x7f,
    0x9e, 0xd6, 0x8a, 0xdf, 0x58, 0x04, 0x5f, 0x60, 0x7c, 0x7e, 0x80, 0x62, 0x72, 0xca, 0x78, 0xc2,
    0x8c, 0xf7, 0x96, 0xd8, 0x58, 0x62, 0x5c, 0x13, 0x6a, 0xda, 0x6d, 0x0f, 0x6f, 0x2f, 0x7d, 0x37,
    0x7e, 0x4b, 0x96, 0xd2, 0x52, 0x8b, 0x80, 0xdc, 0x51, 0xcc, 0x51, 0x1c, 0x7a, 0xbe, 0x7d, 0xf1,
    0x83, 0x75, 0x96, 0x80, 0x8b, 0xcf, 0x62, 0x02, 0x6a, 0xfe, 0x8a, 0x39, 0x4e, 0xe7, 0x5b, 0x12,
    0x60, 0x87, 0x73, 0x70, 0x75, 0x17, 0x53, 0xfb, 0x78, 0xbf, 0x4f, 0xa9, 0x5f, 0x0d, 0x4e, 0xcc,
    0x6c, 0x78, 0x65, 0x22, 0x7d, 0xc3, 0x53, 0x5e, 0x58, 0x01, 0x77, 0x49, 0x84, 0xaa, 0x8a, 0xba,
    0x6b, 0xb0, 0x8f, 0x88, 0x6c, 0xfe, 0x62, 0xe5, 0x82, 0xa0, 0x63, 0x65, 0x75, 0xae, 0x4e, 0x69,
    0x51, 0xc9, 0x51, 0x81, 0x68, 0xe7, 0x7c, 0x6f, 0x82, 0xd2, 0x8a, 0xcf, 0x91, 0xf5, 0x52, 0x42,
    0x54, 0x73, 0x59, 0xec, 0x5e, 0xc5, 0x65, 0xfe, 0x6f, 0x2a, 0x79, 0xad, 0x95, 0x6a, 0x9a, 0x97,
    0x9e, 0xce, 0x9e, 0x9b, 0x52, 0xc6, 0x66, 0x77, 0x6b, 0x62, 0x8f, 0x74, 0x5e, 0x90, 0x61, 0x00,
    0x62, 0x9a, 0x64, 0x23, 0x6f, 0x49, 0x71, 0x89, 0x74, 0xca, 0x79, 0xf4, 0x7d, 0x6f, 0x80, 0x26,
    0x8f, 0xee, 0x84, 0x23, 0x90, 0x4a, 0x93, 0x17, 0x52, 0xa3, 0x52, 0xbd, 0x54, 0xc8, 0x70, 0xc2,
    0x88, 0xaa, 0x8a, 0xc9, 0x5e, 0xf5, 0x5f, 0x7b, 0x63, 0xae, 0x6b, 0x3e, 0x7c, 0x75, 0x73, 0xe4,
    0x4e, 0xf9, 0x56, 0xe7, 0x5b, 0xba, 0x5d, 0x1c, 0x60, 0xb2, 0x73, 0x69, 0x74, 0x9a, 0x7f, 0x46,
    0x80, 0x34, 0x92, 0xf6, 0x96, 0x48, 0x97, 0x18, 0x98, 0x8b, 0x4f, 0xae, 0x79, 0xb4, 0x91, 0xb8,
    0x96, 0xe1, 0x60, 0x86, 0x4e, 0xda, 0x50, 0xee, 0x5b, 0x3f, 0x5c, 0x99, 0x65, 0x02, 0x6a, 0xce,
    0x71, 0x42, 0x76, 0xfc, 0x84, 0x7c, 0x90, 0x8d, 0x9f, 0x88, 0x66, 0x2e, 0x96, 0x89, 0x52, 0x7b,
    0x67, 0xf3, 0x67, 0x41, 0x6d, 0x9c, 0x6e, 0x09, 0x74, 0x59, 0x75, 0x6b, 0x78, 0x10, 0x7d, 0x5e,
    0x98, 0x6d, 0x51, 0x2e, 0x62, 0x78, 0x96, 0x2b, 0x50, 0x19, 0x5d, 0xea, 0x6d, 0x2a, 0x8f, 0x8b,
    0x5f, 0x44, 0x61, 0x17, 0x68, 0x87, 0x73, 0x86, 0x96, 0x29, 0x52, 0x0f, 0x54, 0x65, 0x5c, 0x13,
    0x66, 0x4e, 0x67, 0xa8, 0x68, 0xe5, 0x6c, 0x06, 0x74, 0xe2, 0x75, 0x79, 0x7f, 0xcf, 0x88, 0xe1,
    0x88, 0xcc, 0x91, 0xe2, 0x96, 0x3f, 0x53, 0xba, 0x6e, 0x1d, 0x54, 0xd0, 0x71, 0x98, 0x74, 0xfa,
    0x85, 0xa3, 0x96, 0x57, 0x9c, 0x9f, 0x9e, 0x97, 0x67, 0xcb, 0x6d, 0xe8, 0x81, 0xcb, 0x7a, 0x20,
    0x7b, 0x92, 0x7c, 0xc0, 0x72, 0x99, 0x70, 0x58, 0x8b, 0xc0, 0x4e, 0x36, 0x83, 0x3a, 0x52, 0x07,
    0x52, 0xa6, 0x5e, 0xd3, 0x62, 0xd6, 0x7c, 0x85, 0x5b, 0x1e, 0x6d, 0xb4, 0x66, 0x3b, 0x8f, 0x4c,
    0x88, 0x4d, 0x96, 0x8b, 0x89, 0xd3, 0x5e, 0x40, 0x51, 0xc0, 0x55, 0x00, 0x00, 0x00, 0x00, 0x5a,
    0x58, 0x00, 0x00, 0x74, 0x66, 0x00, 0x00, 0x00, 0x00, 0xde, 0x51, 0x2a, 0x73, 0xca, 0x76, 0x3c,
    0x79, 0x5e, 0x79, 0x65, 0x79, 0x8f, 0x79, 0x56, 0x97, 0xbe, 0x7c, 0xbd, 0x7f, 0x00, 0x00, 0x12,
    0x86, 0x00, 0x00, 0xf8, 0x8a, 0x00, 0x00, 0x00, 0x00, 0x38, 0x90, 0xfd, 0x90, 0xef, 0x98, 0xfc,
    0x98, 0x28, 0x99, 0xb4, 0x9d, 0xde, 0x90, 0xb7, 0x96, 0xae, 0x4f, 0xe7, 0x50, 0x4d, 0x51, 0xc9,
    0x52, 0xe4, 0x52, 0x51, 0x53, 0x9d, 0x55, 0x06, 0x56, 0x68, 0x56, 0x40, 0x58, 0xa8, 0x58, 0x64,
    0x5c, 0x6e, 0x5c, 0x94, 0x60, 0x68, 0x61, 0x8e, 0x61, 0xf2, 0x61, 0x4f, 0x65, 0xe2, 0x65, 0x91,
    0x66, 0x85, 0x68, 0x77, 0x6d, 0x1a, 0x6e, 0x22, 0x6f, 0x6e, 0x71, 0x2b, 0x72, 0x22, 0x74, 0x91,
    0x78, 0x3e, 0x79, 0x49, 0x79, 0x48, 0x79, 0x50, 0x79, 0x56, 0x79, 0x5d, 0x79, 0x8d, 0x79, 0x8e,
    0x79, 0x40, 0x7a, 0x81, 0x7a, 0xc0, 0x7b, 0xf4, 0x7d, 0x09, 0x7e, 0x41, 0x7e, 0x72, 0x7f, 0x05,
    0x80, 0xed, 0x81, 0x79, 0x82, 0x79, 0x82, 0x57, 0x84, 0x10, 0x89, 0x96, 0x89, 0x01, 0x8b, 0x39,
    0x8b, 0xd3, 0x8c, 0x08, 0x8d, 0xb6, 0x8f, 0x38, 0x90, 0xe3, 0x96, 0xff, 0x97, 0x3b, 0x98, 0x75,
    0x60, 0xee, 0x42, 0x18, 0x82, 0x02, 0x26, 0x4e, 0xb5, 0x51, 0x68, 0x51, 0x80, 0x4f, 0x45, 0x51,
    0x80, 0x51, 0xc7, 0x52, 0xfa, 0x52, 0x9d, 0x55, 0x55, 0x55, 0x99, 0x55, 0xe2, 0x55, 0x5a, 0x58,
    0xb3, 0x58, 0x44, 0x59, 0x54, 0x59, 0x62, 0x5a, 0x28, 0x5b, 0xd2, 0x5e, 0xd9, 0x5e, 0x69, 0x5f,
    0xad, 0x5f, 0xd8, 0x60, 0x4e, 0x61, 0x08, 0x61, 0x8e, 0x61, 0x60, 0x61, 0xf2, 0x61, 0x34, 0x62,
    0xc4, 0x63, 0x1c, 0x64, 0x52, 0x64, 0x56, 0x65, 0x74, 0x66, 0x17, 0x67, 0x1b, 0x67, 0x56, 0x67,
    0x79, 0x6b, 0xba, 0x6b, 0x41, 0x6d, 0xdb, 0x6e, 0xcb, 0x6e, 0x22, 0x6f, 0x1e, 0x70, 0x6e, 0x71,
    0xa7, 0x77, 0x35, 0x72, 0xaf, 0x72, 0x2a, 0x73, 0x71, 0x74, 0x06, 0x75, 0x3b, 0x75, 0x1d, 0x76,
    0x1f, 0x76, 0xca, 0x76, 0xdb, 0x76, 0xf4, 0x76, 0x4a, 0x77, 0x40, 0x77, 0xcc, 0x78, 0xb1, 0x7a,
    0xc0, 0x7b, 0x7b, 0x7c, 0x5b, 0x7d, 0xf4, 0x7d, 0x3e, 0x7f, 0x05, 0x80, 0x52, 0x83, 0xef, 0x83,
    0x79, 0x87, 0x41, 0x89, 0x86, 0x89, 0x96, 0x89, 0xbf, 0x8a, 0xf8, 0x8a, 0xcb, 0x8a, 0x01, 0x8b,
    0xfe, 0x8a, 0xed, 0x8a, 0x39, 0x8b, 0x8a, 0x8b, 0x08, 0x8d, 0x38, 0x8f, 0x72, 0x90, 0x99, 0x91,
    0x76, 0x92, 0x7c, 0x96, 0xe3, 0x96, 0x56, 0x97, 0xdb, 0x97, 0xff, 0x97, 0x0b, 0x98, 0x3b, 0x98,
    0x12, 0x9b, 0x9c, 0x9f, 0x4a, 0x28, 0x44, 0x28, 0xd5, 0x33, 0x9d, 0x3b, 0x18, 0x40, 0x39, 0x40,
    0x49, 0x52, 0xd0, 0x5c, 0xd3, 0x7e, 0x43, 0x9f, 0x8e, 0x9f, 0x2a, 0xa0, 0x02, 0x66, 0x66, 0x66,
    0x69, 0x66, 0x6c, 0x66, 0x66, 0x69, 0x66, 0x66, 0x6c, 0x7f, 0x01, 0x74, 0x73, 0x00, 0x74, 0x65,
    0x05, 0x0f, 0x11, 0x0f, 0x00, 0x0f, 0x06, 0x19, 0x11, 0x0f, 0x08, 0xd9, 0x05, 0xb4, 0x05, 0x00,
    0x00, 0x00, 0x00, 0xf2, 0x05, 0xb7, 0x05, 0xd0, 0x05, 0x12, 0x00, 0x03, 0x04, 0x0b, 0x0c, 0x0d,
    0x18, 0x1a, 0xe9, 0x05, 0xc1, 0x05, 0xe9, 0x05, 0xc2, 0x05, 0x49, 0xfb, 0xc1, 0x05, 0x49, 0xfb,
    0xc2, 0x05, 0xd0, 0x05, 0xb7, 0x05, 0xd0, 0x05, 0xb8, 0x05, 0xd0, 0x05, 0xbc, 0x05, 0xd8, 0x05,
    0xbc, 0x05, 0xde, 0x05, 0xbc, 0x05, 0xe0, 0x05, 0xbc, 0x05, 0xe3, 0x05, 0xbc, 0x05, 0xb9, 0x05,
    0x2d, 0x03, 0x2e, 0x03, 0x2f, 0x03, 0x30, 0x03, 0x31, 0x03, 0x1c, 0x00, 0x18, 0x06, 0x22, 0x06,
    0x2b, 0x06, 0xd0, 0x05, 0xdc, 0x05, 0x71, 0x06, 0x00, 0x00, 0x0a, 0x0a, 0x0a, 0x0a, 0x0d, 0x0d,
    0x0d, 0x0d, 0x0f, 0x0f, 0x0f, 0x0f, 0x09, 0x09, 0x09, 0x09, 0x0e, 0x0e, 0x0e, 0x0e, 0x08, 0x08,
    0x08, 0x08, 0x33, 0x33, 0x33, 0x33, 0x35, 0x35, 0x35, 0x35, 0x13, 0x13, 0x13, 0x13, 0x12, 0x12,
    0x12, 0x12, 0x15, 0x15, 0x15, 0x15, 0x16, 0x16, 0x16, 0x16, 0x1c, 0x1c, 0x1b, 0x1b, 0x1d, 0x1d,
    0x17, 0x17, 0x27, 0x27, 0x20, 0x20, 0x38, 0x38, 0x38, 0x38, 0x3e, 0x3e, 0x3e, 0x3e, 0x42, 0x42,
    0x42, 0x42, 0x40, 0x40, 0x40, 0x40, 0x49, 0x49, 0x4a, 0x4a, 0x4a, 0x4a, 0x4f, 0x4f, 0x50, 0x50,
    0x50, 0x50, 0x4d, 0x4d, 0x4d, 0x4d, 0x61, 0x61, 0x62, 0x62, 0x49, 0x06, 0x64, 0x64, 0x64, 0x64,
    0x7e, 0x7e, 0x7d, 0x7d, 0x7f, 0x7f, 0x2e, 0x82, 0x82, 0x7c, 0x7c, 0x80, 0x80, 0x87, 0x87, 0x87,
    0x87, 0x00, 0x00, 0x26, 0x06, 0x00, 0x01, 0x00, 0x01, 0x00, 0xaf, 0x00, 0xaf, 0x00, 0x22, 0x00,
    0x22, 0x00, 0xa1, 0x00, 0xa1, 0x00, 0xa0, 0x00, 0xa0, 0x00, 0xa2, 0x00, 0xa2, 0x00, 0xaa, 0x00,
    0xaa, 0x00, 0xaa, 0x00, 0x23, 0x00, 0x23, 0x00, 0x23, 0xcc, 0x06, 0x00, 0x00, 0x00, 0x00, 0x26,
    0x06, 0x00, 0x06, 0x00, 0x07, 0x00, 0x1f, 0x00, 0x23, 0x00, 0x24, 0x02, 0x06, 0x02, 0x07, 0x02,
    0x08, 0x02, 0x1f, 0x02, 0x23, 0x02, 0x24, 0x04, 0x06, 0x04, 0x07, 0x04, 0x08, 0x04, 0x1f, 0x04,
    0x23, 0x04, 0x24, 0x05, 0x06, 0x05, 0x1f, 0x05, 0x23, 0x05, 0x24, 0x06, 0x07, 0x06, 0x1f, 0x07,
    0x06, 0x07, 0x1f, 0x08, 0x06, 0x08, 0x07, 0x08, 0x1f, 0x0d, 0x06, 0x0d, 0x07, 0x0d, 0x08, 0x0d,
    0x1f, 0x0f, 0x07, 0x0f, 0x1f, 0x10, 0x06, 0x10, 0x07, 0x10, 0x08, 0x10, 0x1f, 0x11, 0x07, 0x11,
    0x1f, 0x12, 0x1f, 0x13, 0x06, 0x13, 0x1f, 0x14, 0x06, 0x14, 0x1f, 0x1b, 0x06, 0x1b, 0x07, 0x1b,
    0x08, 0x1b, 0x1f, 0x1b, 0x23, 0x1b, 0x24, 0x1c, 0x07, 0x1c, 0x1f, 0x1c, 0x23, 0x1c, 0x24, 0x1d,
    0x01, 0x1d, 0x06, 0x1d, 0x07, 0x1d, 0x08, 0x1d, 0x1e, 0x1d, 0x1f, 0x1d, 0x23, 0x1d, 0x24, 0x1e,
    0x06, 0x1e, 0x07, 0x1e, 0x08, 0x1e, 0x1f, 0x1e, 0x23, 0x1e, 0x24, 0x1f, 0x06, 0x1f, 0x07, 0x1f,
    0x08, 0x1f, 0x1f, 0x1f, 0x23, 0x1f, 0x24, 0x20, 0x06, 0x20, 0x07, 0x20, 0x08, 0x20, 0x1f, 0x20,
    0x23, 0x20, 0x24, 0x21, 0x06, 0x21, 0x1f, 0x21, 0x23, 0x21, 0x24, 0x24, 0x06, 0x24, 0x07, 0x24,
    0x08, 0x24, 0x1f, 0x24, 0x23, 0x24, 0x24, 0x0a, 0x4a, 0x0b, 0x4a, 0x23, 0x4a, 0x20, 0x00, 0x4c,
    0x06, 0x51, 0x06, 0x51, 0x06, 0xff, 0x00, 0x1f, 0x26, 0x06, 0x00, 0x0b, 0x00, 0x0c, 0x00, 0x1f,
    0x00, 0x20, 0x00, 0x23, 0x00, 0x24, 0x02, 0x0b, 0x02, 0x0c, 0x02, 0x1f, 0x02, 0x20, 0x02, 0x23,
    0x02, 0x24, 0x04, 0x0b, 0x04, 0x0c, 0x04, 0x1f, 0x26, 0x06, 0x04, 0x20, 0x04, 0x23, 0x04, 0x24,
    0x05, 0x0b, 0x05, 0x0c, 0x05, 0x1f, 0x05, 0x20, 0x05, 0x23, 0x05, 0x24, 0x1b, 0x23, 0x1b, 0x24,
    0x1c, 0x23, 0x1c, 0x24, 0x1d, 0x01, 0x1d, 0x1e, 0x1d, 0x1f, 0x1d, 0x23, 0x1d, 0x24, 0x1e, 0x1f,
    0x1e, 0x23, 0x1e, 0x24, 0x1f, 0x01, 0x1f, 0x1f, 0x20, 0x0b, 0x20, 0x0c, 0x20, 0x1f, 0x20, 0x20,
    0x20, 0x23, 0x20, 0x24, 0x23, 0x4a, 0x24, 0x0b, 0x24, 0x0c, 0x24, 0x1f, 0x24, 0x20, 0x24, 0x23,
    0x24, 0x24, 0x00, 0x06, 0x00, 0x07, 0x00, 0x08, 0x00, 0x1f, 0x00, 0x21, 0x02, 0x06, 0x02, 0x07,
    0x02, 0x08, 0x02, 0x1f, 0x02, 0x21, 0x04, 0x06, 0x04, 0x07, 0x04, 0x08, 0x04, 0x1f, 0x04, 0x21,
    0x05, 0x1f, 0x06, 0x07, 0x06, 0x1f, 0x07, 0x06, 0x07, 0x1f, 0x08, 0x06, 0x08, 0x1f, 0x0d, 0x06,
    0x0d, 0x07, 0x0d, 0x08, 0x0d, 0x1f, 0x0f, 0x07, 0x0f, 0x08, 0x0f, 0x1f, 0x10, 0x06, 0x10, 0x07,
    0x10, 0x08, 0x10, 0x1f, 0x11, 0x07, 0x12, 0x1f, 0x13, 0x06, 0x13, 0x1f, 0x14, 0x06, 0x14, 0x1f,
    0x1b, 0x06, 0x1b, 0x07, 0x1b, 0x08, 0x1b, 0x1f, 0x1c, 0x07, 0x1c, 0x1f, 0x1d, 0x06, 0x1d, 0x07,
    0x1d, 0x08, 0x1d, 0x1e, 0x1d, 0x1f, 0x1e, 0x06, 0x1e, 0x07, 0x1e, 0x08, 0x1e, 0x1f, 0x1e, 0x21,
    0x1f, 0x06, 0x1f, 0x07, 0x1f, 0x08, 0x1f, 0x1f, 0x20, 0x06, 0x20, 0x07, 0x20, 0x08, 0x20, 0x1f,
    0x20, 0x21, 0x21, 0x06, 0x21, 0x1f, 0x21, 0x4a, 0x24, 0x06, 0x24, 0x07, 0x24, 0x08, 0x24, 0x1f,
    0x24, 0x21, 0x00, 0x1f, 0x00, 0x21, 0x02, 0x1f, 0x02, 0x21, 0x04, 0x1f, 0x04, 0x21, 0x05, 0x1f,
    0x05, 0x21, 0x0d, 0x1f, 0x0d, 0x21, 0x0e, 0x1f, 0x0e, 0x21, 0x1d, 0x1e, 0x1d, 0x1f, 0x1e, 0x1f,
    0x20, 0x1f, 0x20, 0x21, 0x24, 0x1f, 0x24, 0x21, 0x40, 0x06, 0x4e, 0x06, 0x51, 0x06, 0x27, 0x06,
    0x10, 0x22, 0x10, 0x23, 0x12, 0x22, 0x12, 0x23, 0x13, 0x22, 0x13, 0x23, 0x0c, 0x22, 0x0c, 0x23,
    0x0d, 0x22, 0x0d, 0x23, 0x06, 0x22, 0x06, 0x23, 0x05, 0x22, 0x05, 0x23, 0x07, 0x22, 0x07, 0x23,
    0x0e, 0x22, 0x0e, 0x23, 0x0f, 0x22, 0x0f, 0x23, 0x0d, 0x05, 0x0d, 0x06, 0x0d, 0x07, 0x0d, 0x1e,
    0x0d, 0x0a, 0x0c, 0x0a, 0x0e, 0x0a, 0x0f, 0x0a, 0x10, 0x22, 0x10, 0x23, 0x12, 0x22, 0x12, 0x23,
    0x13, 0x22, 0x13, 0x23, 0x0c, 0x22, 0x0c, 0x23, 0x0d, 0x22, 0x0d, 0x23, 0x06, 0x22, 0x06, 0x23,
    0x05, 0x22, 0x05, 0x23, 0x07, 0x22, 0x07, 0x23, 0x0e, 0x22, 0x0e, 0x23, 0x0f, 0x22, 0x0f, 0x23,
    0x0d, 0x05, 0x0d, 0x06, 0x0d, 0x07, 0x0d, 0x1e, 0x0d, 0x0a, 0x0c, 0x0a, 0x0e, 0x0a, 0x0f, 0x0a,
    0x0d, 0x05, 0x0d, 0x06, 0x0d, 0x07, 0x0d, 0x1e, 0x0c, 0x20, 0x0d, 0x20, 0x10, 0x1e, 0x0c, 0x05,
    0x0c, 0x06, 0x0c, 0x07, 0x0d, 0x05, 0x0d, 0x06, 0x0d, 0x07, 0x10, 0x1e, 0x11, 0x1e, 0x00, 0x24,
    0x00, 0x24, 0x2a, 0x06, 0x00, 0x02, 0x1b, 0x00, 0x03, 0x02, 0x00, 0x03, 0x02, 0x00, 0x03, 0x1b,
    0x00, 0x04, 0x1b, 0x00, 0x1b, 0x02, 0x00, 0x1b, 0x03, 0x00, 0x1b, 0x04, 0x02, 0x1b, 0x03, 0x02,
    0x1b, 0x03, 0x03, 0x1b, 0x20, 0x03, 0x1b, 0x1f, 0x09, 0x03, 0x02, 0x09, 0x02, 0x03, 0x09, 0x02,
    0x1f, 0x09, 0x1b, 0x03, 0x09, 0x1b, 0x03, 0x09, 0x1b, 0x02, 0x09, 0x1b, 0x1b, 0x09, 0x1b, 0x1b,
    0x0b, 0x03, 0x03, 0x0b, 0x03, 0x03, 0x0b, 0x1b, 0x1b, 0x0a, 0x03, 0x1b, 0x0a, 0x03, 0x1b, 0x0a,
    0x02, 0x20, 0x0a, 0x1b, 0x04, 0x0a, 0x1b, 0x04, 0x0a, 0x1b, 0x1b, 0x0a, 0x1b, 0x1b, 0x0c, 0x03,
    0x1f, 0x0c, 0x04, 0x1b, 0x0c, 0x04, 0x1b, 0x0d, 0x1b, 0x03, 0x0d, 0x1b, 0x03, 0x0d, 0x1b, 0x1b,
    0x0d, 0x1b, 0x20, 0x0f, 0x02, 0x1b, 0x0f, 0x1b, 0x1b, 0x0f, 0x1b, 0x1b, 0x0f, 0x1b, 0x1f, 0x10,
    0x1b, 0x1b, 0x10, 0x1b, 0x20, 0x10, 0x1b, 0x1f, 0x17, 0x04, 0x1b, 0x17, 0x04, 0x1b, 0x18, 0x1b,
    0x03, 0x18, 0x1b, 0x1b, 0x1a, 0x03, 0x1b, 0x1a, 0x03, 0x20, 0x1a, 0x03, 0x1f, 0x1a, 0x02, 0x02,
    0x1a, 0x02, 0x02, 0x1a, 0x04, 0x1b, 0x1a, 0x04, 0x1b, 0x1a, 0x1b, 0x03, 0x1a, 0x1b, 0x03, 0x1b,
    0x03, 0x02, 0x1b, 0x03, 0x1b, 0x1b, 0x03, 0x20, 0x1b, 0x02, 0x03, 0x1b, 0x02, 0x1b, 0x1b, 0x04,
    0x02, 0x1b, 0x04, 0x1b, 0x28, 0x06, 0x1d, 0x04, 0x06, 0x1f, 0x1d, 0x04, 0x1f, 0x1d, 0x1d, 0x1e,
    0x05, 0x1d, 0x1e, 0x05, 0x21, 0x1e, 0x04, 0x1d, 0x1e, 0x04, 0x1d, 0x1e, 0x04, 0x21, 0x1e, 0x1d,
    0x22, 0x1e, 0x1d, 0x21, 0x22, 0x1d, 0x1d, 0x22, 0x1d, 0x1d, 0x00, 0x06, 0x22, 0x02, 0x04, 0x22,
    0x02, 0x04, 0x21, 0x02, 0x06, 0x22, 0x02, 0x06, 0x21, 0x02, 0x1d, 0x22, 0x02, 0x1d, 0x21, 0x04,
    0x1d, 0x22, 0x04, 0x05, 0x21, 0x04, 0x1d, 0x21, 0x0b, 0x06, 0x21, 0x0d, 0x05, 0x22, 0x0c, 0x05,
    0x22, 0x0e, 0x05, 0x22, 0x1c, 0x04, 0x22, 0x1c, 0x1d, 0x22, 0x22, 0x05, 0x22, 0x22, 0x04, 0x22,
    0x22, 0x1d, 0x22, 0x1d, 0x1d, 0x22, 0x1a, 0x1d, 0x22, 0x1e, 0x05, 0x22, 0x1a, 0x1d, 0x05, 0x1c,
    0x05, 0x1d, 0x11, 0x1d, 0x22, 0x1b, 0x1d, 0x22, 0x1e, 0x04, 0x05, 0x1d, 0x06, 0x22, 0x1c, 0x04,
    0x1d, 0x1b, 0x1d, 0x1d, 0x1c, 0x04, 0x1d, 0x1e, 0x04, 0x05, 0x04, 0x05, 0x22, 0x05, 0x04, 0x22,
    0x1d, 0x04, 0x22, 0x19, 0x1d, 0x22, 0x00, 0x05, 0x22, 0x1b, 0x1d, 0x1d, 0x11, 0x04, 0x1d, 0x0d,
    0x1d, 0x1d, 0x0b, 0x06, 0x22, 0x1e, 0x04, 0x22, 0x35, 0x06, 0x00, 0x0f, 0x9d, 0x0d, 0x0f, 0x9d,
    0x27, 0x06, 0x00, 0x1d, 0x1d, 0x20, 0x00, 0x1c, 0x01, 0x0a, 0x1e, 0x06, 0x1e, 0x08, 0x0e, 0x1d,
    0x12, 0x1e, 0x0a, 0x0c, 0x21, 0x1d, 0x12, 0x1d, 0x23, 0x20, 0x21, 0x0c, 0x1d, 0x1e, 0x35, 0x06,
    0x00, 0x0f, 0x14, 0x27, 0x06, 0x0e, 0x1d, 0x22, 0xff, 0x00, 0x1d, 0x1d, 0x20, 0xff, 0x12, 0x1d,
    0x23, 0x20, 0xff, 0x21, 0x0c, 0x1d, 0x1e, 0x27, 0x06, 0x05, 0x1d, 0xff, 0x05, 0x1d, 0x00, 0x1d,
    0x20, 0x27, 0x06, 0x0a, 0xa5, 0x00, 0x1d, 0x2c, 0x00, 0x01, 0x30, 0x02, 0x30, 0x3a, 0x00, 0x3b,
    0x00, 0x21, 0x00, 0x3f, 0x00, 0x16, 0x30, 0x17, 0x30, 0x26, 0x20, 0x13, 0x20, 0x12, 0x01, 0x00,
    0x5f, 0x5f, 0x28, 0x29, 0x7b, 0x7d, 0x08, 0x30, 0x0c, 0x0d, 0x08, 0x09, 0x02, 0x03, 0x00, 0x01,
    0x04, 0x05, 0x06, 0x07, 0x5b, 0x00, 0x5d, 0x00, 0x3e, 0x20, 0x3e, 0x20, 0x3e, 0x20, 0x3e, 0x20,
    0x5f, 0x00, 0x5f, 0x00, 0x5f, 0x00, 0x2c, 0x00, 0x01, 0x30, 0x2e, 0x00, 0x00, 0x00, 0x3b, 0x00,
    0x3a, 0x00, 0x3f, 0x00, 0x21, 0x00, 0x14, 0x20, 0x28, 0x00, 0x29, 0x00, 0x7b, 0x00, 0x7d, 0x00,
    0x14, 0x30, 0x15, 0x30, 0x23, 0x26, 0x2a, 0x2b, 0x2d, 0x3c, 0x3e, 0x3d, 0x00, 0x5c, 0x24, 0x25,
    0x40, 0x40, 0x06, 0xff, 0x0b, 0x00, 0x0b, 0xff, 0x0c, 0x20, 0x00, 0x4d, 0x06, 0x40, 0x06, 0xff,
    0x0e, 0x00, 0x0e, 0xff, 0x0f, 0x00, 0x0f, 0xff, 0x10, 0x00, 0x10, 0xff, 0x11, 0x00, 0x11, 0xff,
    0x12, 0x00, 0x12, 0x21, 0x06, 0x00, 0x01, 0x01, 0x02, 0x02, 0x03, 0x03, 0x04, 0x04, 0x05, 0x05,
    0x05, 0x05, 0x06, 0x06, 0x07, 0x07, 0x07, 0x07, 0x08, 0x08, 0x09, 0x09, 0x09, 0x09, 0x0a, 0x0a,
    0x0a, 0x0a, 0x0b, 0x0b, 0x0b, 0x0b, 0x0c, 0x0c, 0x0c, 0x0c, 0x0d, 0x0d, 0x0d, 0x0d, 0x0e, 0x0e,
    0x0f, 0x0f, 0x10, 0x10, 0x11, 0x11, 0x12, 0x12, 0x12, 0x12, 0x13, 0x13, 0x13, 0x13, 0x14, 0x14,
    0x14, 0x14, 0x15, 0x15, 0x15, 0x15, 0x16, 0x16, 0x16, 0x16, 0x17, 0x17, 0x17, 0x17, 0x18, 0x18,
    0x18, 0x18, 0x19, 0x19, 0x19, 0x19, 0x20, 0x20, 0x20, 0x20, 0x21, 0x21, 0x21, 0x21, 0x22, 0x22,
    0x22, 0x22, 0x23, 0x23, 0x23, 0x23, 0x24, 0x24, 0x24, 0x24, 0x25, 0x25, 0x25, 0x25, 0x26, 0x26,
    0x26, 0x26, 0x27, 0x27, 0x28, 0x28, 0x29, 0x29, 0x29, 0x29, 0x22, 0x06, 0x22, 0x00, 0x22, 0x00,
    0x22, 0x01, 0x22, 0x01, 0x22, 0x03, 0x22, 0x03, 0x22, 0x05, 0x22, 0x05, 0x21, 0x00, 0x85, 0x29,
    0x01, 0x30, 0x01, 0x0b, 0x0c, 0x00, 0xfa, 0xf1, 0xa0, 0xa2, 0xa4, 0xa6, 0xa8, 0xe2, 0xe4, 0xe6,
    0xc2, 0xfb, 0xa1, 0xa3, 0xa5, 0xa7, 0xa9, 0xaa, 0xac, 0xae, 0xb0, 0xb2, 0xb4, 0xb6, 0xb8, 0xba,
    0xbc, 0xbe, 0xc0, 0xc3, 0xc5, 0xc7, 0xc9, 0xca, 0xcb, 0xcc, 0xcd, 0xce, 0xd1, 0xd4, 0xd7, 0xda,
    0xdd, 0xde, 0xdf, 0xe0, 0xe1, 0xe3, 0xe5, 0xe7, 0xe8, 0xe9, 0xea, 0xeb, 0xec, 0xee, 0xf2, 0x98,
    0x99, 0x31, 0x31, 0x4f, 0x31, 0x55, 0x31, 0x5b, 0x31, 0x61, 0x31, 0xa2, 0x00, 0xa3, 0x00, 0xac,
    0x00, 0xaf, 0x00, 0xa6, 0x00, 0xa5, 0x00, 0xa9, 0x20, 0x00, 0x00, 0x02, 0x25, 0x90, 0x21, 0x91,
    0x21, 0x92, 0x21, 0x93, 0x21, 0xa0, 0x25, 0xcb, 0x25, 0xd2, 0x05, 0x07, 0x03, 0x01, 0xda, 0x05,
    0x07, 0x03, 0x01, 0xd0, 0x02, 0xd1, 0x02, 0xe6, 0x00, 0x99, 0x02, 0x53, 0x02, 0x00, 0x00, 0xa3,
    0x02, 0x66, 0xab, 0xa5, 0x02, 0xa4, 0x02, 0x56, 0x02, 0x57, 0x02, 0x91, 0x1d, 0x58, 0x02, 0x5e,
    0x02, 0xa9, 0x02, 0x64, 0x02, 0x62, 0x02, 0x60, 0x02, 0x9b, 0x02, 0x27, 0x01, 0x9c, 0x02, 0x67,
    0x02, 0x84, 0x02, 0xaa, 0x02, 0xab, 0x02, 0x6c, 0x02, 0x04, 0xdf, 0x8e, 0xa7, 0x6e, 0x02, 0x05,
    0xdf, 0x8e, 0x02, 0x06, 0xdf, 0xf8, 0x00, 0x76, 0x02, 0x77, 0x02, 0x71, 0x00, 0x7a, 0x02, 0x08,
    0xdf, 0x7d, 0x02, 0x7e, 0x02, 0x80, 0x02, 0xa8, 0x02, 0xa6, 0x02, 0x67, 0xab, 0xa7, 0x02, 0x88,
    0x02, 0x71, 0x2c, 0x00, 0x00, 0x8f, 0x02, 0xa1, 0x02, 0xa2, 0x02, 0x98, 0x02, 0xc0, 0x01, 0xc1,
    0x01, 0xc2, 0x01, 0x0a, 0xdf, 0x1e, 0xdf, 0x41, 0x04, 0x40, 0x00, 0x00, 0x00, 0x00, 0x14, 0x99,
    0x10, 0xba, 0x10, 0x00, 0x00, 0x00, 0x00, 0x9b, 0x10, 0xba, 0x10, 0x05, 0x05, 0xa5, 0x10, 0xba,
    0x10, 0x05, 0x31, 0x11, 0x27, 0x11, 0x32, 0x11, 0x27, 0x11, 0x55, 0x47, 0x13, 0x3e, 0x13, 0x47,
    0x13, 0x57, 0x13, 0x55, 0x82, 0x13, 0xc9, 0x13, 0x00, 0x00, 0x00, 0x00, 0x84, 0x13, 0xbb, 0x13,
    0x05, 0x05, 0x8b, 0x13, 0xc2, 0x13, 0x05, 0x90, 0x13, 0xc9, 0x13, 0x05, 0xc2, 0x13, 0xc2, 0x13,
    0x00, 0x00, 0x00, 0x00, 0xc2, 0x13, 0xb8, 0x13, 0xc2, 0x13, 0xc9, 0x13, 0x05, 0x55, 0xb9, 0x14,
    0xba, 0x14, 0xb9, 0x14, 0xb0, 0x14, 0x00, 0x00, 0x00, 0x00, 0xb9, 0x14, 0xbd, 0x14, 0x55, 0x50,
    0xb8, 0x15, 0xaf, 0x15, 0xb9, 0x15, 0xaf, 0x15, 0x55, 0x35, 0x19, 0x30, 0x19, 0x05, 0x1e, 0x61,
    0x1e, 0x61, 0x1e, 0x61, 0x29, 0x61, 0x1e, 0x61, 0x1f, 0x61, 0x29, 0x61, 0x1f, 0x61, 0x1e, 0x61,
    0x20, 0x61, 0x21, 0x61, 0x1f, 0x61, 0x22, 0x61, 0x1f, 0x61, 0x21, 0x61, 0x20, 0x61, 0x55, 0x55,
    0x55, 0x55, 0x67, 0x6d, 0x67, 0x6d, 0x63, 0x6d, 0x67, 0x6d, 0x69, 0x6d, 0x67, 0x6d, 0x55, 0x05,
    0x41, 0x00, 0x30, 0x00, 0x57, 0xd1, 0x65, 0xd1, 0x58, 0xd1, 0x65, 0xd1, 0x5f, 0xd1, 0x6e, 0xd1,
    0x5f, 0xd1, 0x6f, 0xd1, 0x5f, 0xd1, 0x70, 0xd1, 0x5f, 0xd1, 0x71, 0xd1, 0x5f, 0xd1, 0x72, 0xd1,
    0x55, 0x55, 0x55, 0x05, 0xb9, 0xd1, 0x65, 0xd1, 0xba, 0xd1, 0x65, 0xd1, 0xbb, 0xd1, 0x6e, 0xd1,
    0xbc, 0xd1, 0x6e, 0xd1, 0xbb, 0xd1, 0x6f, 0xd1, 0xbc, 0xd1, 0x6f, 0xd1, 0x55, 0x55, 0x55, 0x41,
    0x00, 0x61, 0x00, 0x41, 0x00, 0x61, 0x00, 0x69, 0x00, 0x41, 0x00, 0x61, 0x00, 0x41, 0x00, 0x43,
    0x44, 0x00, 0x00, 0x47, 0x00, 0x00, 0x4a, 0x4b, 0x00, 0x00, 0x4e, 0x4f, 0x50, 0x51, 0x00, 0x53,
    0x54, 0x55, 0x56, 0x57, 0x58, 0x59, 0x5a, 0x61, 0x62, 0x63, 0x64, 0x00, 0x66, 0x68, 0x00, 0x70,
    0x00, 0x41, 0x00, 0x61, 0x00, 0x41, 0x42, 0x00, 0x44, 0x45, 0x46, 0x47, 0x4a, 0x00, 0x53, 0x00,
    0x61, 0x00, 0x41, 0x42, 0x00, 0x44, 0x45, 0x46, 0x47, 0x00, 0x49, 0x4a, 0x4b, 0x4c, 0x4d, 0x00,
    0x4f, 0x53, 0x00, 0x61, 0x00, 0x41, 0x00, 0x61, 0x00, 0x41, 0x00, 0x61, 0x00, 0x41, 0x00, 0x61,
    0x00, 0x41, 0x00, 0x61, 0x00, 0x41, 0x00, 0x61, 0x00, 0x41, 0x00, 0x61, 0x00, 0x31, 0x01, 0x37,
    0x02, 0x91, 0x03, 0xa3, 0x03, 0xb1, 0x03, 0xd1, 0x03, 0x24, 0x00, 0x1f, 0x04, 0x20, 0x05, 0x91,
    0x03, 0xa3, 0x03, 0xb1, 0x03, 0xd1, 0x03, 0x24, 0x00, 0x1f, 0x04, 0x20, 0x05, 0x91, 0x03, 0xa3,
    0x03, 0xb1, 0x03, 0xd1, 0x03, 0x24, 0x00, 0x1f, 0x04, 0x20, 0x05, 0x91, 0x03, 0xa3, 0x03, 0xb1,
    0x03, 0xd1, 0x03, 0x24, 0x00, 0x1f, 0x04, 0x20, 0x05, 0x91, 0x03, 0xa3, 0x03, 0xb1, 0x03, 0xd1,
    0x03, 0x24, 0x00, 0x1f, 0x04, 0x20, 0x05, 0x0b, 0x0c, 0x30, 0x00, 0x30, 0x00, 0x30, 0x00, 0x30,
    0x00, 0x30, 0x00, 0x30, 0x04, 0x3a, 0x04, 0x3e, 0x04, 0x4b, 0x04, 0x4d, 0x04, 0x4e, 0x04, 0x89,
    0xa6, 0x30, 0x04, 0xa9, 0x26, 0x28, 0xb9, 0x7f, 0x9f, 0x00, 0x01, 0x02, 0x03, 0x04, 0x05, 0x06,
    0x07, 0x08, 0x0a, 0x0b, 0x0e, 0x0f, 0x11, 0x13, 0x14, 0x15, 0x16, 0x17, 0x18, 0x1a, 0x1b, 0x61,
    0x26, 0x25, 0x2f, 0x7b, 0x51, 0xa6, 0xb1, 0x04, 0x27, 0x06, 0x00, 0x01, 0x05, 0x08, 0x2a, 0x06,
    0x1e, 0x08, 0x03, 0x0d, 0x20, 0x19, 0x1a, 0x1b, 0x1c, 0x09, 0x0f, 0x17, 0x0b, 0x18, 0x07, 0x0a,
    0x00, 0x01, 0x04, 0x06, 0x0c, 0x0e, 0x10, 0x44, 0x90, 0x77, 0x45, 0x28, 0x06, 0x2c, 0x06, 0x00,
    0x00, 0x47, 0x06, 0x33, 0x06, 0x17, 0x10, 0x11, 0x12, 0x13, 0x00, 0x06, 0x0e, 0x02, 0x0f, 0x34,
    0x06, 0x2a, 0x06, 0x2b, 0x06, 0x2e, 0x06, 0x00, 0x00, 0x36, 0x06, 0x00, 0x00, 0x3a, 0x06, 0x2d,
    0x06, 0x00, 0x00, 0x4a, 0x06, 0x00, 0x00, 0x44, 0x06, 0x00, 0x00, 0x46, 0x06, 0x33, 0x06, 0x39,
    0x06, 0x00, 0x00, 0x35, 0x06, 0x42, 0x06, 0x00, 0x00, 0x34, 0x06, 0x00, 0x00, 0x00, 0x00, 0x2e,
    0x06, 0x00, 0x00, 0x36, 0x06, 0x00, 0x00, 0x3a, 0x06, 0x00, 0x00, 0xba, 0x06, 0x00, 0x00, 0x6f,
    0x06, 0x00, 0x00, 0x28, 0x06, 0x2c, 0x06, 0x00, 0x00, 0x47, 0x06, 0x00, 0x00, 0x00, 0x00, 0x2d,
    0x06, 0x37, 0x06, 0x4a, 0x06, 0x43, 0x06, 0x00, 0x00, 0x45, 0x06, 0x46, 0x06, 0x33, 0x06, 0x39,
    0x06, 0x41, 0x06, 0x35, 0x06, 0x42, 0x06, 0x00, 0x00, 0x34, 0x06, 0x2a, 0x06, 0x2b, 0x06, 0x2e,
    0x06, 0x00, 0x00, 0x36, 0x06, 0x38, 0x06, 0x3a, 0x06, 0x6e, 0x06, 0x00, 0x00, 0xa1, 0x06, 0x27,
    0x06, 0x00, 0x01, 0x05, 0x08, 0x20, 0x21, 0x0b, 0x06, 0x10, 0x23, 0x2a, 0x06, 0x1a, 0x1b, 0x1c,
    0x09, 0x0f, 0x17, 0x0b, 0x18, 0x07, 0x0a, 0x00, 0x01, 0x04, 0x06, 0x0c, 0x0e, 0x10, 0x28, 0x06,
    0x2c, 0x06, 0x2f, 0x06, 0x00, 0x00, 0x48, 0x06, 0x32, 0x06, 0x2d, 0x06, 0x37, 0x06, 0x4a, 0x06,
    0x2a, 0x06, 0x1a, 0x1b, 0x1c, 0x09, 0x0f, 0x17, 0x0b, 0x18, 0x07, 0x0a, 0x00, 0x01, 0x04, 0x06,
    0x0c, 0x0e, 0x10, 0x30, 0x2e, 0x30, 0x00, 0x2c, 0x00, 0x28, 0x00, 0x41, 0x00, 0x29, 0x00, 0x14,
    0x30, 0x53, 0x00, 0x15, 0x30, 0x43, 0x52, 0x43, 0x44, 0x57, 0x5a, 0x41, 0x00, 0x48, 0x56, 0x4d,
    0x56, 0x53, 0x44, 0x53, 0x53, 0x50, 0x50, 0x56, 0x57, 0x43, 0x4d, 0x43, 0x4d, 0x44, 0x4d, 0x52,
    0x44, 0x4a, 0x4b, 0x30, 0x30, 0x00, 0x68, 0x68, 0x4b, 0x62, 0x57, 0x5b, 0xcc, 0x53, 0xc7, 0x30,
    0x8c, 0x4e, 0x1a, 0x59, 0xe3, 0x89, 0x29, 0x59, 0xa4, 0x4e, 0x20, 0x66, 0x21, 0x71, 0x99, 0x65,
    0x4d, 0x52, 0x8c, 0x5f, 0x8d, 0x51, 0xb0, 0x65, 0x1d, 0x52, 0x42, 0x7d, 0x1f, 0x75, 0xa9, 0x8c,
    0xf0, 0x58, 0x39, 0x54, 0x14, 0x6f, 0x95, 0x62, 0x55, 0x63, 0x00, 0x4e, 0x09, 0x4e, 0x4a, 0x90,
    0xe6, 0x5d, 0x2d, 0x4e, 0xf3, 0x53, 0x07, 0x63, 0x70, 0x8d, 0x53, 0x62, 0x81, 0x79, 0x7a, 0x7a,
    0x08, 0x54, 0x80, 0x6e, 0x09, 0x67, 0x08, 0x67, 0x33, 0x75, 0x72, 0x52, 0xb6, 0x55, 0x4d, 0x91,
    0x14, 0x30, 0x15, 0x30, 0x2c, 0x67, 0x09, 0x4e, 0x8c, 0x4e, 0x89, 0x5b, 0xb9, 0x70, 0x53, 0x62,
    0xd7, 0x76, 0xdd, 0x52, 0x57, 0x65, 0x97, 0x5f, 0xef, 0x53, 0x30, 0x00, 0x38, 0x4e, 0x05, 0x00,
    0x09, 0x22, 0x01, 0x60, 0x4f, 0xae, 0x4f, 0xbb, 0x4f, 0x02, 0x50, 0x7a, 0x50, 0x99, 0x50, 0xe7,
    0x50, 0xcf, 0x50, 0x9e, 0x34, 0x3a, 0x06, 0x4d, 0x51, 0x54, 0x51, 0x64, 0x51, 0x77, 0x51, 0x1c,
    0x05, 0xb9, 0x34, 0x67, 0x51, 0x8d, 0x51, 0x4b, 0x05, 0x97, 0x51, 0xa4, 0x51, 0xcc, 0x4e, 0xac,
    0x51, 0xb5, 0x51, 0xdf, 0x91, 0xf5, 0x51, 0x03, 0x52, 0xdf, 0x34, 0x3b, 0x52, 0x46, 0x52, 0x72,
    0x52, 0x77, 0x52, 0x15, 0x35, 0x02, 0x00, 0x20, 0x80, 0x80, 0x00, 0x08, 0x00, 0x00, 0xc7, 0x52,
    0x00, 0x02, 0x1d, 0x33, 0x3e, 0x3f, 0x50, 0x82, 0x8a, 0x93, 0xac, 0xb6, 0xb8, 0xb8, 0xb8, 0x2c,
    0x0a, 0x70, 0x70, 0xca, 0x53, 0xdf, 0x53, 0x63, 0x0b, 0xeb, 0x53, 0xf1, 0x53, 0x06, 0x54, 0x9e,
    0x54, 0x38, 0x54, 0x48, 0x54, 0x68, 0x54, 0xa2, 0x54, 0xf6, 0x54, 0x10, 0x55, 0x53, 0x55, 0x63,
    0x55, 0x84, 0x55, 0x84, 0x55, 0x99, 0x55, 0xab, 0x55, 0xb3, 0x55, 0xc2, 0x55, 0x16, 0x57, 0x06,
    0x56, 0x17, 0x57, 0x51, 0x56, 0x74, 0x56, 0x07, 0x52, 0xee, 0x58, 0xce, 0x57, 0xf4, 0x57, 0x0d,
    0x58, 0x8b, 0x57, 0x32, 0x58, 0x31, 0x58, 0xac, 0x58, 0xe4, 0x14, 0xf2, 0x58, 0xf7, 0x58, 0x06,
    0x59, 0x1a, 0x59, 0x22, 0x59, 0x62, 0x59, 0xa8, 0x16, 0xea, 0x16, 0xec, 0x59, 0x1b, 0x5a, 0x27,
    0x5a, 0xd8, 0x59, 0x66, 0x5a, 0xee, 0x36, 0xfc, 0x36, 0x08, 0x5b, 0x3e, 0x5b, 0x3e, 0x5b, 0xc8,
    0x19, 0xc3, 0x5b, 0xd8, 0x5b, 0xe7, 0x5b, 0xf3, 0x5b, 0x18, 0x1b, 0xff, 0x5b, 0x06, 0x5c, 0x53,
    0x5f, 0x22, 0x5c, 0x81, 0x37, 0x60, 0x5c, 0x6e, 0x5c, 0xc0, 0x5c, 0x8d, 0x5c, 0xe4, 0x1d, 0x43,
    0x5d, 0xe6, 0x1d, 0x6e, 0x5d, 0x6b, 0x5d, 0x7c, 0x5d, 0xe1, 0x5d, 0xe2, 0x5d, 0x2f, 0x38, 0xfd,
    0x5d, 0x28, 0x5e, 0x3d, 0x5e, 0x69, 0x5e, 0x62, 0x38, 0x83, 0x21, 0x7c, 0x38, 0xb0, 0x5e, 0xb3,
    0x5e, 0xb6, 0x5e, 0xca, 0x5e, 0x92, 0xa3, 0xfe, 0x5e, 0x31, 0x23, 0x31, 0x23, 0x01, 0x82, 0x22,
    0x5f, 0x22, 0x5f, 0xc7, 0x38, 0xb8, 0x32, 0xda, 0x61, 0x62, 0x5f, 0x6b, 0x5f, 0xe3, 0x38, 0x9a,
    0x5f, 0xcd, 0x5f, 0xd7, 0x5f, 0xf9, 0x5f, 0x81, 0x60, 0x3a, 0x39, 0x1c, 0x39, 0x94, 0x60, 0xd4,
    0x26, 0xc7, 0x60, 0x02, 0x02, 0x00, 0x00, 0x00, 0x00, 0x00, 0x00, 0x00, 0x08, 0x00, 0x0a, 0x00,
    0x00, 0x02, 0x08, 0x00, 0x80, 0x08, 0x00, 0x00, 0x08, 0x80, 0x28, 0x80, 0x02, 0x00, 0x00, 0x02,
    0x48, 0x61, 0x00, 0x04, 0x06, 0x04, 0x32, 0x46, 0x6a, 0x5c, 0x67, 0x96, 0xaa, 0xae, 0xc8, 0xd3,
    0x5d, 0x62, 0x00, 0x54, 0x77, 0xf3, 0x0c, 0x2b, 0x3d, 0x63, 0xfc, 0x62, 0x68, 0x63, 0x83, 0x63,
    0xe4, 0x63, 0xf1, 0x2b, 0x22, 0x64, 0xc5, 0x63, 0xa9, 0x63, 0x2e, 0x3a, 0x69, 0x64, 0x7e, 0x64,
    0x9d, 0x64, 0x77, 0x64, 0x6c, 0x3a, 0x4f, 0x65, 0x6c, 0x65, 0x0a, 0x30, 0xe3, 0x65, 0xf8, 0x66,
    0x49, 0x66, 0x19, 0x3b, 0x91, 0x66, 0x08, 0x3b, 0xe4, 0x3a, 0x92, 0x51, 0x95, 0x51, 0x00, 0x67,
    0x9c, 0x66, 0xad, 0x80, 0xd9, 0x43, 0x17, 0x67, 0x1b, 0x67, 0x21, 0x67, 0x5e, 0x67, 0x53, 0x67,
    0xc3, 0x33, 0x49, 0x3b, 0xfa, 0x67, 0x85, 0x67, 0x52, 0x68, 0x85, 0x68, 0x6d, 0x34, 0x8e, 0x68,
    0x1f, 0x68, 0x14, 0x69, 0x9d, 0x3b, 0x42, 0x69, 0xa3, 0x69, 0xea, 0x69, 0xa8, 0x6a, 0xa3, 0x36,
    0xdb, 0x6a, 0x18, 0x3c, 0x21, 0x6b, 0xa7, 0x38, 0x54, 0x6b, 0x4e, 0x3c, 0x72, 0x6b, 0x9f, 0x6b,
    0xba, 0x6b, 0xbb, 0x6b, 0x8d, 0x3a, 0x0b, 0x1d, 0xfa, 0x3a, 0x4e, 0x6c, 0xbc, 0x3c, 0xbf, 0x6c,
    0xcd, 0x6c, 0x67, 0x6c, 0x16, 0x6d, 0x3e, 0x6d, 0x77, 0x6d, 0x41, 0x6d, 0x69, 0x6d, 0x78, 0x6d,
    0x85, 0x6d, 0x1e, 0x3d, 0x34, 0x6d, 0x2f, 0x6e, 0x6e, 0x6e, 0x33, 0x3d, 0xcb, 0x6e, 0xc7, 0x6e,
    0xd1, 0x3e, 0xf9, 0x6d, 0x6e, 0x6f, 0x5e, 0x3f, 0x8e, 0x3f, 0xc6, 0x6f, 0x39, 0x70, 0x1e, 0x70,
    0x1b, 0x70, 0x96, 0x3d, 0x4a, 0x70, 0x7d, 0x70, 0x77, 0x70, 0xad, 0x70, 0x25, 0x05, 0x45, 0x71,
    0x63, 0x42, 0x9c, 0x71, 0xab, 0x43, 0x28, 0x72, 0x35, 0x72, 0x50, 0x72, 0x08, 0x46, 0x80, 0x72,
    0x95, 0x72, 0x35, 0x47, 0x02, 0x20, 0x00, 0x00, 0x20, 0x00, 0x00, 0x00, 0x00, 0x08, 0x80, 0x00,
    0x00, 0x02, 0x02, 0x80, 0x8a, 0x00, 0x00, 0x20, 0x00, 0x08, 0x0a, 0x00, 0x80, 0x88, 0x80, 0x20,
    0x14, 0x48, 0x7a, 0x73, 0x8b, 0x73, 0xac, 0x3e, 0xa5, 0x73, 0xb8, 0x3e, 0xb8, 0x3e, 0x47, 0x74,
    0x5c, 0x74, 0x71, 0x74, 0x85, 0x74, 0xca, 0x74, 0x1b, 0x3f, 0x24, 0x75, 0x36, 0x4c, 0x3e, 0x75,
    0x92, 0x4c, 0x70, 0x75, 0x9f, 0x21, 0x10, 0x76, 0xa1, 0x4f, 0xb8, 0x4f, 0x44, 0x50, 0xfc, 0x3f,
    0x08, 0x40, 0xf4, 0x76, 0xf3, 0x50, 0xf2, 0x50, 0x19, 0x51, 0x33, 0x51, 0x1e, 0x77, 0x1f, 0x77,
    0x1f, 0x77, 0x4a, 0x77, 0x39, 0x40, 0x8b, 0x77, 0x46, 0x40, 0x96, 0x40, 0x1d, 0x54, 0x4e, 0x78,
    0x8c, 0x78, 0xcc, 0x78, 0xe3, 0x40, 0x26, 0x56, 0x56, 0x79, 0x9a, 0x56, 0xc5, 0x56, 0x8f, 0x79,
    0xeb, 0x79, 0x2f, 0x41, 0x40, 0x7a, 0x4a, 0x7a, 0x4f, 0x7a, 0x7c, 0x59, 0xa7, 0x5a, 0xa7, 0x5a,
    0xee, 0x7a, 0x02, 0x42, 0xab, 0x5b, 0xc6, 0x7b, 0xc9, 0x7b, 0x27, 0x42, 0x80, 0x5c, 0xd2, 0x7c,
    0xa0, 0x42, 0xe8, 0x7c, 0xe3, 0x7c, 0x00, 0x7d, 0x86, 0x5f, 0x63, 0x7d, 0x01, 0x43, 0xc7, 0x7d,
    0x02, 0x7e, 0x45, 0x7e, 0x34, 0x43, 0x28, 0x62, 0x47, 0x62, 0x59, 0x43, 0xd9, 0x62, 0x7a, 0x7f,
    0x3e, 0x63, 0x95, 0x7f, 0xfa, 0x7f, 0x05, 0x80, 0xda, 0x64, 0x23, 0x65, 0x60, 0x80, 0xa8, 0x65,
    0x70, 0x80, 0x5f, 0x33, 0xd5, 0x43, 0xb2, 0x80, 0x03, 0x81, 0x0b, 0x44, 0x3e, 0x81, 0xb5, 0x5a,
    0xa7, 0x67, 0xb5, 0x67, 0x93, 0x33, 0x9c, 0x33, 0x01, 0x82, 0x04, 0x82, 0x9e, 0x8f, 0x6b, 0x44,
    0x91, 0x82, 0x8b, 0x82, 0x9d, 0x82, 0xb3, 0x52, 0xb1, 0x82, 0xb3, 0x82, 0xbd, 0x82, 0xe6, 0x82,
    0x3c, 0x6b, 0xe5, 0x82, 0x1d, 0x83, 0x63, 0x83, 0xad, 0x83, 0x23, 0x83, 0xbd, 0x83, 0xe7, 0x83,
    0x57, 0x84, 0x53, 0x83, 0xca, 0x83, 0xcc, 0x83, 0xdc, 0x83, 0x36, 0x6c, 0x6b, 0x6d, 0x02, 0x00,
    0x00, 0x20, 0x22, 0x2a, 0xa0, 0x0a, 0x00, 0x20, 0x80, 0x28, 0x00, 0xa8, 0x20, 0x20, 0x00, 0x02,
    0x80, 0x22, 0x02, 0x8a, 0x08, 0x00, 0xaa, 0x00, 0x00, 0x00, 0x02, 0x00, 0x00, 0x28, 0xd5, 0x6c,
    0x2b, 0x45, 0xf1, 0x84, 0xf3, 0x84, 0x16, 0x85, 0xca, 0x73, 0x64, 0x85, 0x2c, 0x6f, 0x5d, 0x45,
    0x61, 0x45, 0xb1, 0x6f, 0xd2, 0x70, 0x6b, 0x45, 0x50, 0x86, 0x5c, 0x86, 0x67, 0x86, 0x69, 0x86,
    0xa9, 0x86, 0x88, 0x86, 0x0e, 0x87, 0xe2, 0x86, 0x79, 0x87, 0x28, 0x87, 0x6b, 0x87, 0x86, 0x87,
    0xd7, 0x45, 0xe1, 0x87, 0x01, 0x88, 0xf9, 0x45, 0x60, 0x88, 0x63, 0x88, 0x67, 0x76, 0xd7, 0x88,
    0xde, 0x88, 0x35, 0x46, 0xfa, 0x88, 0xbb, 0x34, 0xae, 0x78, 0x66, 0x79, 0xbe, 0x46, 0xc7, 0x46,
    0xa0, 0x8a, 0xed, 0x8a, 0x8a, 0x8b, 0x55, 0x8c, 0xa8, 0x7c, 0xab, 0x8c, 0xc1, 0x8c, 0x1b, 0x8d,
    0x77, 0x8d, 0x2f, 0x7f, 0x04, 0x08, 0xcb, 0x8d, 0xbc, 0x8d, 0xf0, 0x8d, 0xde, 0x08, 0xd4, 0x8e,
    0x38, 0x8f, 0xd2, 0x85, 0xed, 0x85, 0x94, 0x90, 0xf1, 0x90, 0x11, 0x91, 0x2e, 0x87, 0x1b, 0x91,
    0x38, 0x92, 0xd7, 0x92, 0xd8, 0x92, 0x7c, 0x92, 0xf9, 0x93, 0x15, 0x94, 0xfa, 0x8b, 0x8b, 0x95,
    0x95, 0x49, 0xb7, 0x95, 0x77, 0x8d, 0xe6, 0x49, 0xc3, 0x96, 0xb2, 0x5d, 0x23, 0x97, 0x45, 0x91,
    0x1a, 0x92, 0x6e, 0x4a, 0x76, 0x4a, 0xe0, 0x97, 0x0a, 0x94, 0xb2, 0x4a, 0x96, 0x94, 0x0b, 0x98,
    0x0b, 0x98, 0x29, 0x98, 0xb6, 0x95, 0xe2, 0x98, 0x33, 0x4b, 0x29, 0x99, 0xa7, 0x99, 0xc2, 0x99,
    0xfe, 0x99, 0xce, 0x4b, 0x30, 0x9b, 0x12, 0x9b, 0x40, 0x9c, 0xfd, 0x9c, 0xce, 0x4c, 0xed, 0x4c,
    0x67, 0x9d, 0xce, 0xa0, 0xf8, 0x4c, 0x05, 0xa1, 0x0e, 0xa2, 0x91, 0xa2, 0xbb, 0x9e, 0x56, 0x4d,
    0xf9, 0x9e, 0xfe, 0x9e, 0x05, 0x9f, 0x0f, 0x9f, 0x16, 0x9f, 0x3b, 0x9f, 0x00, 0xa6, 0x02, 0x88,
    0xa0, 0x00, 0x00, 0x00, 0x00, 0x80, 0x00, 0x28, 0x00, 0x08, 0xa0, 0x80, 0xa0, 0x80, 0x00, 0x80,
    0x80, 0x00, 0x0a, 0x88, 0x80, 0x00, 0x80, 0x00, 0x20, 0x2a, 0x00, 0x80,
];
// c: libunicode-table.h:2249
pub static unicode_comp_table: [u16; 965] = [
    0x4a01, 0x49c0, 0x4a02, 0x0280, 0x0281, 0x0282, 0x0283, 0x02c0, 0x02c2, 0x0a00, 0x0284, 0x2442,
    0x0285, 0x07c0, 0x0980, 0x0982, 0x2440, 0x2280, 0x02c4, 0x2282, 0x2284, 0x2286, 0x02c6, 0x02c8,
    0x02ca, 0x02cc, 0x0287, 0x228a, 0x02ce, 0x228c, 0x2290, 0x2292, 0x228e, 0x0288, 0x0289, 0x028a,
    0x2482, 0x0300, 0x0302, 0x0304, 0x028b, 0x2480, 0x0308, 0x0984, 0x0986, 0x2458, 0x0a02, 0x0306,
    0x2298, 0x229a, 0x229e, 0x0900, 0x030a, 0x22a0, 0x030c, 0x030e, 0x0840, 0x0310, 0x0312, 0x22a2,
    0x22a6, 0x09c0, 0x22a4, 0x22a8, 0x22aa, 0x028c, 0x028d, 0x028e, 0x0340, 0x0342, 0x0344, 0x0380,
    0x028f, 0x248e, 0x07c2, 0x0988, 0x098a, 0x2490, 0x0346, 0x22ac, 0x0400, 0x22b0, 0x0842, 0x22b2,
    0x0402, 0x22b4, 0x0440, 0x0444, 0x22b6, 0x0442, 0x22c2, 0x22c0, 0x22c4, 0x22c6, 0x22c8, 0x0940,
    0x04c0, 0x0291, 0x22ca, 0x04c4, 0x22cc, 0x04c2, 0x22d0, 0x22ce, 0x0292, 0x0293, 0x0294, 0x0295,
    0x0540, 0x0542, 0x0a08, 0x0296, 0x2494, 0x0544, 0x07c4, 0x098c, 0x098e, 0x06c0, 0x2492, 0x0844,
    0x2308, 0x230a, 0x0580, 0x230c, 0x0584, 0x0990, 0x0992, 0x230e, 0x0582, 0x2312, 0x0586, 0x0588,
    0x2314, 0x058c, 0x2316, 0x0998, 0x058a, 0x231e, 0x0590, 0x2320, 0x099a, 0x058e, 0x2324, 0x2322,
    0x0299, 0x029a, 0x029b, 0x05c0, 0x05c2, 0x05c4, 0x029c, 0x24ac, 0x05c6, 0x05c8, 0x07c6, 0x0994,
    0x0996, 0x0700, 0x24aa, 0x2326, 0x05ca, 0x232a, 0x2328, 0x2340, 0x2342, 0x2344, 0x2346, 0x05cc,
    0x234a, 0x2348, 0x234c, 0x234e, 0x2350, 0x24b8, 0x029d, 0x05ce, 0x24be, 0x0a0c, 0x2352, 0x0600,
    0x24bc, 0x24ba, 0x0640, 0x2354, 0x0642, 0x0644, 0x2356, 0x2358, 0x02a0, 0x02a1, 0x02a2, 0x02a3,
    0x02c1, 0x02c3, 0x0a01, 0x02a4, 0x2443, 0x02a5, 0x07c1, 0x0981, 0x0983, 0x2441, 0x2281, 0x02c5,
    0x2283, 0x2285, 0x2287, 0x02c7, 0x02c9, 0x02cb, 0x02cd, 0x02a7, 0x228b, 0x02cf, 0x228d, 0x2291,
    0x2293, 0x228f, 0x02a8, 0x02a9, 0x02aa, 0x2483, 0x0301, 0x0303, 0x0305, 0x02ab, 0x2481, 0x0309,
    0x0985, 0x0987, 0x2459, 0x0a03, 0x0307, 0x2299, 0x229b, 0x229f, 0x0901, 0x030b, 0x22a1, 0x030d,
    0x030f, 0x0841, 0x0311, 0x0313, 0x22a3, 0x22a7, 0x09c1, 0x22a5, 0x22a9, 0x22ab, 0x2380, 0x02ac,
    0x02ad, 0x02ae, 0x0341, 0x0343, 0x0345, 0x02af, 0x248f, 0x07c3, 0x0989, 0x098b, 0x2491, 0x0347,
    0x22ad, 0x0401, 0x0884, 0x22b1, 0x0843, 0x22b3, 0x0403, 0x22b5, 0x0441, 0x0445, 0x22b7, 0x0443,
    0x22c3, 0x22c1, 0x22c5, 0x22c7, 0x22c9, 0x0941, 0x04c1, 0x02b1, 0x22cb, 0x04c5, 0x22cd, 0x04c3,
    0x22d1, 0x22cf, 0x02b2, 0x02b3, 0x02b4, 0x02b5, 0x0541, 0x0543, 0x0a09, 0x02b6, 0x2495, 0x0545,
    0x07c5, 0x098d, 0x098f, 0x06c1, 0x2493, 0x0845, 0x2309, 0x230b, 0x0581, 0x230d, 0x0585, 0x0991,
    0x0993, 0x230f, 0x0583, 0x2313, 0x0587, 0x0589, 0x2315, 0x058d, 0x2317, 0x0999, 0x058b, 0x231f,
    0x2381, 0x0591, 0x2321, 0x099b, 0x058f, 0x2325, 0x2323, 0x02b9, 0x02ba, 0x02bb, 0x05c1, 0x05c3,
    0x05c5, 0x02bc, 0x24ad, 0x05c7, 0x05c9, 0x07c7, 0x0995, 0x0997, 0x0701, 0x24ab, 0x2327, 0x05cb,
    0x232b, 0x2329, 0x2341, 0x2343, 0x2345, 0x2347, 0x05cd, 0x234b, 0x2349, 0x2382, 0x234d, 0x234f,
    0x2351, 0x24b9, 0x02bd, 0x05cf, 0x24bf, 0x0a0d, 0x2353, 0x02bf, 0x24bd, 0x2383, 0x24bb, 0x0641,
    0x2355, 0x0643, 0x0645, 0x2357, 0x2359, 0x3101, 0x0c80, 0x2e00, 0x2446, 0x2444, 0x244a, 0x2448,
    0x0800, 0x0942, 0x0944, 0x0804, 0x2288, 0x2486, 0x2484, 0x248a, 0x2488, 0x22ae, 0x2498, 0x2496,
    0x249c, 0x249a, 0x2300, 0x0a06, 0x2302, 0x0a04, 0x0946, 0x07ce, 0x07ca, 0x07c8, 0x07cc, 0x2447,
    0x2445, 0x244b, 0x2449, 0x0801, 0x0943, 0x0945, 0x0805, 0x2289, 0x2487, 0x2485, 0x248b, 0x2489,
    0x22af, 0x2499, 0x2497, 0x249d, 0x249b, 0x2301, 0x0a07, 0x2303, 0x0a05, 0x0947, 0x07cf, 0x07cb,
    0x07c9, 0x07cd, 0x2450, 0x244e, 0x2454, 0x2452, 0x2451, 0x244f, 0x2455, 0x2453, 0x2294, 0x2296,
    0x2295, 0x2297, 0x2304, 0x2306, 0x2305, 0x2307, 0x2318, 0x2319, 0x231a, 0x231b, 0x232c, 0x232d,
    0x232e, 0x232f, 0x2400, 0x24a2, 0x24a0, 0x24a6, 0x24a4, 0x24a8, 0x24a3, 0x24a1, 0x24a7, 0x24a5,
    0x24a9, 0x24b0, 0x24ae, 0x24b4, 0x24b2, 0x24b6, 0x24b1, 0x24af, 0x24b5, 0x24b3, 0x24b7, 0x0882,
    0x0880, 0x0881, 0x0802, 0x0803, 0x229c, 0x229d, 0x0a0a, 0x0a0b, 0x0883, 0x0b40, 0x2c8a, 0x0c81,
    0x2c89, 0x2c88, 0x2540, 0x2541, 0x2d00, 0x2e07, 0x0d00, 0x2640, 0x2641, 0x2e80, 0x0d01, 0x26c8,
    0x26c9, 0x2f00, 0x2f84, 0x0d02, 0x2f83, 0x2f82, 0x0d40, 0x26d8, 0x26d9, 0x3186, 0x0d04, 0x2740,
    0x2741, 0x3100, 0x3086, 0x0d06, 0x3085, 0x3084, 0x0d41, 0x2840, 0x3200, 0x0d07, 0x284f, 0x2850,
    0x3280, 0x2c84, 0x2e03, 0x2857, 0x0d42, 0x2c81, 0x2c80, 0x24c0, 0x24c1, 0x2c86, 0x2c83, 0x28c0,
    0x0d43, 0x25c0, 0x25c1, 0x2940, 0x0d44, 0x26c0, 0x26c1, 0x2e05, 0x2e02, 0x29c0, 0x0d45, 0x2f05,
    0x2f04, 0x0d80, 0x26d0, 0x26d1, 0x2f80, 0x2a40, 0x0d82, 0x26e0, 0x26e1, 0x3080, 0x3081, 0x2ac0,
    0x0d83, 0x3004, 0x3003, 0x0d81, 0x27c0, 0x27c1, 0x3082, 0x2b40, 0x0d84, 0x2847, 0x2848, 0x3184,
    0x3181, 0x2f06, 0x0d08, 0x2f81, 0x3005, 0x0d46, 0x3083, 0x3182, 0x0e00, 0x0e01, 0x0f40, 0x1180,
    0x1182, 0x0f03, 0x0f00, 0x11c0, 0x0f01, 0x1140, 0x1202, 0x1204, 0x0f81, 0x1240, 0x0fc0, 0x1242,
    0x0f80, 0x1244, 0x1284, 0x0f82, 0x1286, 0x1288, 0x128a, 0x12c0, 0x1282, 0x1181, 0x1183, 0x1043,
    0x1040, 0x11c1, 0x1041, 0x1141, 0x1203, 0x1205, 0x10c1, 0x1241, 0x1000, 0x1243, 0x10c0, 0x1245,
    0x1285, 0x10c2, 0x1287, 0x1289, 0x128b, 0x12c1, 0x1283, 0x1080, 0x1100, 0x1101, 0x1200, 0x1201,
    0x1280, 0x1281, 0x1340, 0x1341, 0x1343, 0x1342, 0x1344, 0x13c2, 0x1400, 0x13c0, 0x1440, 0x1480,
    0x14c0, 0x1540, 0x1541, 0x1740, 0x1700, 0x1741, 0x17c0, 0x1800, 0x1802, 0x1801, 0x1840, 0x1880,
    0x1900, 0x18c0, 0x18c1, 0x1901, 0x1940, 0x1942, 0x1941, 0x1980, 0x19c0, 0x19c2, 0x19c1, 0x1c80,
    0x1cc0, 0x1dc0, 0x1f80, 0x2000, 0x2002, 0x2004, 0x2006, 0x2008, 0x2040, 0x2080, 0x2082, 0x20c0,
    0x20c1, 0x2100, 0x22b8, 0x22b9, 0x2310, 0x2311, 0x231c, 0x231d, 0x244c, 0x2456, 0x244d, 0x2457,
    0x248c, 0x248d, 0x249e, 0x249f, 0x2500, 0x2502, 0x2504, 0x2bc0, 0x2501, 0x2503, 0x2505, 0x2bc1,
    0x2bc2, 0x2bc3, 0x2bc4, 0x2bc5, 0x2bc6, 0x2bc7, 0x2580, 0x2582, 0x2584, 0x2bc8, 0x2581, 0x2583,
    0x2585, 0x2bc9, 0x2bca, 0x2bcb, 0x2bcc, 0x2bcd, 0x2bce, 0x2bcf, 0x2600, 0x2602, 0x2601, 0x2603,
    0x2680, 0x2682, 0x2681, 0x2683, 0x26c2, 0x26c4, 0x26c6, 0x2c00, 0x26c3, 0x26c5, 0x26c7, 0x2c01,
    0x2c02, 0x2c03, 0x2c04, 0x2c05, 0x2c06, 0x2c07, 0x26ca, 0x26cc, 0x26ce, 0x2c08, 0x26cb, 0x26cd,
    0x26cf, 0x2c09, 0x2c0a, 0x2c0b, 0x2c0c, 0x2c0d, 0x2c0e, 0x2c0f, 0x26d2, 0x26d4, 0x26d6, 0x26d3,
    0x26d5, 0x26d7, 0x26da, 0x26dc, 0x26de, 0x26db, 0x26dd, 0x26df, 0x2700, 0x2702, 0x2701, 0x2703,
    0x2780, 0x2782, 0x2781, 0x2783, 0x2800, 0x2802, 0x2804, 0x2801, 0x2803, 0x2805, 0x2842, 0x2844,
    0x2846, 0x2849, 0x284b, 0x284d, 0x2c40, 0x284a, 0x284c, 0x284e, 0x2c41, 0x2c42, 0x2c43, 0x2c44,
    0x2c45, 0x2c46, 0x2c47, 0x2851, 0x2853, 0x2855, 0x2c48, 0x2852, 0x2854, 0x2856, 0x2c49, 0x2c4a,
    0x2c4b, 0x2c4c, 0x2c4d, 0x2c4e, 0x2c4f, 0x2c82, 0x2e01, 0x3180, 0x2c87, 0x2f01, 0x2f02, 0x2f03,
    0x2e06, 0x3185, 0x3000, 0x3001, 0x3002, 0x4640, 0x4641, 0x4680, 0x46c0, 0x46c2, 0x46c1, 0x4700,
    0x4740, 0x4780, 0x47c0, 0x47c2, 0x4900, 0x4940, 0x4980, 0x4982, 0x4a00, 0x49c2, 0x4a03, 0x4a04,
    0x4a40, 0x4a41, 0x4a80, 0x4a81, 0x4ac0, 0x4ac1, 0x4bc0, 0x4bc1, 0x4b00, 0x4b01, 0x4b40, 0x4b41,
    0x4bc2, 0x4bc3, 0x4b80, 0x4b81, 0x4b82, 0x4b83, 0x4c00, 0x4c01, 0x4c02, 0x4c03, 0x5600, 0x5440,
    0x5442, 0x5444, 0x5446, 0x5448, 0x544a, 0x544c, 0x544e, 0x5450, 0x5452, 0x5454, 0x5456, 0x5480,
    0x5482, 0x5484, 0x54c0, 0x54c1, 0x5500, 0x5501, 0x5540, 0x5541, 0x5580, 0x5581, 0x55c0, 0x55c1,
    0x5680, 0x58c0, 0x5700, 0x5702, 0x5704, 0x5706, 0x5708, 0x570a, 0x570c, 0x570e, 0x5710, 0x5712,
    0x5714, 0x5716, 0x5740, 0x5742, 0x5744, 0x5780, 0x5781, 0x57c0, 0x57c1, 0x5800, 0x5801, 0x5840,
    0x5841, 0x5880, 0x5881, 0x5900, 0x5901, 0x5902, 0x5903, 0x5940, 0x8ec0, 0x8f00, 0x8fc0, 0x8fc2,
    0x9000, 0x9040, 0x9041, 0x9080, 0x9081, 0x90c0, 0x90c2, 0x9100, 0x9140, 0x9182, 0x9180, 0x9183,
    0x91c1, 0x91c0, 0x91c3, 0x9200, 0x9201, 0x9240, 0x9280, 0x9282, 0x9284, 0x9281, 0x9285, 0x9287,
    0x9286, 0x9283, 0x92c1, 0x92c0, 0x92c2,
];
// c: libunicode-table.h:2456
pub static unicode_gc_table: [u8; 4122] = [
    0xfa, 0x18, 0x17, 0x56, 0x0d, 0x56, 0x12, 0x13, 0x16, 0x0c, 0x16, 0x11, 0x36, 0xe9, 0x02, 0x36,
    0x4c, 0x36, 0xe1, 0x12, 0x12, 0x16, 0x13, 0x0e, 0x10, 0x0e, 0xe2, 0x12, 0x12, 0x0c, 0x13, 0x0c,
    0xfa, 0x19, 0x17, 0x16, 0x6d, 0x0f, 0x16, 0x0e, 0x0f, 0x05, 0x14, 0x0c, 0x1b, 0x0f, 0x0e, 0x0f,
    0x0c, 0x2b, 0x0e, 0x02, 0x36, 0x0e, 0x0b, 0x05, 0x15, 0x4b, 0x16, 0xe1, 0x0f, 0x0c, 0xc1, 0xe2,
    0x10, 0x0c, 0xe2, 0x00, 0xff, 0x30, 0x02, 0xff, 0x08, 0x02, 0xff, 0x27, 0xbf, 0x22, 0x21, 0x02,
    0x5f, 0x5f, 0x21, 0x22, 0x61, 0x02, 0x21, 0x02, 0x41, 0x42, 0x21, 0x02, 0x21, 0x02, 0x9f, 0x7f,
    0x02, 0x5f, 0x5f, 0x21, 0x02, 0x5f, 0x3f, 0x02, 0x05, 0x3f, 0x22, 0x65, 0x01, 0x03, 0x02, 0x01,
    0x03, 0x02, 0x01, 0x03, 0x02, 0xff, 0x08, 0x02, 0xff, 0x0a, 0x02, 0x01, 0x03, 0x02, 0x5f, 0x21,
    0x02, 0xff, 0x32, 0xa2, 0x21, 0x02, 0x21, 0x22, 0x5f, 0x41, 0x02, 0xff, 0x00, 0xe2, 0x3c, 0x25,
    0xe2, 0x12, 0xe4, 0x0a, 0x6e, 0xe4, 0x04, 0xee, 0x06, 0x84, 0xce, 0x04, 0x0e, 0x04, 0xee, 0x09,
    0xe6, 0x68, 0x7f, 0x04, 0x0e, 0x3f, 0x20, 0x04, 0x42, 0x16, 0x01, 0x60, 0x2e, 0x01, 0x16, 0x41,
    0x00, 0x01, 0x00, 0x21, 0x02, 0xe1, 0x09, 0x00, 0xe1, 0x01, 0xe2, 0x1b, 0x3f, 0x02, 0x41, 0x42,
    0xff, 0x10, 0x62, 0x3f, 0x0c, 0x5f, 0x3f, 0x02, 0xe1, 0x2b, 0xe2, 0x28, 0xff, 0x1a, 0x0f, 0x86,
    0x28, 0xff, 0x2f, 0xff, 0x06, 0x02, 0xff, 0x58, 0x00, 0xe1, 0x1e, 0x20, 0x04, 0xb6, 0xe2, 0x21,
    0x16, 0x11, 0x20, 0x2f, 0x0d, 0x00, 0xe6, 0x25, 0x11, 0x06, 0x16, 0x26, 0x16, 0x26, 0x16, 0x06,
    0xe0, 0x00, 0xe5, 0x13, 0x60, 0x65, 0x36, 0xe0, 0x03, 0xbb, 0x4c, 0x36, 0x0d, 0x36, 0x2f, 0xe6,
    0x03, 0x16, 0x1b, 0x56, 0xe5, 0x18, 0x04, 0xe5, 0x02, 0xe6, 0x0d, 0xe9, 0x02, 0x76, 0x25, 0x06,
    0xe5, 0x5b, 0x16, 0x05, 0xc6, 0x1b, 0x0f, 0xa6, 0x24, 0x26, 0x0f, 0x66, 0x25, 0xe9, 0x02, 0x45,
    0x2f, 0x05, 0xf6, 0x06, 0x00, 0x1b, 0x05, 0x06, 0xe5, 0x16, 0xe6, 0x13, 0x20, 0xe5, 0x51, 0xe6,
    0x03, 0x05, 0xe0, 0x06, 0xe9, 0x02, 0xe5, 0x19, 0xe6, 0x01, 0x24, 0x0f, 0x56, 0x04, 0x20, 0x06,
    0x2d, 0xe5, 0x0e, 0x66, 0x04, 0xe6, 0x01, 0x04, 0x46, 0x04, 0x86, 0x20, 0xf6, 0x07, 0x00, 0xe5,
    0x11, 0x46, 0x20, 0x16, 0x00, 0xe5, 0x03, 0x80, 0xe5, 0x10, 0x0e, 0xc5, 0x3b, 0x80, 0xe6, 0x01,
    0xe5, 0x21, 0x04, 0xe6, 0x10, 0x1b, 0xe6, 0x18, 0x07, 0xe5, 0x2e, 0x06, 0x07, 0x06, 0x05, 0x47,
    0xe6, 0x00, 0x67, 0x06, 0x27, 0x05, 0xc6, 0xe5, 0x02, 0x26, 0x36, 0xe9, 0x02, 0x16, 0x04, 0xe5,
    0x07, 0x06, 0x27, 0x00, 0xe5, 0x00, 0x20, 0x25, 0x20, 0xe5, 0x0e, 0x00, 0xc5, 0x00, 0x05, 0x40,
    0x65, 0x20, 0x06, 0x05, 0x47, 0x66, 0x20, 0x27, 0x20, 0x27, 0x06, 0x05, 0xe0, 0x00, 0x07, 0x60,
    0x25, 0x00, 0x45, 0x26, 0x20, 0xe9, 0x02, 0x25, 0x2d, 0xab, 0x0f, 0x0d, 0x05, 0x16, 0x06, 0x20,
    0x26, 0x07, 0x00, 0xa5, 0x60, 0x25, 0x20, 0xe5, 0x0e, 0x00, 0xc5, 0x00, 0x25, 0x00, 0x25, 0x00,
    0x25, 0x20, 0x06, 0x00, 0x47, 0x26, 0x60, 0x26, 0x20, 0x46, 0x40, 0x06, 0xc0, 0x65, 0x00, 0x05,
    0xc0, 0xe9, 0x02, 0x26, 0x45, 0x06, 0x16, 0xe0, 0x02, 0x26, 0x07, 0x00, 0xe5, 0x01, 0x00, 0x45,
    0x00, 0xe5, 0x0e, 0x00, 0xc5, 0x00, 0x25, 0x00, 0x85, 0x20, 0x06, 0x05, 0x47, 0x86, 0x00, 0x26,
    0x07, 0x00, 0x27, 0x06, 0x20, 0x05, 0xe0, 0x07, 0x25, 0x26, 0x20, 0xe9, 0x02, 0x16, 0x0d, 0xc0,
    0x05, 0xa6, 0x00, 0x06, 0x27, 0x00, 0xe5, 0x00, 0x20, 0x25, 0x20, 0xe5, 0x0e, 0x00, 0xc5, 0x00,
    0x25, 0x00, 0x85, 0x20, 0x06, 0x05, 0x07, 0x06, 0x07, 0x66, 0x20, 0x27, 0x20, 0x27, 0x06, 0xc0,
    0x26, 0x07, 0x60, 0x25, 0x00, 0x45, 0x26, 0x20, 0xe9, 0x02, 0x0f, 0x05, 0xab, 0xe0, 0x02, 0x06,
    0x05, 0x00, 0xa5, 0x40, 0x45, 0x00, 0x65, 0x40, 0x25, 0x00, 0x05, 0x00, 0x25, 0x40, 0x25, 0x40,
    0x45, 0x40, 0xe5, 0x04, 0x60, 0x27, 0x06, 0x27, 0x40, 0x47, 0x00, 0x47, 0x06, 0x20, 0x05, 0xa0,
    0x07, 0xe0, 0x06, 0xe9, 0x02, 0x4b, 0xaf, 0x0d, 0x0f, 0x80, 0x06, 0x47, 0x06, 0xe5, 0x00, 0x00,
    0x45, 0x00, 0xe5, 0x0f, 0x00, 0xe5, 0x08, 0x20, 0x06, 0x05, 0x46, 0x67, 0x00, 0x46, 0x00, 0x66,
    0xc0, 0x26, 0x00, 0x45, 0x00, 0x25, 0x20, 0x25, 0x26, 0x20, 0xe9, 0x02, 0xc0, 0x16, 0xcb, 0x0f,
    0x05, 0x06, 0x27, 0x16, 0xe5, 0x00, 0x00, 0x45, 0x00, 0xe5, 0x0f, 0x00, 0xe5, 0x02, 0x00, 0x85,
    0x20, 0x06, 0x05, 0x07, 0x06, 0x87, 0x00, 0x06, 0x27, 0x00, 0x27, 0x26, 0xc0, 0x27, 0x80, 0x45,
    0x00, 0x25, 0x26, 0x20, 0xe9, 0x02, 0x00, 0x25, 0x07, 0xe0, 0x04, 0x26, 0x27, 0xe5, 0x01, 0x00,
    0x45, 0x00, 0xe5, 0x21, 0x26, 0x05, 0x47, 0x66, 0x00, 0x47, 0x00, 0x47, 0x06, 0x05, 0x0f, 0x60,
    0x45, 0x07, 0xcb, 0x45, 0x26, 0x20, 0xe9, 0x02, 0xeb, 0x01, 0x0f, 0xa5, 0x00, 0x06, 0x27, 0x00,
    0xe5, 0x0a, 0x40, 0xe5, 0x10, 0x00, 0xe5, 0x01, 0x00, 0x05, 0x20, 0xc5, 0x40, 0x06, 0x60, 0x47,
    0x46, 0x00, 0x06, 0x00, 0xe7, 0x00, 0xa0, 0xe9, 0x02, 0x20, 0x27, 0x16, 0xe0, 0x04, 0xe5, 0x28,
    0x06, 0x25, 0xc6, 0x60, 0x0d, 0xa5, 0x04, 0xe6, 0x00, 0x16, 0xe9, 0x02, 0x36, 0xe0, 0x1d, 0x25,
    0x00, 0x05, 0x00, 0x85, 0x00, 0xe5, 0x10, 0x00, 0x05, 0x00, 0xe5, 0x02, 0x06, 0x25, 0xe6, 0x01,
    0x05, 0x20, 0x85, 0x00, 0x04, 0x00, 0xc6, 0x00, 0xe9, 0x02, 0x20, 0x65, 0xe0, 0x18, 0x05, 0x4f,
    0xf6, 0x07, 0x0f, 0x16, 0x4f, 0x26, 0xaf, 0xe9, 0x02, 0xeb, 0x02, 0x0f, 0x06, 0x0f, 0x06, 0x0f,
    0x06, 0x12, 0x13, 0x12, 0x13, 0x27, 0xe5, 0x00, 0x00, 0xe5, 0x1c, 0x60, 0xe6, 0x06, 0x07, 0x86,
    0x16, 0x26, 0x85, 0xe6, 0x03, 0x00, 0xe6, 0x1c, 0x00, 0xef, 0x00, 0x06, 0xaf, 0x00, 0x2f, 0x96,
    0x6f, 0x36, 0xe0, 0x1d, 0xe5, 0x23, 0x27, 0x66, 0x07, 0xa6, 0x07, 0x26, 0x27, 0x26, 0x05, 0xe9,
    0x02, 0xb6, 0xa5, 0x27, 0x26, 0x65, 0x46, 0x05, 0x47, 0x25, 0xc7, 0x45, 0x66, 0xe5, 0x05, 0x06,
    0x27, 0x26, 0xa7, 0x06, 0x05, 0x07, 0xe9, 0x02, 0x47, 0x06, 0x2f, 0xe1, 0x1e, 0x00, 0x01, 0x80,
    0x01, 0x20, 0xe2, 0x23, 0x16, 0x04, 0x42, 0xe5, 0x80, 0xc1, 0x00, 0x65, 0x20, 0xc5, 0x00, 0x05,
    0x00, 0x65, 0x20, 0xe5, 0x21, 0x00, 0x65, 0x20, 0xe5, 0x19, 0x00, 0x65, 0x20, 0xc5, 0x00, 0x05,
    0x00, 0x65, 0x20, 0xe5, 0x07, 0x00, 0xe5, 0x31, 0x00, 0x65, 0x20, 0xe5, 0x3b, 0x20, 0x46, 0xf6,
    0x01, 0xeb, 0x0c, 0x40, 0xe5, 0x08, 0xef, 0x02, 0xa0, 0xe1, 0x4e, 0x20, 0xa2, 0x20, 0x11, 0xe5,
    0x81, 0xe4, 0x0f, 0x16, 0xe5, 0x09, 0x17, 0xe5, 0x12, 0x12, 0x13, 0x40, 0xe5, 0x43, 0x56, 0x4a,
    0xe5, 0x00, 0xc0, 0xe5, 0x0a, 0x46, 0x07, 0xe0, 0x01, 0xe5, 0x0b, 0x26, 0x07, 0x36, 0xe0, 0x01,
    0xe5, 0x0a, 0x26, 0xe0, 0x04, 0xe5, 0x05, 0x00, 0x45, 0x00, 0x26, 0xe0, 0x04, 0xe5, 0x2c, 0x26,
    0x07, 0xc6, 0xe7, 0x00, 0x06, 0x27, 0xe6, 0x03, 0x56, 0x04, 0x56, 0x0d, 0x05, 0x06, 0x20, 0xe9,
    0x02, 0xa0, 0xeb, 0x02, 0xa0, 0xb6, 0x11, 0x76, 0x46, 0x1b, 0x06, 0xe9, 0x02, 0xa0, 0xe5, 0x1b,
    0x04, 0xe5, 0x2d, 0xc0, 0x85, 0x26, 0xe5, 0x1a, 0x06, 0x05, 0x80, 0xe5, 0x3e, 0xe0, 0x02, 0xe5,
    0x17, 0x00, 0x46, 0x67, 0x26, 0x47, 0x60, 0x27, 0x06, 0xa7, 0x46, 0x60, 0x0f, 0x40, 0x36, 0xe9,
    0x02, 0xe5, 0x16, 0x20, 0x85, 0xe0, 0x03, 0xe5, 0x24, 0x60, 0xe5, 0x12, 0xa0, 0xe9, 0x02, 0x0b,
    0x40, 0xef, 0x1a, 0xe5, 0x0f, 0x26, 0x27, 0x06, 0x20, 0x36, 0xe5, 0x2d, 0x07, 0x06, 0x07, 0xc6,
    0x00, 0x06, 0x07, 0x06, 0x27, 0xe6, 0x00, 0xa7, 0xe6, 0x02, 0x20, 0x06, 0xe9, 0x02, 0xa0, 0xe9,
    0x02, 0xa0, 0xd6, 0x04, 0xb6, 0x20, 0xe6, 0x06, 0x08, 0xe6, 0x17, 0x20, 0xe6, 0x04, 0xe0, 0x0c,
    0x66, 0x07, 0xe5, 0x27, 0x06, 0x07, 0x86, 0x07, 0x06, 0x87, 0x06, 0x27, 0xe5, 0x00, 0x00, 0x36,
    0xe9, 0x02, 0xd6, 0xef, 0x02, 0xe6, 0x01, 0xef, 0x01, 0x56, 0x26, 0x07, 0xe5, 0x16, 0x07, 0x66,
    0x27, 0x26, 0x07, 0x46, 0x25, 0xe9, 0x02, 0xe5, 0x24, 0x06, 0x07, 0x26, 0x47, 0x06, 0x07, 0x46,
    0x27, 0xe0, 0x00, 0x76, 0xe5, 0x1c, 0xe7, 0x00, 0xe6, 0x00, 0x27, 0x26, 0x40, 0x96, 0xe9, 0x02,
    0x40, 0x45, 0xe9, 0x02, 0xe5, 0x16, 0xa4, 0x36, 0xe2, 0x01, 0x3f, 0x80, 0xe1, 0x23, 0x20, 0x41,
    0xf6, 0x00, 0xe0, 0x00, 0x46, 0x16, 0xe6, 0x05, 0x07, 0xc6, 0x65, 0x06, 0xa5, 0x06, 0x25, 0x07,
    0x26, 0x05, 0x80, 0xe2, 0x24, 0xe4, 0x37, 0xe2, 0x05, 0x04, 0xe2, 0x1a, 0xe4, 0x1d, 0xe6, 0x38,
    0xff, 0x80, 0x0e, 0xe2, 0x00, 0xff, 0x5a, 0xe2, 0x00, 0xe1, 0x00, 0xa2, 0x20, 0xa1, 0x20, 0xe2,
    0x00, 0xe1, 0x00, 0xe2, 0x00, 0xe1, 0x00, 0xa2, 0x20, 0xa1, 0x20, 0xe2, 0x00, 0x00, 0x01, 0x00,
    0x01, 0x00, 0x01, 0x00, 0x3f, 0xc2, 0xe1, 0x00, 0xe2, 0x06, 0x20, 0xe2, 0x00, 0xe3, 0x00, 0xe2,
    0x00, 0xe3, 0x00, 0xe2, 0x00, 0xe3, 0x00, 0x82, 0x00, 0x22, 0x61, 0x03, 0x0e, 0x02, 0x4e, 0x42,
    0x00, 0x22, 0x61, 0x03, 0x4e, 0x62, 0x20, 0x22, 0x61, 0x00, 0x4e, 0xe2, 0x00, 0x81, 0x4e, 0x20,
    0x42, 0x00, 0x22, 0x61, 0x03, 0x2e, 0x00, 0xf7, 0x03, 0x9b, 0xb1, 0x36, 0x14, 0x15, 0x12, 0x34,
    0x15, 0x12, 0x14, 0xf6, 0x00, 0x18, 0x19, 0x9b, 0x17, 0xf6, 0x01, 0x14, 0x15, 0x76, 0x30, 0x56,
    0x0c, 0x12, 0x13, 0xf6, 0x03, 0x0c, 0x16, 0x10, 0xf6, 0x02, 0x17, 0x9b, 0x00, 0xfb, 0x02, 0x0b,
    0x04, 0x20, 0xab, 0x4c, 0x12, 0x13, 0x04, 0xeb, 0x02, 0x4c, 0x12, 0x13, 0x00, 0xe4, 0x05, 0x40,
    0xed, 0x1a, 0xe0, 0x06, 0xe6, 0x05, 0x68, 0x06, 0x48, 0xe6, 0x04, 0xe0, 0x07, 0x2f, 0x01, 0x6f,
    0x01, 0x2f, 0x02, 0x41, 0x22, 0x41, 0x02, 0x0f, 0x01, 0x2f, 0x0c, 0x81, 0xaf, 0x01, 0x0f, 0x01,
    0x0f, 0x01, 0x0f, 0x61, 0x0f, 0x02, 0x61, 0x02, 0x65, 0x02, 0x2f, 0x22, 0x21, 0x8c, 0x3f, 0x42,
    0x0f, 0x0c, 0x2f, 0x02, 0x0f, 0xeb, 0x08, 0xea, 0x1b, 0x3f, 0x6a, 0x0b, 0x2f, 0x60, 0x8c, 0x8f,
    0x2c, 0x6f, 0x0c, 0x2f, 0x0c, 0x2f, 0x0c, 0xcf, 0x0c, 0xef, 0x17, 0x2c, 0x2f, 0x0c, 0x0f, 0x0c,
    0xef, 0x17, 0xec, 0x80, 0x84, 0xef, 0x00, 0x12, 0x13, 0x12, 0x13, 0xef, 0x0c, 0x2c, 0xcf, 0x12,
    0x13, 0xef, 0x49, 0x0c, 0xef, 0x16, 0xec, 0x11, 0xef, 0x20, 0xac, 0xef, 0x40, 0xe0, 0x0e, 0xef,
    0x03, 0xe0, 0x0d, 0xeb, 0x34, 0xef, 0x46, 0xeb, 0x0e, 0xef, 0x80, 0x2f, 0x0c, 0xef, 0x01, 0x0c,
    0xef, 0x2e, 0xec, 0x00, 0xef, 0x67, 0x0c, 0xef, 0x80, 0x70, 0x12, 0x13, 0x12, 0x13, 0x12, 0x13,
    0x12, 0x13, 0x12, 0x13, 0x12, 0x13, 0x12, 0x13, 0xeb, 0x16, 0xef, 0x24, 0x8c, 0x12, 0x13, 0xec,
    0x17, 0x12, 0x13, 0x12, 0x13, 0x12, 0x13, 0x12, 0x13, 0x12, 0x13, 0xec, 0x08, 0xef, 0x80, 0x78,
    0xec, 0x7b, 0x12, 0x13, 0x12, 0x13, 0x12, 0x13, 0x12, 0x13, 0x12, 0x13, 0x12, 0x13, 0x12, 0x13,
    0x12, 0x13, 0x12, 0x13, 0x12, 0x13, 0x12, 0x13, 0xec, 0x37, 0x12, 0x13, 0x12, 0x13, 0xec, 0x18,
    0x12, 0x13, 0xec, 0x80, 0x7a, 0xef, 0x28, 0xec, 0x0d, 0x2f, 0xac, 0xef, 0x1f, 0x20, 0xef, 0x80,
    0x02, 0xe1, 0x28, 0xe2, 0x28, 0x5f, 0x21, 0x22, 0xdf, 0x41, 0x02, 0x3f, 0x02, 0x3f, 0x82, 0x24,
    0x41, 0x02, 0xff, 0x5a, 0x02, 0xaf, 0x7f, 0x46, 0x3f, 0x80, 0x76, 0x0b, 0x36, 0xe2, 0x1e, 0x00,
    0x02, 0x80, 0x02, 0x20, 0xe5, 0x30, 0xc0, 0x04, 0x16, 0xe0, 0x06, 0x06, 0xe5, 0x0f, 0xe0, 0x01,
    0xc5, 0x00, 0xc5, 0x00, 0xc5, 0x00, 0xc5, 0x00, 0xc5, 0x00, 0xc5, 0x00, 0xc5, 0x00, 0xc5, 0x00,
    0xe6, 0x18, 0x36, 0x14, 0x15, 0x14, 0x15, 0x56, 0x14, 0x15, 0x16, 0x14, 0x15, 0xf6, 0x01, 0x11,
    0x36, 0x11, 0x16, 0x14, 0x15, 0x36, 0x14, 0x15, 0x12, 0x13, 0x12, 0x13, 0x12, 0x13, 0x12, 0x13,
    0x96, 0x04, 0xf6, 0x02, 0x31, 0x76, 0x11, 0x16, 0x12, 0xf6, 0x05, 0x2f, 0x56, 0x12, 0x13, 0x12,
    0x13, 0x12, 0x13, 0x12, 0x13, 0x11, 0xe0, 0x1a, 0xef, 0x12, 0x00, 0xef, 0x51, 0xe0, 0x04, 0xef,
    0x80, 0x4e, 0xe0, 0x12, 0xef, 0x08, 0x17, 0x56, 0x0f, 0x04, 0x05, 0x0a, 0x12, 0x13, 0x12, 0x13,
    0x12, 0x13, 0x12, 0x13, 0x12, 0x13, 0x2f, 0x12, 0x13, 0x12, 0x13, 0x12, 0x13, 0x12, 0x13, 0x11,
    0x12, 0x33, 0x0f, 0xea, 0x01, 0x66, 0x27, 0x11, 0x84, 0x2f, 0x4a, 0x04, 0x05, 0x16, 0x2f, 0x00,
    0xe5, 0x4e, 0x20, 0x26, 0x2e, 0x24, 0x05, 0x11, 0xe5, 0x52, 0x16, 0x44, 0x05, 0x80, 0xe5, 0x23,
    0x00, 0xe5, 0x56, 0x00, 0x2f, 0x6b, 0xef, 0x02, 0xe5, 0x18, 0xef, 0x1e, 0xe0, 0x01, 0x0f, 0xe5,
    0x08, 0xef, 0x17, 0x00, 0xeb, 0x02, 0xef, 0x16, 0xeb, 0x00, 0x0f, 0xeb, 0x07, 0xef, 0x18, 0xeb,
    0x02, 0xef, 0x1f, 0xeb, 0x07, 0xef, 0x80, 0xb8, 0xe5, 0x99, 0x38, 0xef, 0x38, 0xe5, 0xc0, 0x11,
    0x8d, 0x04, 0xe5, 0x83, 0xef, 0x40, 0xef, 0x2f, 0xe0, 0x01, 0xe5, 0x20, 0xa4, 0x36, 0xe5, 0x80,
    0x84, 0x04, 0x56, 0xe5, 0x08, 0xe9, 0x02, 0x25, 0xe0, 0x0c, 0xff, 0x26, 0x05, 0x06, 0x48, 0x16,
    0xe6, 0x02, 0x16, 0x04, 0xff, 0x14, 0x24, 0x26, 0xe5, 0x3e, 0xea, 0x02, 0x26, 0xb6, 0xe0, 0x00,
    0xee, 0x0f, 0xe4, 0x01, 0x2e, 0xff, 0x06, 0x22, 0xff, 0x36, 0x04, 0xe2, 0x00, 0x9f, 0xff, 0x02,
    0x04, 0x2e, 0x7f, 0x05, 0x7f, 0x22, 0xff, 0x0d, 0x61, 0x02, 0x81, 0x02, 0xff, 0x07, 0x41, 0x02,
    0x5f, 0xff, 0x09, 0xe0, 0x0c, 0x64, 0x3f, 0x05, 0x24, 0x02, 0xc5, 0x06, 0x45, 0x06, 0x65, 0x06,
    0xe5, 0x0f, 0x27, 0x26, 0x07, 0x6f, 0x06, 0x40, 0xab, 0x2f, 0x0d, 0x0f, 0xa0, 0xe5, 0x2c, 0x76,
    0xe0, 0x00, 0x27, 0xe5, 0x2a, 0xe7, 0x08, 0x26, 0xe0, 0x00, 0x36, 0xe9, 0x02, 0xa0, 0xe6, 0x0a,
    0xa5, 0x56, 0x05, 0x16, 0x25, 0x06, 0xe9, 0x02, 0xe5, 0x14, 0xe6, 0x00, 0x36, 0xe5, 0x0f, 0xe6,
    0x03, 0x27, 0xe0, 0x03, 0x16, 0xe5, 0x15, 0x40, 0x46, 0x07, 0xe5, 0x27, 0x06, 0x27, 0x66, 0x27,
    0x26, 0x47, 0xf6, 0x05, 0x00, 0x04, 0xe9, 0x02, 0x60, 0x36, 0x85, 0x06, 0x04, 0xe5, 0x01, 0xe9,
    0x02, 0x85, 0x00, 0xe5, 0x21, 0xa6, 0x27, 0x26, 0x27, 0x26, 0xe0, 0x01, 0x45, 0x06, 0xe5, 0x00,
    0x06, 0x07, 0x20, 0xe9, 0x02, 0x20, 0x76, 0xe5, 0x08, 0x04, 0xa5, 0x4f, 0x05, 0x07, 0x06, 0x07,
    0xe5, 0x2a, 0x06, 0x05, 0x46, 0x25, 0x26, 0x85, 0x26, 0x05, 0x06, 0x05, 0xe0, 0x10, 0x25, 0x04,
    0x36, 0xe5, 0x03, 0x07, 0x26, 0x27, 0x36, 0x05, 0x24, 0x07, 0x06, 0xe0, 0x02, 0xa5, 0x20, 0xa5,
    0x20, 0xa5, 0xe0, 0x01, 0xc5, 0x00, 0xc5, 0x00, 0xe2, 0x23, 0x0e, 0x64, 0xe2, 0x01, 0x04, 0x2e,
    0x60, 0xe2, 0x48, 0xe5, 0x1b, 0x27, 0x06, 0x27, 0x06, 0x27, 0x16, 0x07, 0x06, 0x20, 0xe9, 0x02,
    0xa0, 0xe5, 0xab, 0x1c, 0xe0, 0x04, 0xe5, 0x0f, 0x60, 0xe5, 0x29, 0x60, 0xfc, 0x87, 0x78, 0xfd,
    0x98, 0x78, 0xe5, 0x80, 0xe6, 0x20, 0xe5, 0x62, 0xe0, 0x1e, 0xc2, 0xe0, 0x04, 0x82, 0x80, 0x05,
    0x06, 0xe5, 0x02, 0x0c, 0xe5, 0x05, 0x00, 0x85, 0x00, 0x05, 0x00, 0x25, 0x00, 0x25, 0x00, 0xe5,
    0x64, 0xee, 0x09, 0xef, 0x08, 0xe5, 0x80, 0xe3, 0x13, 0x12, 0xef, 0x08, 0xe5, 0x38, 0x2f, 0xe5,
    0x2e, 0xef, 0x00, 0xe0, 0x18, 0xe5, 0x04, 0x0d, 0x4f, 0xe6, 0x08, 0xd6, 0x12, 0x13, 0x16, 0xa0,
    0xe6, 0x08, 0x16, 0x31, 0x30, 0x12, 0x13, 0x12, 0x13, 0x12, 0x13, 0x12, 0x13, 0x12, 0x13, 0x12,
    0x13, 0x12, 0x13, 0x12, 0x13, 0x36, 0x12, 0x13, 0x76, 0x50, 0x56, 0x00, 0x76, 0x11, 0x12, 0x13,
    0x12, 0x13, 0x12, 0x13, 0x56, 0x0c, 0x11, 0x4c, 0x00, 0x16, 0x0d, 0x36, 0x60, 0x85, 0x00, 0xe5,
    0x7f, 0x20, 0x1b, 0x00, 0x56, 0x0d, 0x56, 0x12, 0x13, 0x16, 0x0c, 0x16, 0x11, 0x36, 0xe9, 0x02,
    0x36, 0x4c, 0x36, 0xe1, 0x12, 0x12, 0x16, 0x13, 0x0e, 0x10, 0x0e, 0xe2, 0x12, 0x12, 0x0c, 0x13,
    0x0c, 0x12, 0x13, 0x16, 0x12, 0x13, 0x36, 0xe5, 0x02, 0x04, 0xe5, 0x25, 0x24, 0xe5, 0x17, 0x40,
    0xa5, 0x20, 0xa5, 0x20, 0xa5, 0x20, 0x45, 0x40, 0x2d, 0x0c, 0x0e, 0x0f, 0x2d, 0x00, 0x0f, 0x6c,
    0x2f, 0xe0, 0x02, 0x5b, 0x2f, 0x20, 0xe5, 0x04, 0x00, 0xe5, 0x12, 0x00, 0xe5, 0x0b, 0x00, 0x25,
    0x00, 0xe5, 0x07, 0x20, 0xe5, 0x06, 0xe0, 0x1a, 0xe5, 0x73, 0x80, 0x56, 0x60, 0xeb, 0x25, 0x40,
    0xef, 0x01, 0xea, 0x2d, 0x6b, 0xef, 0x09, 0x2b, 0x4f, 0x00, 0xef, 0x05, 0x40, 0x0f, 0xe0, 0x27,
    0xef, 0x25, 0x06, 0xe0, 0x7a, 0xe5, 0x15, 0x40, 0xe5, 0x29, 0xe0, 0x07, 0x06, 0xeb, 0x13, 0x60,
    0xe5, 0x18, 0x6b, 0xe0, 0x01, 0xe5, 0x0c, 0x0a, 0xe5, 0x00, 0x0a, 0x80, 0xe5, 0x1e, 0x86, 0x80,
    0xe5, 0x16, 0x00, 0x16, 0xe5, 0x1c, 0x60, 0xe5, 0x00, 0x16, 0x8a, 0xe0, 0x22, 0xe1, 0x20, 0xe2,
    0x20, 0xe5, 0x46, 0x20, 0xe9, 0x02, 0xa0, 0xe1, 0x1c, 0x60, 0xe2, 0x1c, 0x60, 0xe5, 0x20, 0xe0,
    0x00, 0xe5, 0x2c, 0xe0, 0x03, 0x16, 0xe1, 0x03, 0x00, 0xe1, 0x07, 0x00, 0xc1, 0x00, 0x21, 0x00,
    0xe2, 0x03, 0x00, 0xe2, 0x07, 0x00, 0xc2, 0x00, 0x22, 0x40, 0xe5, 0x2c, 0xe0, 0x04, 0xe5, 0x80,
    0xaf, 0xe0, 0x01, 0xe5, 0x0e, 0xe0, 0x02, 0xe5, 0x00, 0xe0, 0x10, 0xa4, 0x00, 0xe4, 0x22, 0x00,
    0xe4, 0x01, 0xe0, 0x3d, 0xa5, 0x20, 0x05, 0x00, 0xe5, 0x24, 0x00, 0x25, 0x40, 0x05, 0x20, 0xe5,
    0x0f, 0x00, 0x16, 0xeb, 0x00, 0xe5, 0x0f, 0x2f, 0xcb, 0xe5, 0x17, 0xe0, 0x00, 0xeb, 0x01, 0xe0,
    0x28, 0xe5, 0x0b, 0x00, 0x25, 0x80, 0x8b, 0xe5, 0x0e, 0xab, 0x40, 0x16, 0xe5, 0x12, 0x80, 0x16,
    0xe5, 0x12, 0xe0, 0x1e, 0xe5, 0x30, 0x60, 0x2b, 0x25, 0xeb, 0x08, 0x20, 0xeb, 0x26, 0x05, 0x46,
    0x00, 0x26, 0x80, 0x66, 0x65, 0x00, 0x45, 0x00, 0xe5, 0x15, 0x20, 0x46, 0x60, 0x06, 0xeb, 0x01,
    0xc0, 0xf6, 0x01, 0xc0, 0xe5, 0x15, 0x2b, 0x16, 0xe5, 0x15, 0x4b, 0xe0, 0x18, 0xe5, 0x00, 0x0f,
    0xe5, 0x14, 0x26, 0x60, 0x8b, 0xd6, 0xe0, 0x01, 0xe5, 0x2e, 0x40, 0xd6, 0xe5, 0x0e, 0x20, 0xeb,
    0x00, 0xe5, 0x0b, 0x80, 0xeb, 0x00, 0xe5, 0x0a, 0xc0, 0x76, 0xe0, 0x04, 0xcb, 0xe0, 0x48, 0xe5,
    0x41, 0xe0, 0x2f, 0xe1, 0x2b, 0xe0, 0x05, 0xe2, 0x2b, 0xc0, 0xab, 0xe5, 0x1c, 0x66, 0xe0, 0x00,
    0xe9, 0x02, 0xa0, 0xe9, 0x02, 0x65, 0x04, 0x05, 0xe1, 0x0e, 0x40, 0x86, 0x11, 0x04, 0xe2, 0x0e,
    0xe0, 0x00, 0x2c, 0xe0, 0x80, 0x48, 0xeb, 0x17, 0x00, 0xe5, 0x22, 0x00, 0x26, 0x11, 0x20, 0x25,
    0xe0, 0x08, 0x45, 0x04, 0x25, 0xe0, 0x00, 0x16, 0xef, 0x00, 0xe0, 0x19, 0xa6, 0xe5, 0x15, 0xeb,
    0x02, 0x05, 0xe0, 0x00, 0xe5, 0x0e, 0xe6, 0x03, 0x6b, 0x96, 0xe0, 0x0e, 0xe5, 0x0a, 0x66, 0x76,
    0xe0, 0x1e, 0xe5, 0x0d, 0xcb, 0xe0, 0x0c, 0xe5, 0x0f, 0xe0, 0x01, 0x07, 0x06, 0x07, 0xe5, 0x2d,
    0xe6, 0x07, 0xd6, 0x60, 0xeb, 0x0c, 0xe9, 0x02, 0x06, 0x25, 0x26, 0x05, 0xe0, 0x01, 0x46, 0x07,
    0xe5, 0x25, 0x47, 0x66, 0x27, 0x26, 0x36, 0x1b, 0x76, 0x06, 0xe0, 0x02, 0x1b, 0x20, 0xe5, 0x11,
    0xc0, 0xe9, 0x02, 0xa0, 0x46, 0xe5, 0x1c, 0x86, 0x07, 0xe6, 0x00, 0x00, 0xe9, 0x02, 0x76, 0x05,
    0x27, 0x05, 0xe0, 0x00, 0xe5, 0x1b, 0x06, 0x36, 0x05, 0xe0, 0x01, 0x26, 0x07, 0xe5, 0x28, 0x47,
    0xe6, 0x01, 0x27, 0x65, 0x76, 0x66, 0x16, 0x07, 0x06, 0xe9, 0x02, 0x05, 0x16, 0x05, 0x56, 0x00,
    0xeb, 0x0c, 0xe0, 0x03, 0xe5, 0x0a, 0x00, 0xe5, 0x11, 0x47, 0x46, 0x27, 0x06, 0x07, 0x26, 0xb6,
    0x06, 0x25, 0x06, 0xe0, 0x36, 0xc5, 0x00, 0x05, 0x00, 0x65, 0x00, 0xe5, 0x07, 0x00, 0xe5, 0x02,
    0x16, 0xa0, 0xe5, 0x27, 0x06, 0x47, 0xe6, 0x00, 0x80, 0xe9, 0x02, 0xa0, 0x26, 0x27, 0x00, 0xe5,
    0x00, 0x20, 0x25, 0x20, 0xe5, 0x0e, 0x00, 0xc5, 0x00, 0x25, 0x00, 0x85, 0x00, 0x26, 0x05, 0x27,
    0x06, 0x67, 0x20, 0x27, 0x20, 0x47, 0x20, 0x05, 0xa0, 0x07, 0x80, 0x85, 0x27, 0x20, 0xc6, 0x40,
    0x86, 0xe0, 0x03, 0xe5, 0x02, 0x00, 0x05, 0x20, 0x05, 0x00, 0xe5, 0x1e, 0x00, 0x05, 0x47, 0xa6,
    0x00, 0x07, 0x20, 0x07, 0x00, 0x67, 0x00, 0x27, 0x06, 0x07, 0x06, 0x05, 0x06, 0x05, 0x36, 0x00,
    0x36, 0xe0, 0x00, 0x26, 0xe0, 0x15, 0xe5, 0x2d, 0x47, 0xe6, 0x00, 0x27, 0x46, 0x07, 0x06, 0x65,
    0x96, 0xe9, 0x02, 0x36, 0x00, 0x16, 0x06, 0x45, 0xe0, 0x16, 0xe5, 0x28, 0x47, 0xa6, 0x07, 0x06,
    0x67, 0x26, 0x07, 0x26, 0x25, 0x16, 0x05, 0xe0, 0x00, 0xe9, 0x02, 0xe0, 0x80, 0x1e, 0xe5, 0x27,
    0x47, 0x66, 0x20, 0x67, 0x26, 0x07, 0x26, 0xf6, 0x0f, 0x65, 0x26, 0xe0, 0x1a, 0xe5, 0x28, 0x47,
    0xe6, 0x00, 0x27, 0x06, 0x07, 0x26, 0x56, 0x05, 0xe0, 0x03, 0xe9, 0x02, 0xa0, 0xf6, 0x05, 0xe0,
    0x0b, 0xe5, 0x23, 0x06, 0x07, 0x06, 0x27, 0xa6, 0x07, 0x06, 0x05, 0x16, 0xa0, 0xe9, 0x02, 0xa0,
    0xe9, 0x0c, 0xe0, 0x14, 0xe5, 0x13, 0x20, 0x06, 0x07, 0x06, 0x27, 0x66, 0x07, 0x86, 0x60, 0xe9,
    0x02, 0x2b, 0x56, 0x0f, 0xc5, 0xe0, 0x80, 0x31, 0xe5, 0x24, 0x47, 0xe6, 0x01, 0x07, 0x26, 0x16,
    0xe0, 0x5c, 0xe1, 0x18, 0xe2, 0x18, 0xe9, 0x02, 0xeb, 0x01, 0xe0, 0x04, 0xe5, 0x00, 0x20, 0x05,
    0x20, 0xe5, 0x00, 0x00, 0x25, 0x00, 0xe5, 0x10, 0xa7, 0x00, 0x27, 0x20, 0x26, 0x07, 0x06, 0x05,
    0x07, 0x05, 0x07, 0x06, 0x56, 0xe0, 0x01, 0xe9, 0x02, 0xe0, 0x3e, 0xe5, 0x00, 0x20, 0xe5, 0x1f,
    0x47, 0x66, 0x20, 0x26, 0x67, 0x06, 0x05, 0x16, 0x05, 0x07, 0xe0, 0x13, 0x05, 0xe6, 0x02, 0xe5,
    0x20, 0xa6, 0x07, 0x05, 0x66, 0xf6, 0x00, 0x06, 0xe0, 0x00, 0x05, 0xa6, 0x27, 0x46, 0xe5, 0x26,
    0xe6, 0x05, 0x07, 0x26, 0x56, 0x05, 0x96, 0xe0, 0x05, 0xe5, 0x41, 0xc0, 0xf6, 0x02, 0xe0, 0x4e,
    0x06, 0x07, 0x46, 0x07, 0x06, 0x07, 0xe0, 0x50, 0xe5, 0x19, 0x16, 0xe0, 0x06, 0xe9, 0x02, 0xa0,
    0xe5, 0x01, 0x00, 0xe5, 0x1d, 0x07, 0xc6, 0x00, 0xa6, 0x07, 0x06, 0x05, 0x96, 0xe0, 0x02, 0xe9,
    0x02, 0xeb, 0x0b, 0x40, 0x36, 0xe5, 0x16, 0x20, 0xe6, 0x0e, 0x00, 0x07, 0xc6, 0x07, 0x26, 0x07,
    0x26, 0xe0, 0x41, 0xc5, 0x00, 0x25, 0x00, 0xe5, 0x1e, 0xa6, 0x40, 0x06, 0x00, 0x26, 0x00, 0xc6,
    0x05, 0x06, 0xe0, 0x00, 0xe9, 0x02, 0xa0, 0xa5, 0x00, 0x25, 0x00, 0xe5, 0x18, 0x87, 0x00, 0x26,
    0x00, 0x27, 0x06, 0x07, 0x06, 0x05, 0xc0, 0xe9, 0x02, 0xa0, 0xe5, 0x21, 0x04, 0x25, 0x60, 0xe9,
    0x02, 0xe0, 0x80, 0x6e, 0xe5, 0x0b, 0x26, 0x27, 0x36, 0xc0, 0x26, 0x05, 0x07, 0xe5, 0x05, 0x00,
    0xe5, 0x1a, 0x27, 0x86, 0x40, 0x27, 0x06, 0x07, 0x06, 0xf6, 0x05, 0xe9, 0x02, 0x06, 0xe0, 0x4d,
    0x05, 0xe0, 0x07, 0xeb, 0x0d, 0xef, 0x00, 0x6d, 0xef, 0x09, 0xe0, 0x05, 0x16, 0xe5, 0x83, 0x12,
    0xe0, 0x5e, 0xea, 0x67, 0x00, 0x96, 0xe0, 0x03, 0xe5, 0x80, 0x3c, 0xe0, 0x89, 0xc4, 0xe5, 0x59,
    0x36, 0xe0, 0x05, 0xe5, 0x83, 0xa8, 0xfb, 0x08, 0x06, 0xa5, 0xe6, 0x07, 0xe0, 0x02, 0xe5, 0x8f,
    0x13, 0x80, 0xe5, 0x81, 0xbf, 0xe0, 0x9a, 0x31, 0xe5, 0x16, 0xe6, 0x04, 0x47, 0x46, 0xe9, 0x02,
    0xe0, 0x86, 0x3e, 0xe5, 0x81, 0xb1, 0xc0, 0xe5, 0x17, 0x00, 0xe9, 0x02, 0x60, 0x36, 0xe5, 0x47,
    0x00, 0xe9, 0x02, 0xa0, 0xe5, 0x16, 0x20, 0x86, 0x16, 0xe0, 0x02, 0xe5, 0x28, 0xc6, 0x96, 0x6f,
    0x64, 0x16, 0x0f, 0xe0, 0x02, 0xe9, 0x02, 0x00, 0xcb, 0x00, 0xe5, 0x0d, 0x80, 0xe5, 0x0b, 0xe0,
    0x81, 0x28, 0x44, 0xe5, 0x20, 0x24, 0x56, 0xe9, 0x02, 0xe0, 0x80, 0x3e, 0xe1, 0x18, 0xe2, 0x18,
    0xeb, 0x0f, 0x76, 0x80, 0xe1, 0x11, 0x20, 0xe2, 0x11, 0xe0, 0x24, 0xe5, 0x43, 0x60, 0x06, 0x05,
    0xe7, 0x2f, 0xc0, 0x66, 0xe4, 0x05, 0xe0, 0x38, 0x24, 0x16, 0x04, 0x06, 0xe0, 0x03, 0x27, 0x24,
    0x4a, 0xe0, 0x01, 0xe5, 0x9c, 0x4e, 0xe0, 0x21, 0xe5, 0x18, 0xe0, 0x59, 0xe5, 0x6b, 0xe0, 0xa1,
    0x75, 0x64, 0x00, 0xc4, 0x00, 0x24, 0x00, 0xe5, 0x80, 0x9b, 0xe0, 0x07, 0x05, 0xe0, 0x15, 0x45,
    0x20, 0x05, 0xe0, 0x06, 0x65, 0xe0, 0x00, 0xe5, 0x81, 0x04, 0xe0, 0x88, 0x7c, 0xe5, 0x63, 0x80,
    0xe5, 0x05, 0x40, 0xe5, 0x01, 0xc0, 0xe5, 0x02, 0x20, 0x0f, 0x26, 0x16, 0x7b, 0xe0, 0x8e, 0xd4,
    0xef, 0x80, 0x68, 0xe9, 0x02, 0x4f, 0x40, 0xef, 0x81, 0x2c, 0xa0, 0xef, 0x0f, 0xe0, 0x07, 0xef,
    0x08, 0x0c, 0xe0, 0x07, 0xe6, 0x26, 0x20, 0xe6, 0x0f, 0xe0, 0x01, 0xef, 0x6c, 0xe0, 0x34, 0xef,
    0x80, 0x6e, 0xe0, 0x02, 0xef, 0x1f, 0x20, 0xef, 0x34, 0x27, 0x46, 0x4f, 0xa7, 0xfb, 0x00, 0xe6,
    0x00, 0x2f, 0xc6, 0xef, 0x16, 0x66, 0xef, 0x35, 0xe0, 0x0d, 0xef, 0x3a, 0x46, 0x0f, 0xe0, 0x72,
    0xeb, 0x0c, 0xe0, 0x04, 0xeb, 0x0c, 0xe0, 0x04, 0xef, 0x4f, 0xe0, 0x01, 0xeb, 0x11, 0xe0, 0x7f,
    0xe1, 0x12, 0xe2, 0x12, 0xe1, 0x12, 0xc2, 0x00, 0xe2, 0x0a, 0xe1, 0x12, 0xe2, 0x12, 0x01, 0x00,
    0x21, 0x20, 0x01, 0x20, 0x21, 0x20, 0x61, 0x00, 0xe1, 0x00, 0x62, 0x00, 0x02, 0x00, 0xc2, 0x00,
    0xe2, 0x03, 0xe1, 0x12, 0xe2, 0x12, 0x21, 0x00, 0x61, 0x20, 0xe1, 0x00, 0x00, 0xc1, 0x00, 0xe2,
    0x12, 0x21, 0x00, 0x61, 0x00, 0x81, 0x00, 0x01, 0x40, 0xc1, 0x00, 0xe2, 0x12, 0xe1, 0x12, 0xe2,
    0x12, 0xe1, 0x12, 0xe2, 0x12, 0xe1, 0x12, 0xe2, 0x12, 0xe1, 0x12, 0xe2, 0x12, 0xe1, 0x12, 0xe2,
    0x12, 0xe1, 0x12, 0xe2, 0x14, 0x20, 0xe1, 0x11, 0x0c, 0xe2, 0x11, 0x0c, 0xa2, 0xe1, 0x11, 0x0c,
    0xe2, 0x11, 0x0c, 0xa2, 0xe1, 0x11, 0x0c, 0xe2, 0x11, 0x0c, 0xa2, 0xe1, 0x11, 0x0c, 0xe2, 0x11,
    0x0c, 0xa2, 0xe1, 0x11, 0x0c, 0xe2, 0x11, 0x0c, 0xa2, 0x3f, 0x20, 0xe9, 0x2a, 0xef, 0x81, 0x78,
    0xe6, 0x2f, 0x6f, 0xe6, 0x2a, 0xef, 0x00, 0x06, 0xef, 0x06, 0x06, 0x2f, 0x96, 0xe0, 0x07, 0x86,
    0x00, 0xe6, 0x07, 0xe0, 0x83, 0xc8, 0xe2, 0x02, 0x05, 0xe2, 0x0c, 0xa0, 0xa2, 0xe0, 0x80, 0x4d,
    0xc6, 0x00, 0xe6, 0x09, 0x20, 0xc6, 0x00, 0x26, 0x00, 0x86, 0x80, 0xe4, 0x36, 0xe0, 0x19, 0x06,
    0xe0, 0x68, 0xe5, 0x25, 0x40, 0xc6, 0xc4, 0x20, 0xe9, 0x02, 0x60, 0x05, 0x0f, 0xe0, 0x80, 0xb8,
    0xe5, 0x16, 0x06, 0xe0, 0x09, 0xe5, 0x24, 0x66, 0xe9, 0x02, 0x80, 0x0d, 0xe0, 0x81, 0x48, 0xe5,
    0x13, 0x04, 0x66, 0xe9, 0x02, 0xe0, 0x80, 0x4e, 0xe5, 0x16, 0x26, 0x05, 0xe9, 0x02, 0x60, 0x16,
    0xe0, 0x80, 0x38, 0xe5, 0x17, 0x00, 0x45, 0x06, 0x25, 0x06, 0xc5, 0x26, 0x85, 0x06, 0xe0, 0x00,
    0x05, 0x04, 0xe0, 0x80, 0x58, 0xc5, 0x00, 0x65, 0x00, 0x25, 0x00, 0xe5, 0x07, 0x00, 0xe5, 0x80,
    0x3d, 0x20, 0xeb, 0x01, 0xc6, 0xe0, 0x21, 0xe1, 0x1a, 0xe2, 0x1a, 0xc6, 0x04, 0x60, 0xe9, 0x02,
    0x60, 0x36, 0xe0, 0x82, 0x89, 0xeb, 0x33, 0x0f, 0x4b, 0x0d, 0x6b, 0xe0, 0x44, 0xeb, 0x25, 0x0f,
    0xeb, 0x07, 0xe0, 0x80, 0x3a, 0x65, 0x00, 0xe5, 0x13, 0x00, 0x25, 0x00, 0x05, 0x20, 0x05, 0x00,
    0xe5, 0x02, 0x00, 0x65, 0x00, 0x05, 0x00, 0x05, 0xa0, 0x05, 0x60, 0x05, 0x00, 0x05, 0x00, 0x05,
    0x00, 0x45, 0x00, 0x25, 0x00, 0x05, 0x20, 0x05, 0x00, 0x05, 0x00, 0x05, 0x00, 0x05, 0x00, 0x05,
    0x00, 0x25, 0x00, 0x05, 0x20, 0x65, 0x00, 0xc5, 0x00, 0x65, 0x00, 0x65, 0x00, 0x05, 0x00, 0xe5,
    0x02, 0x00, 0xe5, 0x09, 0x80, 0x45, 0x00, 0x85, 0x00, 0xe5, 0x09, 0xe0, 0x2c, 0x2c, 0xe0, 0x80,
    0x86, 0xef, 0x24, 0x60, 0xef, 0x5c, 0xe0, 0x04, 0xef, 0x07, 0x20, 0xef, 0x07, 0x00, 0xef, 0x07,
    0x00, 0xef, 0x1d, 0xe0, 0x02, 0xeb, 0x05, 0xef, 0x80, 0x19, 0xe0, 0x30, 0xef, 0x15, 0xe0, 0x05,
    0xef, 0x24, 0x60, 0xef, 0x01, 0xc0, 0x2f, 0xe0, 0x06, 0xaf, 0xe0, 0x80, 0x12, 0xef, 0x80, 0x73,
    0x8e, 0xef, 0x82, 0x51, 0x40, 0xef, 0x09, 0x40, 0xef, 0x05, 0x40, 0xef, 0x80, 0x52, 0xa0, 0xef,
    0x04, 0x60, 0x0f, 0xe0, 0x07, 0xef, 0x04, 0x60, 0xef, 0x30, 0xe0, 0x00, 0xef, 0x02, 0xa0, 0xef,
    0x20, 0xe0, 0x00, 0xef, 0x16, 0x20, 0xef, 0x04, 0x60, 0x2f, 0xe0, 0x06, 0xec, 0x01, 0xe0, 0x1f,
    0xef, 0x80, 0xd0, 0xe0, 0x00, 0xef, 0x06, 0x20, 0xef, 0x05, 0x40, 0xef, 0x03, 0x40, 0xef, 0x31,
    0x00, 0x0f, 0x60, 0xef, 0x08, 0x20, 0xef, 0x04, 0x60, 0xef, 0x02, 0xc0, 0xef, 0x80, 0x0b, 0x00,
    0xef, 0x54, 0xe9, 0x02, 0x0f, 0xe0, 0x83, 0x7d, 0xe5, 0xc0, 0x66, 0x58, 0xe0, 0x18, 0xe5, 0x90,
    0x96, 0x20, 0xe5, 0x96, 0x06, 0x20, 0xe5, 0x9c, 0xa9, 0xe0, 0x07, 0xe5, 0x81, 0xe6, 0xe0, 0x89,
    0x1a, 0xe5, 0x81, 0x96, 0xe0, 0x85, 0x5a, 0xe5, 0x92, 0xc3, 0x80, 0xe5, 0xa0, 0xa2, 0xe0, 0xca,
    0x8a, 0xff, 0x1b, 0xe0, 0x16, 0xfb, 0x58, 0xe0, 0x78, 0xe6, 0x80, 0x68, 0xe0, 0xc0, 0xbd, 0x88,
    0xfd, 0xc0, 0xbf, 0x76, 0x20, 0xfd, 0xc0, 0xbf, 0x76, 0x20,
];
// c: libunicode-table.h:3334
pub static unicode_script_table: [u8; 2818] = [
    0xc0, 0x1a, 0x99, 0x4c, 0x85, 0x1a, 0x99, 0x4c, 0xae, 0x1a, 0x80, 0x4c, 0x8e, 0x1a, 0x80, 0x4c,
    0x84, 0x1a, 0x96, 0x4c, 0x80, 0x1a, 0x9e, 0x4c, 0x80, 0x1a, 0xe1, 0x60, 0x4c, 0xa6, 0x1a, 0x84,
    0x4c, 0x84, 0x1a, 0x81, 0x0e, 0x93, 0x1a, 0xe0, 0x0f, 0x3b, 0x83, 0x2e, 0x80, 0x1a, 0x82, 0x2e,
    0x01, 0x83, 0x2e, 0x80, 0x1a, 0x80, 0x2e, 0x03, 0x80, 0x2e, 0x80, 0x1a, 0x80, 0x2e, 0x80, 0x1a,
    0x82, 0x2e, 0x00, 0x80, 0x2e, 0x00, 0x93, 0x2e, 0x00, 0xbe, 0x2e, 0x8d, 0x1b, 0x8f, 0x2e, 0xe0,
    0x24, 0x1e, 0x81, 0x3b, 0xe0, 0x48, 0x1e, 0x00, 0xa5, 0x05, 0x01, 0xb1, 0x05, 0x01, 0x82, 0x05,
    0x00, 0xb6, 0x38, 0x07, 0x9a, 0x38, 0x03, 0x85, 0x38, 0x0a, 0x84, 0x04, 0x80, 0x1a, 0x85, 0x04,
    0x80, 0x1a, 0x8d, 0x04, 0x80, 0x1a, 0x82, 0x04, 0x80, 0x1a, 0x9f, 0x04, 0x80, 0x1a, 0x89, 0x04,
    0x8a, 0x3b, 0x99, 0x04, 0x80, 0x3b, 0xe0, 0x0b, 0x04, 0x80, 0x1a, 0xa1, 0x04, 0x8d, 0x93, 0x00,
    0xbb, 0x93, 0x01, 0x82, 0x93, 0xaf, 0x04, 0xb1, 0x9e, 0x0d, 0xba, 0x6b, 0x01, 0x82, 0x6b, 0xad,
    0x85, 0x01, 0x8e, 0x85, 0x00, 0x9b, 0x57, 0x01, 0x80, 0x57, 0x00, 0x8a, 0x93, 0x04, 0xa1, 0x04,
    0x04, 0xca, 0x04, 0x80, 0x1a, 0x9c, 0x04, 0xd0, 0x21, 0x83, 0x3b, 0x8e, 0x21, 0x81, 0x1a, 0x99,
    0x21, 0x83, 0x0c, 0x00, 0x87, 0x0c, 0x01, 0x81, 0x0c, 0x01, 0x95, 0x0c, 0x00, 0x86, 0x0c, 0x00,
    0x80, 0x0c, 0x02, 0x83, 0x0c, 0x01, 0x88, 0x0c, 0x01, 0x81, 0x0c, 0x01, 0x83, 0x0c, 0x07, 0x80,
    0x0c, 0x03, 0x81, 0x0c, 0x00, 0x84, 0x0c, 0x01, 0x98, 0x0c, 0x01, 0x82, 0x31, 0x00, 0x85, 0x31,
    0x03, 0x81, 0x31, 0x01, 0x95, 0x31, 0x00, 0x86, 0x31, 0x00, 0x81, 0x31, 0x00, 0x81, 0x31, 0x00,
    0x81, 0x31, 0x01, 0x80, 0x31, 0x00, 0x84, 0x31, 0x03, 0x81, 0x31, 0x01, 0x82, 0x31, 0x02, 0x80,
    0x31, 0x06, 0x83, 0x31, 0x00, 0x80, 0x31, 0x06, 0x90, 0x31, 0x09, 0x82, 0x2f, 0x00, 0x88, 0x2f,
    0x00, 0x82, 0x2f, 0x00, 0x95, 0x2f, 0x00, 0x86, 0x2f, 0x00, 0x81, 0x2f, 0x00, 0x84, 0x2f, 0x01,
    0x89, 0x2f, 0x00, 0x82, 0x2f, 0x00, 0x82, 0x2f, 0x01, 0x80, 0x2f, 0x0e, 0x83, 0x2f, 0x01, 0x8b,
    0x2f, 0x06, 0x86, 0x2f, 0x00, 0x82, 0x7a, 0x00, 0x87, 0x7a, 0x01, 0x81, 0x7a, 0x01, 0x95, 0x7a,
    0x00, 0x86, 0x7a, 0x00, 0x81, 0x7a, 0x00, 0x84, 0x7a, 0x01, 0x88, 0x7a, 0x01, 0x81, 0x7a, 0x01,
    0x82, 0x7a, 0x06, 0x82, 0x7a, 0x03, 0x81, 0x7a, 0x00, 0x84, 0x7a, 0x01, 0x91, 0x7a, 0x09, 0x81,
    0x9b, 0x00, 0x85, 0x9b, 0x02, 0x82, 0x9b, 0x00, 0x83, 0x9b, 0x02, 0x81, 0x9b, 0x00, 0x80, 0x9b,
    0x00, 0x81, 0x9b, 0x02, 0x81, 0x9b, 0x02, 0x82, 0x9b, 0x02, 0x8b, 0x9b, 0x03, 0x84, 0x9b, 0x02,
    0x82, 0x9b, 0x00, 0x83, 0x9b, 0x01, 0x80, 0x9b, 0x05, 0x80, 0x9b, 0x0d, 0x94, 0x9b, 0x04, 0x8c,
    0x9d, 0x00, 0x82, 0x9d, 0x00, 0x96, 0x9d, 0x00, 0x8f, 0x9d, 0x01, 0x88, 0x9d, 0x00, 0x82, 0x9d,
    0x00, 0x83, 0x9d, 0x06, 0x81, 0x9d, 0x00, 0x82, 0x9d, 0x00, 0x81, 0x9d, 0x01, 0x83, 0x9d, 0x01,
    0x89, 0x9d, 0x06, 0x88, 0x9d, 0x8c, 0x40, 0x00, 0x82, 0x40, 0x00, 0x96, 0x40, 0x00, 0x89, 0x40,
    0x00, 0x84, 0x40, 0x01, 0x88, 0x40, 0x00, 0x82, 0x40, 0x00, 0x83, 0x40, 0x06, 0x81, 0x40, 0x04,
    0x82, 0x40, 0x00, 0x83, 0x40, 0x01, 0x89, 0x40, 0x00, 0x82, 0x40, 0x0b, 0x8c, 0x56, 0x00, 0x82,
    0x56, 0x00, 0xb2, 0x56, 0x00, 0x82, 0x56, 0x00, 0x85, 0x56, 0x03, 0x8f, 0x56, 0x01, 0x99, 0x56,
    0x00, 0x82, 0x8c, 0x00, 0x91, 0x8c, 0x02, 0x97, 0x8c, 0x00, 0x88, 0x8c, 0x00, 0x80, 0x8c, 0x01,
    0x86, 0x8c, 0x02, 0x80, 0x8c, 0x03, 0x85, 0x8c, 0x00, 0x80, 0x8c, 0x00, 0x87, 0x8c, 0x05, 0x89,
    0x8c, 0x01, 0x82, 0x8c, 0x0b, 0xb9, 0x9f, 0x03, 0x80, 0x1a, 0x9b, 0x9f, 0x24, 0x81, 0x4b, 0x00,
    0x80, 0x4b, 0x00, 0x84, 0x4b, 0x00, 0x97, 0x4b, 0x00, 0x80, 0x4b, 0x00, 0x96, 0x4b, 0x01, 0x84,
    0x4b, 0x00, 0x80, 0x4b, 0x00, 0x86, 0x4b, 0x00, 0x89, 0x4b, 0x01, 0x83, 0x4b, 0x1f, 0xc7, 0xa0,
    0x00, 0xa3, 0xa0, 0x03, 0xa6, 0xa0, 0x00, 0xa3, 0xa0, 0x00, 0x8e, 0xa0, 0x00, 0x86, 0xa0, 0x83,
    0x1a, 0x81, 0xa0, 0x24, 0xe0, 0x3f, 0x65, 0xa5, 0x2a, 0x00, 0x80, 0x2a, 0x04, 0x80, 0x2a, 0x01,
    0xaa, 0x2a, 0x80, 0x1a, 0x83, 0x2a, 0xe0, 0x9f, 0x34, 0xc8, 0x28, 0x00, 0x83, 0x28, 0x01, 0x86,
    0x28, 0x00, 0x80, 0x28, 0x00, 0x83, 0x28, 0x01, 0xa8, 0x28, 0x00, 0x83, 0x28, 0x01, 0xa0, 0x28,
    0x00, 0x83, 0x28, 0x01, 0x86, 0x28, 0x00, 0x80, 0x28, 0x00, 0x83, 0x28, 0x01, 0x8e, 0x28, 0x00,
    0xb8, 0x28, 0x00, 0x83, 0x28, 0x01, 0xc2, 0x28, 0x01, 0x9f, 0x28, 0x02, 0x99, 0x28, 0x05, 0xd5,
    0x18, 0x01, 0x85, 0x18, 0x01, 0xe2, 0x1f, 0x13, 0x9c, 0x6e, 0x02, 0xca, 0x84, 0x82, 0x1a, 0x8a,
    0x84, 0x06, 0x95, 0x94, 0x08, 0x80, 0x94, 0x94, 0x36, 0x81, 0x1a, 0x08, 0x93, 0x12, 0x0b, 0x8c,
    0x95, 0x00, 0x82, 0x95, 0x00, 0x81, 0x95, 0x0b, 0xdd, 0x46, 0x01, 0x89, 0x46, 0x05, 0x89, 0x46,
    0x05, 0x81, 0x62, 0x81, 0x1a, 0x80, 0x62, 0x80, 0x1a, 0x93, 0x62, 0x05, 0xd8, 0x62, 0x06, 0xaa,
    0x62, 0x04, 0xc5, 0x13, 0x09, 0x9e, 0x4e, 0x00, 0x8b, 0x4e, 0x03, 0x8b, 0x4e, 0x03, 0x80, 0x4e,
    0x02, 0x8b, 0x4e, 0x9d, 0x96, 0x01, 0x84, 0x96, 0x0a, 0xab, 0x69, 0x03, 0x99, 0x69, 0x05, 0x8a,
    0x69, 0x02, 0x81, 0x69, 0x9f, 0x46, 0x9b, 0x11, 0x01, 0x81, 0x11, 0xbe, 0x97, 0x00, 0x9c, 0x97,
    0x01, 0x8a, 0x97, 0x05, 0x89, 0x97, 0x05, 0x8d, 0x97, 0x01, 0xad, 0x3b, 0x01, 0x8b, 0x3b, 0x13,
    0xcc, 0x07, 0x00, 0xb1, 0x07, 0xbf, 0x90, 0xb3, 0x0a, 0x07, 0x83, 0x0a, 0xb7, 0x4d, 0x02, 0x8e,
    0x4d, 0x02, 0x82, 0x4d, 0xaf, 0x6f, 0x8a, 0x1e, 0x04, 0xaa, 0x2a, 0x01, 0x82, 0x2a, 0x87, 0x90,
    0x07, 0x82, 0x3b, 0x80, 0x1a, 0x8c, 0x3b, 0x80, 0x1a, 0x86, 0x3b, 0x83, 0x1a, 0x80, 0x3b, 0x85,
    0x1a, 0x80, 0x3b, 0x82, 0x1a, 0x81, 0x3b, 0x80, 0x1a, 0x04, 0xa5, 0x4c, 0x84, 0x2e, 0x80, 0x1e,
    0xb0, 0x4c, 0x84, 0x2e, 0x83, 0x4c, 0x84, 0x2e, 0x8c, 0x4c, 0x80, 0x1e, 0xc5, 0x4c, 0x80, 0x2e,
    0xbf, 0x3b, 0xe0, 0x9f, 0x4c, 0x95, 0x2e, 0x01, 0x85, 0x2e, 0x01, 0xa5, 0x2e, 0x01, 0x85, 0x2e,
    0x01, 0x87, 0x2e, 0x00, 0x80, 0x2e, 0x00, 0x80, 0x2e, 0x00, 0x80, 0x2e, 0x00, 0x9e, 0x2e, 0x01,
    0xb4, 0x2e, 0x00, 0x8e, 0x2e, 0x00, 0x8d, 0x2e, 0x01, 0x85, 0x2e, 0x00, 0x92, 0x2e, 0x01, 0x82,
    0x2e, 0x00, 0x88, 0x2e, 0x00, 0x8b, 0x1a, 0x81, 0x3b, 0xd6, 0x1a, 0x00, 0x8a, 0x1a, 0x80, 0x4c,
    0x01, 0x8a, 0x1a, 0x80, 0x4c, 0x8e, 0x1a, 0x00, 0x8c, 0x4c, 0x02, 0xa1, 0x1a, 0x0d, 0xa0, 0x3b,
    0x0e, 0xa5, 0x1a, 0x80, 0x2e, 0x82, 0x1a, 0x81, 0x4c, 0x85, 0x1a, 0x80, 0x4c, 0x9a, 0x1a, 0x80,
    0x4c, 0x90, 0x1a, 0xa8, 0x4c, 0x82, 0x1a, 0x03, 0xe2, 0x39, 0x1a, 0x15, 0x8a, 0x1a, 0x14, 0xe3,
    0x3f, 0x1a, 0xe0, 0x9f, 0x10, 0xe2, 0x13, 0x1a, 0x01, 0xe0, 0x29, 0x1a, 0xdf, 0x2b, 0x9f, 0x4c,
    0xe0, 0x13, 0x1b, 0x04, 0x86, 0x1b, 0xa5, 0x2a, 0x00, 0x80, 0x2a, 0x04, 0x80, 0x2a, 0x01, 0xb7,
    0xa1, 0x06, 0x81, 0xa1, 0x0d, 0x80, 0xa1, 0x96, 0x28, 0x08, 0x86, 0x28, 0x00, 0x86, 0x28, 0x00,
    0x86, 0x28, 0x00, 0x86, 0x28, 0x00, 0x86, 0x28, 0x00, 0x86, 0x28, 0x00, 0x86, 0x28, 0x00, 0x86,
    0x28, 0x00, 0x9f, 0x1e, 0xdd, 0x1a, 0x21, 0x99, 0x33, 0x00, 0xd8, 0x33, 0x0b, 0xe0, 0x75, 0x33,
    0x19, 0x94, 0x1a, 0x80, 0x33, 0x80, 0x1a, 0x80, 0x33, 0x98, 0x1a, 0x88, 0x33, 0x83, 0x3b, 0x81,
    0x34, 0x87, 0x1a, 0x83, 0x33, 0x83, 0x1a, 0x00, 0xd5, 0x39, 0x01, 0x81, 0x3b, 0x81, 0x1a, 0x82,
    0x39, 0x80, 0x1a, 0xd9, 0x41, 0x81, 0x1a, 0x82, 0x41, 0x04, 0xaa, 0x0e, 0x00, 0xdd, 0x34, 0x00,
    0x8f, 0x1a, 0x9f, 0x0e, 0xa5, 0x1a, 0x08, 0x80, 0x1a, 0x8f, 0x41, 0x9e, 0x34, 0x00, 0xbf, 0x1a,
    0x9e, 0x34, 0xd0, 0x1a, 0xae, 0x41, 0x80, 0x1a, 0xd7, 0x41, 0xe0, 0x47, 0x1a, 0xf0, 0x09, 0x5f,
    0x33, 0xbf, 0x1a, 0xf0, 0x41, 0x9f, 0x33, 0xe4, 0x2c, 0xae, 0x02, 0xb6, 0xae, 0x08, 0xaf, 0x51,
    0xe0, 0xcb, 0xa9, 0x13, 0xdf, 0x1e, 0xd7, 0x08, 0x07, 0xa1, 0x1a, 0xe0, 0x05, 0x4c, 0x82, 0x1a,
    0xd1, 0x4c, 0x13, 0x8e, 0x4c, 0xac, 0x92, 0x02, 0x89, 0x1a, 0x05, 0xb7, 0x80, 0x07, 0xc5, 0x86,
    0x07, 0x8b, 0x86, 0x05, 0x9f, 0x21, 0xad, 0x44, 0x80, 0x1a, 0x80, 0x44, 0xa3, 0x83, 0x0a, 0x80,
    0x83, 0x9c, 0x34, 0x02, 0xcd, 0x3e, 0x00, 0x80, 0x1a, 0x89, 0x3e, 0x03, 0x81, 0x3e, 0x9e, 0x65,
    0x00, 0xb6, 0x17, 0x08, 0x8d, 0x17, 0x01, 0x89, 0x17, 0x01, 0x83, 0x17, 0x9f, 0x65, 0xc2, 0x98,
    0x17, 0x84, 0x98, 0x96, 0x5c, 0x09, 0x85, 0x28, 0x01, 0x85, 0x28, 0x01, 0x85, 0x28, 0x08, 0x86,
    0x28, 0x00, 0x86, 0x28, 0x00, 0xaa, 0x4c, 0x80, 0x1a, 0x88, 0x4c, 0x80, 0x2e, 0x83, 0x4c, 0x81,
    0x1a, 0x03, 0xcf, 0x18, 0xad, 0x5c, 0x01, 0x89, 0x5c, 0x05, 0xf0, 0x1b, 0x43, 0x34, 0x0b, 0x96,
    0x34, 0x03, 0xb0, 0x34, 0x70, 0x10, 0xa3, 0xe1, 0x0d, 0x33, 0x01, 0xe0, 0x09, 0x33, 0x25, 0x86,
    0x4c, 0x0b, 0x84, 0x05, 0x04, 0x99, 0x38, 0x00, 0x84, 0x38, 0x00, 0x80, 0x38, 0x00, 0x81, 0x38,
    0x00, 0x81, 0x38, 0x00, 0x89, 0x38, 0xe1, 0x8d, 0x04, 0x81, 0x1a, 0xe0, 0x2f, 0x04, 0x1f, 0x8f,
    0x04, 0x8f, 0x3b, 0x89, 0x1a, 0x05, 0x8d, 0x3b, 0x81, 0x1e, 0xa2, 0x1a, 0x00, 0x92, 0x1a, 0x00,
    0x83, 0x1a, 0x03, 0x84, 0x04, 0x00, 0xe0, 0x26, 0x04, 0x01, 0x80, 0x1a, 0x00, 0x9f, 0x1a, 0x99,
    0x4c, 0x85, 0x1a, 0x99, 0x4c, 0x8a, 0x1a, 0x89, 0x41, 0x80, 0x1a, 0xac, 0x41, 0x81, 0x1a, 0x9e,
    0x34, 0x02, 0x85, 0x34, 0x01, 0x85, 0x34, 0x01, 0x85, 0x34, 0x01, 0x82, 0x34, 0x02, 0x86, 0x1a,
    0x00, 0x86, 0x1a, 0x09, 0x84, 0x1a, 0x01, 0x8b, 0x50, 0x00, 0x99, 0x50, 0x00, 0x92, 0x50, 0x00,
    0x81, 0x50, 0x00, 0x8e, 0x50, 0x01, 0x8d, 0x50, 0x21, 0xe0, 0x1a, 0x50, 0x04, 0x82, 0x1a, 0x03,
    0xac, 0x1a, 0x02, 0x88, 0x1a, 0xce, 0x2e, 0x00, 0x8c, 0x1a, 0x02, 0x80, 0x2e, 0x2e, 0xac, 0x1a,
    0x80, 0x3b, 0x60, 0x21, 0x9c, 0x52, 0x02, 0xb0, 0x14, 0x0e, 0x80, 0x3b, 0x9a, 0x1a, 0x03, 0xa3,
    0x72, 0x08, 0x82, 0x72, 0x9a, 0x2c, 0x04, 0xaa, 0x74, 0x04, 0x9d, 0xa8, 0x00, 0x80, 0xa8, 0xa3,
    0x75, 0x03, 0x8d, 0x75, 0x29, 0xcf, 0x20, 0xaf, 0x88, 0x9d, 0x7c, 0x01, 0x89, 0x7c, 0x05, 0xa3,
    0x7b, 0x03, 0xa3, 0x7b, 0x03, 0xa7, 0x26, 0x07, 0xb3, 0x15, 0x0a, 0x80, 0x15, 0x8a, 0xaa, 0x00,
    0x8e, 0xaa, 0x00, 0x86, 0xaa, 0x00, 0x81, 0xaa, 0x00, 0x8a, 0xaa, 0x00, 0x8e, 0xaa, 0x00, 0x86,
    0xaa, 0x00, 0x81, 0xaa, 0x02, 0xb3, 0xa4, 0x0b, 0xe0, 0xd6, 0x4f, 0x08, 0x95, 0x4f, 0x09, 0x87,
    0x4f, 0x17, 0x85, 0x4c, 0x00, 0xa9, 0x4c, 0x00, 0x88, 0x4c, 0x44, 0x85, 0x1d, 0x01, 0x80, 0x1d,
    0x00, 0xab, 0x1d, 0x00, 0x81, 0x1d, 0x02, 0x80, 0x1d, 0x01, 0x80, 0x1d, 0x95, 0x3a, 0x00, 0x88,
    0x3a, 0x9f, 0x7e, 0x9e, 0x66, 0x07, 0x88, 0x66, 0x2f, 0x92, 0x37, 0x00, 0x81, 0x37, 0x04, 0x84,
    0x37, 0x9b, 0x81, 0x02, 0x80, 0x81, 0x99, 0x53, 0x04, 0x80, 0x53, 0x99, 0x8a, 0x25, 0x9f, 0x5f,
    0x97, 0x5e, 0x03, 0x93, 0x5e, 0x01, 0xad, 0x5e, 0x83, 0x45, 0x00, 0x81, 0x45, 0x04, 0x87, 0x45,
    0x00, 0x82, 0x45, 0x00, 0x9c, 0x45, 0x01, 0x82, 0x45, 0x03, 0x89, 0x45, 0x06, 0x88, 0x45, 0x06,
    0x9f, 0x77, 0x9f, 0x73, 0x1f, 0xa6, 0x58, 0x03, 0x8b, 0x58, 0x08, 0xb5, 0x06, 0x02, 0x86, 0x06,
    0x95, 0x3d, 0x01, 0x87, 0x3d, 0x92, 0x3c, 0x04, 0x87, 0x3c, 0x91, 0x82, 0x06, 0x83, 0x82, 0x0b,
    0x86, 0x82, 0x4f, 0xc8, 0x78, 0x36, 0xb2, 0x71, 0x0c, 0xb2, 0x71, 0x06, 0x85, 0x71, 0xa7, 0x35,
    0x07, 0x89, 0x35, 0x05, 0xa5, 0x29, 0x02, 0x9c, 0x29, 0x07, 0x81, 0x29, 0x60, 0x6f, 0x9e, 0x04,
    0x00, 0xa9, 0xad, 0x00, 0x82, 0xad, 0x01, 0x81, 0xad, 0x0f, 0x85, 0x04, 0x07, 0x88, 0x04, 0x20,
    0x85, 0x04, 0xa7, 0x76, 0x07, 0xa9, 0x8d, 0x15, 0x99, 0x79, 0x25, 0x9b, 0x19, 0x13, 0x96, 0x27,
    0x08, 0xcd, 0x0f, 0x03, 0xa3, 0x0f, 0x08, 0x80, 0x0f, 0xc2, 0x3f, 0x09, 0x80, 0x3f, 0x01, 0x98,
    0x8e, 0x06, 0x89, 0x8e, 0x05, 0xb4, 0x16, 0x00, 0x91, 0x16, 0x07, 0xa6, 0x55, 0x08, 0xdf, 0x87,
    0x00, 0x93, 0x8c, 0x0a, 0x91, 0x47, 0x00, 0xae, 0x47, 0x3d, 0x86, 0x64, 0x00, 0x80, 0x64, 0x00,
    0x83, 0x64, 0x00, 0x8e, 0x64, 0x00, 0x8a, 0x64, 0x05, 0xba, 0x49, 0x04, 0x89, 0x49, 0x05, 0x83,
    0x2d, 0x00, 0x87, 0x2d, 0x01, 0x81, 0x2d, 0x01, 0x95, 0x2d, 0x00, 0x86, 0x2d, 0x00, 0x81, 0x2d,
    0x00, 0x84, 0x2d, 0x00, 0x80, 0x3b, 0x88, 0x2d, 0x01, 0x81, 0x2d, 0x01, 0x82, 0x2d, 0x01, 0x80,
    0x2d, 0x05, 0x80, 0x2d, 0x04, 0x86, 0x2d, 0x01, 0x86, 0x2d, 0x02, 0x84, 0x2d, 0x0a, 0x89, 0xa7,
    0x00, 0x80, 0xa7, 0x01, 0x80, 0xa7, 0x00, 0xa5, 0xa7, 0x00, 0x89, 0xa7, 0x00, 0x80, 0xa7, 0x01,
    0x80, 0xa7, 0x00, 0x83, 0xa7, 0x00, 0x89, 0xa7, 0x00, 0x81, 0xa7, 0x07, 0x81, 0xa7, 0x1c, 0xdb,
    0x6a, 0x00, 0x84, 0x6a, 0x1d, 0xc7, 0xa2, 0x07, 0x89, 0xa2, 0x60, 0x45, 0xb5, 0x89, 0x01, 0xa5,
    0x89, 0x21, 0xc4, 0x61, 0x0a, 0x89, 0x61, 0x05, 0x8c, 0x62, 0x12, 0xb9, 0x9a, 0x05, 0x89, 0x9a,
    0x05, 0x93, 0x65, 0x1b, 0x9a, 0x02, 0x01, 0x8e, 0x02, 0x03, 0x96, 0x02, 0x60, 0x58, 0xbb, 0x23,
    0x60, 0x03, 0xd2, 0xac, 0x0b, 0x80, 0xac, 0x86, 0x22, 0x01, 0x80, 0x22, 0x01, 0x87, 0x22, 0x00,
    0x81, 0x22, 0x00, 0x9d, 0x22, 0x00, 0x81, 0x22, 0x01, 0x8b, 0x22, 0x08, 0x89, 0x22, 0x45, 0x87,
    0x68, 0x01, 0xad, 0x68, 0x01, 0x8a, 0x68, 0x1a, 0xc7, 0xaf, 0x07, 0xd2, 0x8f, 0x0c, 0x8f, 0x13,
    0xb8, 0x7f, 0x06, 0x89, 0x21, 0x55, 0x87, 0x87, 0x57, 0xa1, 0x91, 0x0d, 0x89, 0x91, 0x05, 0x88,
    0x0d, 0x00, 0xac, 0x0d, 0x00, 0x8d, 0x0d, 0x09, 0x9c, 0x0d, 0x02, 0x9f, 0x59, 0x01, 0x95, 0x59,
    0x00, 0x8d, 0x59, 0x48, 0x86, 0x5a, 0x00, 0x81, 0x5a, 0x00, 0xab, 0x5a, 0x02, 0x80, 0x5a, 0x00,
    0x81, 0x5a, 0x00, 0x88, 0x5a, 0x07, 0x89, 0x5a, 0x05, 0x85, 0x30, 0x00, 0x81, 0x30, 0x00, 0xa4,
    0x30, 0x00, 0x81, 0x30, 0x00, 0x85, 0x30, 0x06, 0x89, 0x30, 0x05, 0xab, 0xa5, 0x03, 0x89, 0xa5,
    0x60, 0x95, 0x98, 0x54, 0x06, 0x90, 0x43, 0x00, 0xa8, 0x43, 0x02, 0x9c, 0x43, 0x54, 0x80, 0x51,
    0x0e, 0xb1, 0x9b, 0x0c, 0x80, 0x9b, 0xe3, 0x39, 0x1c, 0x60, 0x05, 0xe0, 0x0e, 0x1c, 0x00, 0x84,
    0x1c, 0x0a, 0xe0, 0x63, 0x1c, 0x69, 0xeb, 0xe0, 0x02, 0x1f, 0x0c, 0xe3, 0xf5, 0x25, 0x09, 0xef,
    0x3a, 0x25, 0x04, 0xe1, 0xe6, 0x03, 0x70, 0x0a, 0x58, 0xb9, 0x32, 0x66, 0x65, 0xe1, 0xd8, 0x08,
    0x06, 0x9e, 0x63, 0x00, 0x89, 0x63, 0x03, 0x81, 0x63, 0xce, 0xa3, 0x00, 0x89, 0xa3, 0x05, 0x9d,
    0x09, 0x01, 0x85, 0x09, 0x09, 0xc5, 0x7d, 0x09, 0x89, 0x7d, 0x00, 0x86, 0x7d, 0x00, 0x94, 0x7d,
    0x04, 0x92, 0x7d, 0x61, 0x4f, 0xb9, 0x4a, 0x60, 0x65, 0xda, 0x5b, 0x04, 0x98, 0x0b, 0x01, 0x98,
    0x0b, 0x2b, 0xca, 0x60, 0x03, 0xb8, 0x60, 0x06, 0x90, 0x60, 0x3f, 0x80, 0x9c, 0x80, 0x6c, 0x81,
    0x33, 0x80, 0x48, 0x0a, 0x86, 0x33, 0x08, 0xf0, 0x0a, 0x9f, 0x9c, 0xe1, 0x75, 0x48, 0x28, 0x80,
    0x48, 0x9e, 0x9c, 0x60, 0x00, 0xe0, 0x12, 0x9c, 0x70, 0x11, 0x9c, 0x83, 0x41, 0x00, 0x86, 0x41,
    0x00, 0x81, 0x41, 0x00, 0x80, 0x41, 0xe0, 0xbe, 0x39, 0x82, 0x41, 0x0e, 0x80, 0x39, 0x1c, 0x82,
    0x39, 0x01, 0x80, 0x41, 0x0d, 0x83, 0x41, 0x07, 0xe1, 0x2b, 0x6c, 0x68, 0xa3, 0xe0, 0x0a, 0x24,
    0x04, 0x8c, 0x24, 0x02, 0x88, 0x24, 0x06, 0x89, 0x24, 0x01, 0x83, 0x24, 0x83, 0x1a, 0x6e, 0xfb,
    0xe0, 0x9c, 0x1a, 0x02, 0xe1, 0x53, 0x1a, 0x05, 0x96, 0x1a, 0x0e, 0x90, 0x1a, 0x0e, 0xad, 0x3b,
    0x01, 0x96, 0x3b, 0x08, 0xe0, 0x13, 0x1a, 0x3b, 0xe0, 0x95, 0x1a, 0x09, 0xa6, 0x1a, 0x01, 0xbd,
    0x1a, 0x82, 0x3b, 0x90, 0x1a, 0x87, 0x3b, 0x81, 0x1a, 0x86, 0x3b, 0x9d, 0x1a, 0x83, 0x3b, 0xbc,
    0x1a, 0x14, 0xc5, 0x2e, 0x60, 0x19, 0x93, 0x1a, 0x0b, 0x93, 0x1a, 0x0b, 0xd6, 0x1a, 0x08, 0x98,
    0x1a, 0x60, 0x26, 0xd4, 0x1a, 0x00, 0xc6, 0x1a, 0x00, 0x81, 0x1a, 0x01, 0x80, 0x1a, 0x01, 0x81,
    0x1a, 0x01, 0x83, 0x1a, 0x00, 0x8b, 0x1a, 0x00, 0x80, 0x1a, 0x00, 0x86, 0x1a, 0x00, 0xc0, 0x1a,
    0x00, 0x83, 0x1a, 0x01, 0x87, 0x1a, 0x00, 0x86, 0x1a, 0x00, 0x9b, 0x1a, 0x00, 0x83, 0x1a, 0x00,
    0x84, 0x1a, 0x00, 0x80, 0x1a, 0x02, 0x86, 0x1a, 0x00, 0xe0, 0xf3, 0x1a, 0x01, 0xe0, 0xc3, 0x1a,
    0x01, 0xb1, 0x1a, 0xe2, 0x2b, 0x8b, 0x0e, 0x84, 0x8b, 0x00, 0x8e, 0x8b, 0x63, 0xef, 0x9e, 0x4c,
    0x05, 0x85, 0x4c, 0x60, 0x74, 0x86, 0x2b, 0x00, 0x90, 0x2b, 0x01, 0x86, 0x2b, 0x00, 0x81, 0x2b,
    0x00, 0x84, 0x2b, 0x04, 0xbd, 0x1e, 0x20, 0x80, 0x1e, 0x60, 0x0f, 0xac, 0x6d, 0x02, 0x8d, 0x6d,
    0x01, 0x89, 0x6d, 0x03, 0x81, 0x6d, 0x60, 0xdf, 0x9e, 0xa6, 0x10, 0xb9, 0xab, 0x04, 0x80, 0xab,
    0x61, 0x6f, 0xa9, 0x67, 0x60, 0x75, 0xaa, 0x70, 0x03, 0x80, 0x70, 0x60, 0x5f, 0x9e, 0x99, 0x00,
    0x95, 0x99, 0x07, 0x81, 0x99, 0x60, 0x7f, 0x86, 0x28, 0x00, 0x83, 0x28, 0x00, 0x81, 0x28, 0x00,
    0x8e, 0x28, 0x00, 0xe0, 0x64, 0x5d, 0x01, 0x8f, 0x5d, 0x28, 0xcb, 0x01, 0x03, 0x89, 0x01, 0x03,
    0x81, 0x01, 0x62, 0xb0, 0xc3, 0x1a, 0x4b, 0xbc, 0x1a, 0x60, 0x61, 0x83, 0x04, 0x00, 0x9a, 0x04,
    0x00, 0x81, 0x04, 0x00, 0x80, 0x04, 0x01, 0x80, 0x04, 0x00, 0x89, 0x04, 0x00, 0x83, 0x04, 0x00,
    0x80, 0x04, 0x00, 0x80, 0x04, 0x05, 0x80, 0x04, 0x03, 0x80, 0x04, 0x00, 0x80, 0x04, 0x00, 0x80,
    0x04, 0x00, 0x82, 0x04, 0x00, 0x81, 0x04, 0x00, 0x80, 0x04, 0x01, 0x80, 0x04, 0x00, 0x80, 0x04,
    0x00, 0x80, 0x04, 0x00, 0x80, 0x04, 0x00, 0x80, 0x04, 0x00, 0x81, 0x04, 0x00, 0x80, 0x04, 0x01,
    0x83, 0x04, 0x00, 0x86, 0x04, 0x00, 0x83, 0x04, 0x00, 0x83, 0x04, 0x00, 0x80, 0x04, 0x00, 0x89,
    0x04, 0x00, 0x90, 0x04, 0x04, 0x82, 0x04, 0x00, 0x84, 0x04, 0x00, 0x90, 0x04, 0x33, 0x81, 0x04,
    0x60, 0xad, 0xab, 0x1a, 0x03, 0xe0, 0x03, 0x1a, 0x0b, 0x8e, 0x1a, 0x01, 0x8e, 0x1a, 0x00, 0x8e,
    0x1a, 0x00, 0xa4, 0x1a, 0x09, 0xe0, 0x4d, 0x1a, 0x37, 0x99, 0x1a, 0x80, 0x39, 0x81, 0x1a, 0x0c,
    0xab, 0x1a, 0x03, 0x88, 0x1a, 0x06, 0x81, 0x1a, 0x0d, 0x85, 0x1a, 0x60, 0x39, 0xe3, 0x78, 0x1a,
    0x02, 0x90, 0x1a, 0x02, 0x8c, 0x1a, 0x02, 0xe0, 0x79, 0x1a, 0x05, 0x8b, 0x1a, 0x03, 0x80, 0x1a,
    0x0e, 0x8b, 0x1a, 0x03, 0xb7, 0x1a, 0x07, 0x89, 0x1a, 0x05, 0xa7, 0x1a, 0x07, 0x9d, 0x1a, 0x01,
    0x8b, 0x1a, 0x03, 0x81, 0x1a, 0x0d, 0x88, 0x1a, 0x26, 0xe0, 0xf7, 0x1a, 0x07, 0x8d, 0x1a, 0x01,
    0x8c, 0x1a, 0x02, 0x8a, 0x1a, 0x02, 0xb8, 0x1a, 0x00, 0x80, 0x1a, 0x03, 0x8f, 0x1a, 0x01, 0x8b,
    0x1a, 0x03, 0x89, 0x1a, 0x06, 0xe0, 0x32, 0x1a, 0x00, 0xe0, 0x06, 0x1a, 0x63, 0xa4, 0xf0, 0x96,
    0x7f, 0x33, 0x1f, 0xf0, 0x00, 0xbd, 0x33, 0x01, 0xf0, 0x06, 0x2d, 0x33, 0x01, 0xf0, 0x0c, 0xd0,
    0x33, 0x0e, 0xe2, 0x0d, 0x33, 0x69, 0x41, 0xe1, 0xbd, 0x33, 0x65, 0x81, 0xf0, 0x02, 0xea, 0x33,
    0x04, 0xf0, 0x10, 0xc9, 0x33, 0x7a, 0xbb, 0x26, 0x80, 0x1a, 0x1d, 0xdf, 0x1a, 0x60, 0x1f, 0xe0,
    0x8f, 0x3b,
];
// c: libunicode-table.h:3690
pub static unicode_script_ext_table: [u8; 1278] = [
    0x80, 0x36, 0x00, 0x00, 0x10, 0x06, 0x14, 0x1b, 0x24, 0x26, 0x2a, 0x2b, 0x30, 0x2c, 0x2e, 0x33,
    0x4c, 0x53, 0x55, 0x74, 0x88, 0x81, 0x83, 0x00, 0x00, 0x07, 0x0c, 0x1e, 0x21, 0x4c, 0x51, 0x9f,
    0xa6, 0x09, 0x00, 0x00, 0x02, 0x0e, 0x4c, 0x00, 0x00, 0x02, 0x02, 0x0e, 0x4c, 0x00, 0x00, 0x00,
    0x02, 0x4c, 0x51, 0x08, 0x00, 0x00, 0x02, 0x4c, 0x9f, 0x00, 0x00, 0x00, 0x02, 0x0e, 0x4c, 0x25,
    0x00, 0x00, 0x08, 0x18, 0x1b, 0x1e, 0x2e, 0x4c, 0x74, 0x91, 0x96, 0x00, 0x08, 0x18, 0x1e, 0x2e,
    0x4c, 0x7b, 0x91, 0x96, 0xa4, 0x00, 0x04, 0x18, 0x1e, 0x4c, 0xa1, 0x00, 0x05, 0x2b, 0x4c, 0x91,
    0x93, 0x9f, 0x00, 0x0b, 0x15, 0x18, 0x1b, 0x1e, 0x2c, 0x2e, 0x4c, 0x7b, 0x93, 0xa1, 0xa4, 0x00,
    0x06, 0x1b, 0x26, 0x2b, 0x2c, 0x41, 0x4c, 0x00, 0x05, 0x1e, 0x2e, 0x4c, 0x74, 0xa1, 0x00, 0x09,
    0x1b, 0x24, 0x38, 0x4c, 0x74, 0x93, 0x96, 0xa1, 0xa4, 0x00, 0x0b, 0x05, 0x1e, 0x24, 0x2c, 0x2e,
    0x38, 0x4c, 0x74, 0x93, 0x96, 0xa1, 0x00, 0x02, 0x4c, 0xa1, 0x00, 0x03, 0x24, 0x4c, 0x93, 0x00,
    0x04, 0x18, 0x1e, 0x4c, 0x7b, 0x00, 0x03, 0x18, 0x4c, 0x96, 0x00, 0x02, 0x4c, 0x91, 0x00, 0x02,
    0x28, 0x4c, 0x00, 0x00, 0x00, 0x02, 0x4c, 0x91, 0x00, 0x03, 0x1e, 0x4c, 0xa4, 0x00, 0x00, 0x00,
    0x04, 0x2e, 0x4c, 0x74, 0xa4, 0x0e, 0x00, 0x00, 0x06, 0x18, 0x24, 0x41, 0x4c, 0x93, 0xa1, 0x00,
    0x04, 0x18, 0x24, 0x4c, 0x93, 0x00, 0x02, 0x4c, 0x93, 0x06, 0x00, 0x00, 0x03, 0x4c, 0x91, 0x93,
    0x00, 0x02, 0x4c, 0x93, 0x00, 0x00, 0x00, 0x03, 0x18, 0x4c, 0x93, 0x00, 0x07, 0x15, 0x18, 0x2c,
    0x4c, 0x91, 0x93, 0x9f, 0x0f, 0x00, 0x00, 0x01, 0x2e, 0x01, 0x00, 0x00, 0x01, 0x2e, 0x11, 0x00,
    0x00, 0x02, 0x4c, 0x7b, 0x04, 0x00, 0x00, 0x03, 0x15, 0x4c, 0xa4, 0x03, 0x00, 0x0c, 0x01, 0x4c,
    0x03, 0x00, 0x01, 0x02, 0x1b, 0x2e, 0x80, 0x8c, 0x00, 0x00, 0x02, 0x1e, 0x74, 0x00, 0x02, 0x1e,
    0x2b, 0x01, 0x02, 0x1e, 0x4c, 0x00, 0x02, 0x1e, 0x2b, 0x80, 0x80, 0x00, 0x00, 0x03, 0x05, 0x2a,
    0x2b, 0x80, 0x01, 0x00, 0x00, 0x07, 0x04, 0x29, 0x6b, 0x35, 0x93, 0x9e, 0xad, 0x0d, 0x00, 0x00,
    0x07, 0x04, 0x29, 0x6b, 0x35, 0x93, 0x9e, 0xad, 0x00, 0x03, 0x04, 0x93, 0x9e, 0x01, 0x00, 0x00,
    0x08, 0x01, 0x04, 0x29, 0x6b, 0x35, 0x93, 0x9e, 0xad, 0x1f, 0x00, 0x00, 0x09, 0x01, 0x04, 0x57,
    0x58, 0x79, 0x82, 0x35, 0x8d, 0x93, 0x09, 0x00, 0x0a, 0x02, 0x04, 0x93, 0x09, 0x00, 0x09, 0x03,
    0x04, 0x9e, 0xad, 0x05, 0x00, 0x00, 0x02, 0x04, 0x93, 0x62, 0x00, 0x00, 0x02, 0x04, 0x35, 0x81,
    0xfb, 0x00, 0x00, 0x0f, 0x0c, 0x21, 0x2d, 0x2f, 0x31, 0x40, 0x4c, 0x56, 0x68, 0x6a, 0x7a, 0x87,
    0x9b, 0x9d, 0xa2, 0x00, 0x0d, 0x0c, 0x21, 0x2d, 0x2f, 0x31, 0x40, 0x4c, 0x56, 0x6a, 0x7a, 0x9b,
    0x9d, 0xa2, 0x10, 0x00, 0x00, 0x15, 0x0c, 0x21, 0x23, 0x30, 0x5a, 0x2d, 0x2f, 0x31, 0x40, 0x55,
    0x56, 0x68, 0x70, 0x7a, 0x49, 0x8c, 0x92, 0x9a, 0x9b, 0x9d, 0xa2, 0x00, 0x17, 0x0c, 0x21, 0x23,
    0x30, 0x5a, 0x2d, 0x2f, 0x32, 0x31, 0x40, 0x4e, 0x55, 0x56, 0x68, 0x70, 0x7a, 0x49, 0x8c, 0x92,
    0x9a, 0x9b, 0x9d, 0xa2, 0x09, 0x04, 0x21, 0x23, 0x3f, 0x55, 0x75, 0x00, 0x09, 0x03, 0x0c, 0x16,
    0x92, 0x75, 0x00, 0x09, 0x02, 0x31, 0x64, 0x75, 0x00, 0x09, 0x02, 0x2f, 0x47, 0x80, 0x75, 0x00,
    0x0d, 0x02, 0x2d, 0x9b, 0x80, 0x71, 0x00, 0x09, 0x03, 0x40, 0x68, 0xa7, 0x82, 0xcf, 0x00, 0x09,
    0x03, 0x16, 0x65, 0x96, 0x80, 0x30, 0x00, 0x00, 0x03, 0x2a, 0x2b, 0x4c, 0x85, 0x6e, 0x00, 0x02,
    0x01, 0x84, 0x46, 0x00, 0x01, 0x04, 0x12, 0x36, 0x95, 0x94, 0x80, 0x4a, 0x00, 0x01, 0x02, 0x62,
    0x80, 0x00, 0x00, 0x00, 0x02, 0x62, 0x80, 0x84, 0x49, 0x00, 0x00, 0x04, 0x0c, 0x21, 0x2d, 0x40,
    0x00, 0x01, 0x21, 0x00, 0x04, 0x0c, 0x21, 0x2d, 0x40, 0x00, 0x03, 0x21, 0x2d, 0x40, 0x00, 0x01,
    0x21, 0x00, 0x05, 0x0c, 0x21, 0x6a, 0x9d, 0xa2, 0x00, 0x03, 0x0c, 0x21, 0x9d, 0x00, 0x03, 0x21,
    0x6a, 0x87, 0x00, 0x04, 0x0c, 0x21, 0x6a, 0x9d, 0x00, 0x02, 0x21, 0x87, 0x00, 0x06, 0x21, 0x40,
    0x56, 0x7a, 0x9b, 0x9d, 0x00, 0x01, 0x21, 0x01, 0x02, 0x21, 0x87, 0x01, 0x01, 0x21, 0x00, 0x02,
    0x21, 0x87, 0x00, 0x02, 0x0c, 0x21, 0x00, 0x03, 0x21, 0x6a, 0xa2, 0x05, 0x01, 0x21, 0x00, 0x03,
    0x21, 0x68, 0x6a, 0x00, 0x03, 0x0c, 0x21, 0x87, 0x00, 0x02, 0x21, 0x6a, 0x00, 0x01, 0x21, 0x00,
    0x04, 0x0c, 0x21, 0x6a, 0x87, 0x03, 0x01, 0x21, 0x00, 0x0b, 0x0c, 0x21, 0x2d, 0x40, 0x56, 0x68,
    0x7a, 0x8c, 0x9d, 0xa2, 0xa7, 0x00, 0x02, 0x21, 0x2d, 0x00, 0x04, 0x21, 0x2d, 0x40, 0xa7, 0x01,
    0x02, 0x0c, 0x21, 0x00, 0x01, 0x0c, 0x01, 0x02, 0x21, 0x2d, 0x00, 0x01, 0x68, 0x80, 0x44, 0x00,
    0x01, 0x01, 0x2e, 0x35, 0x00, 0x00, 0x03, 0x1e, 0x4c, 0x93, 0x00, 0x00, 0x00, 0x01, 0x93, 0x81,
    0xb3, 0x00, 0x00, 0x03, 0x4c, 0x62, 0x80, 0x1e, 0x00, 0x00, 0x02, 0x01, 0x04, 0x09, 0x00, 0x00,
    0x06, 0x14, 0x2a, 0x2b, 0x71, 0x52, 0x78, 0x01, 0x00, 0x00, 0x04, 0x14, 0x2e, 0x71, 0x5f, 0x80,
    0x11, 0x00, 0x00, 0x03, 0x21, 0x2d, 0x4c, 0x8c, 0xa5, 0x00, 0x00, 0x02, 0x1b, 0x4c, 0x17, 0x00,
    0x00, 0x02, 0x06, 0x78, 0x00, 0x07, 0x06, 0x14, 0x2a, 0x71, 0x3f, 0x53, 0x85, 0x09, 0x00, 0x00,
    0x01, 0x24, 0x03, 0x00, 0x00, 0x03, 0x01, 0x04, 0x71, 0x00, 0x00, 0x00, 0x02, 0x1e, 0x2b, 0x81,
    0x2b, 0x00, 0x0f, 0x02, 0x33, 0x9c, 0x00, 0x00, 0x00, 0x07, 0x0e, 0x34, 0x33, 0x39, 0x41, 0x62,
    0xae, 0x00, 0x08, 0x0e, 0x34, 0x33, 0x39, 0x41, 0x62, 0x80, 0xae, 0x00, 0x05, 0x0e, 0x34, 0x33,
    0x39, 0x41, 0x01, 0x00, 0x00, 0x01, 0x33, 0x00, 0x00, 0x01, 0x08, 0x0e, 0x34, 0x33, 0x39, 0x41,
    0x62, 0xa0, 0xae, 0x01, 0x09, 0x0e, 0x34, 0x33, 0x39, 0x41, 0x51, 0x62, 0xa0, 0xae, 0x05, 0x06,
    0x0e, 0x34, 0x33, 0x39, 0x41, 0xae, 0x00, 0x00, 0x00, 0x05, 0x0e, 0x34, 0x33, 0x39, 0x41, 0x07,
    0x06, 0x0e, 0x34, 0x33, 0x39, 0x41, 0xae, 0x03, 0x05, 0x0e, 0x34, 0x33, 0x39, 0x41, 0x09, 0x00,
    0x03, 0x02, 0x0e, 0x33, 0x01, 0x00, 0x00, 0x05, 0x0e, 0x34, 0x33, 0x39, 0x41, 0x04, 0x02, 0x39,
    0x41, 0x00, 0x00, 0x00, 0x05, 0x0e, 0x34, 0x33, 0x39, 0x41, 0x03, 0x00, 0x01, 0x03, 0x33, 0x39,
    0x41, 0x01, 0x01, 0x33, 0x58, 0x00, 0x03, 0x02, 0x39, 0x41, 0x02, 0x00, 0x00, 0x02, 0x39, 0x41,
    0x59, 0x00, 0x00, 0x06, 0x0e, 0x34, 0x33, 0x39, 0x41, 0xae, 0x00, 0x02, 0x39, 0x41, 0x80, 0x12,
    0x00, 0x0f, 0x01, 0x33, 0x1f, 0x00, 0x25, 0x01, 0x33, 0x08, 0x00, 0x00, 0x02, 0x33, 0x9c, 0x2f,
    0x00, 0x27, 0x01, 0x33, 0x37, 0x00, 0x30, 0x01, 0x33, 0x0e, 0x00, 0x0b, 0x01, 0x33, 0x32, 0x00,
    0x00, 0x01, 0x33, 0x57, 0x00, 0x18, 0x01, 0x33, 0x09, 0x00, 0x04, 0x01, 0x33, 0x5f, 0x00, 0x1e,
    0x01, 0x33, 0xc0, 0x31, 0xef, 0x00, 0x00, 0x02, 0x1e, 0x2b, 0x80, 0x0f, 0x00, 0x07, 0x02, 0x33,
    0x4c, 0x80, 0xa7, 0x00, 0x02, 0x10, 0x21, 0x23, 0x2f, 0x31, 0x47, 0x40, 0x3f, 0x55, 0x56, 0x61,
    0x68, 0x87, 0x49, 0x9a, 0xa2, 0xa7, 0x02, 0x0f, 0x21, 0x23, 0x2f, 0x31, 0x47, 0x40, 0x3f, 0x55,
    0x61, 0x68, 0x87, 0x49, 0x9a, 0xa2, 0xa7, 0x01, 0x0b, 0x21, 0x23, 0x2f, 0x31, 0x47, 0x3f, 0x55,
    0x61, 0x49, 0x9a, 0xa2, 0x00, 0x0c, 0x21, 0x23, 0x2f, 0x31, 0x47, 0x3f, 0x55, 0x61, 0x87, 0x49,
    0x9a, 0xa2, 0x00, 0x0b, 0x21, 0x23, 0x2f, 0x31, 0x47, 0x3f, 0x55, 0x61, 0x49, 0x9a, 0xa2, 0x80,
    0x36, 0x00, 0x00, 0x03, 0x0c, 0x21, 0xa7, 0x00, 0x00, 0x00, 0x02, 0x21, 0x9b, 0x39, 0x00, 0x00,
    0x03, 0x44, 0x4c, 0x65, 0x80, 0x1f, 0x00, 0x00, 0x02, 0x11, 0x3e, 0xc0, 0x12, 0xed, 0x00, 0x01,
    0x02, 0x04, 0x6b, 0x80, 0x31, 0x00, 0x00, 0x02, 0x04, 0x9e, 0x09, 0x00, 0x00, 0x02, 0x04, 0x9e,
    0x46, 0x00, 0x01, 0x05, 0x0e, 0x34, 0x33, 0x39, 0x41, 0x80, 0x99, 0x00, 0x04, 0x06, 0x0e, 0x34,
    0x33, 0x39, 0x41, 0xae, 0x09, 0x00, 0x00, 0x02, 0x39, 0x41, 0x2c, 0x00, 0x01, 0x02, 0x39, 0x41,
    0x80, 0xdf, 0x00, 0x01, 0x03, 0x1f, 0x1d, 0x50, 0x00, 0x02, 0x1d, 0x50, 0x03, 0x00, 0x2c, 0x03,
    0x1d, 0x4f, 0x50, 0x02, 0x00, 0x08, 0x02, 0x1d, 0x50, 0x81, 0x1f, 0x00, 0x1b, 0x02, 0x04, 0x1b,
    0x87, 0x75, 0x00, 0x00, 0x02, 0x58, 0x79, 0x87, 0x8d, 0x00, 0x00, 0x02, 0x2d, 0x9b, 0x00, 0x00,
    0x00, 0x02, 0x2d, 0x9b, 0x36, 0x00, 0x01, 0x02, 0x2d, 0x9b, 0x8c, 0x12, 0x00, 0x01, 0x02, 0x2d,
    0x9b, 0x00, 0x00, 0x00, 0x02, 0x2d, 0x9b, 0xc0, 0x5c, 0x4b, 0x00, 0x03, 0x01, 0x24, 0x96, 0x3b,
    0x00, 0x11, 0x01, 0x33, 0x9e, 0x5d, 0x00, 0x01, 0x01, 0x33, 0xce, 0xcd, 0x2d, 0x00,
];
// c: libunicode-table.h:3853
pub static unicode_prop_Hyphen_table: [u8; 28] = [
    0xac, 0x80, 0xfe, 0x80, 0x44, 0xdb, 0x80, 0x52, 0x7a, 0x80, 0x48, 0x08, 0x81, 0x4e, 0x04, 0x80,
    0x42, 0xe2, 0x80, 0x60, 0xcd, 0x66, 0x80, 0x40, 0xa8, 0x80, 0xd6, 0x80,
];
// c: libunicode-table.h:3860
pub static unicode_prop_Other_Math_table: [u8; 200] = [
    0xdd, 0x80, 0x43, 0x70, 0x11, 0x80, 0x99, 0x09, 0x81, 0x5c, 0x1f, 0x80, 0x9a, 0x82, 0x8a, 0x80,
    0x9f, 0x83, 0x97, 0x81, 0x8d, 0x81, 0xc0, 0x8c, 0x18, 0x11, 0x1c, 0x91, 0x03, 0x01, 0x89, 0x00,
    0x14, 0x28, 0x11, 0x09, 0x02, 0x05, 0x13, 0x24, 0xca, 0x21, 0x18, 0x08, 0x08, 0x00, 0x21, 0x0b,
    0x0b, 0x91, 0x09, 0x00, 0x06, 0x00, 0x29, 0x41, 0x21, 0x83, 0x40, 0xa7, 0x08, 0x80, 0x97, 0x80,
    0x90, 0x80, 0x41, 0xbc, 0x81, 0x8b, 0x88, 0x24, 0x21, 0x09, 0x14, 0x8d, 0x00, 0x01, 0x85, 0x97,
    0x81, 0xb8, 0x00, 0x80, 0x9c, 0x83, 0x88, 0x81, 0x41, 0x55, 0x81, 0x9e, 0x89, 0x41, 0x92, 0x95,
    0xbe, 0x83, 0x9f, 0x81, 0x60, 0xd4, 0x62, 0x00, 0x03, 0x80, 0x40, 0xd2, 0x00, 0x80, 0x60, 0xd4,
    0xc0, 0xd4, 0x80, 0xc6, 0x01, 0x08, 0x09, 0x0b, 0x80, 0x8b, 0x00, 0x06, 0x80, 0xc0, 0x03, 0x0f,
    0x06, 0x80, 0x9b, 0x03, 0x04, 0x00, 0x16, 0x80, 0x41, 0x53, 0x81, 0x98, 0x80, 0x98, 0x80, 0x9e,
    0x80, 0x98, 0x80, 0x9e, 0x80, 0x98, 0x80, 0x9e, 0x80, 0x98, 0x80, 0x9e, 0x80, 0x98, 0x07, 0x81,
    0xb1, 0x55, 0xff, 0x18, 0x9a, 0x01, 0x00, 0x08, 0x80, 0x89, 0x03, 0x00, 0x00, 0x28, 0x18, 0x00,
    0x00, 0x02, 0x01, 0x00, 0x08, 0x00, 0x00, 0x00, 0x00, 0x01, 0x00, 0x0b, 0x06, 0x03, 0x03, 0x00,
    0x80, 0x89, 0x80, 0x90, 0x22, 0x04, 0x80, 0x90,
];
// c: libunicode-table.h:3888
pub static unicode_prop_Other_Alphabetic_table: [u8; 452] = [
    0x43, 0x44, 0x80, 0x9c, 0x8c, 0x42, 0x3f, 0x8d, 0x00, 0x01, 0x01, 0x00, 0xc7, 0x8a, 0xaf, 0x8c,
    0x06, 0x8f, 0x80, 0xe4, 0x33, 0x19, 0x0b, 0x80, 0xa2, 0x80, 0x9d, 0x8f, 0xe5, 0x8a, 0xe4, 0x0a,
    0x88, 0x02, 0x03, 0xe9, 0x80, 0xbb, 0x8b, 0x16, 0x85, 0x93, 0xb5, 0x09, 0x8e, 0x01, 0x22, 0x89,
    0x81, 0x9c, 0x82, 0xb9, 0x31, 0x09, 0x81, 0x89, 0x80, 0x89, 0x81, 0x9c, 0x82, 0xb9, 0x23, 0x09,
    0x0b, 0x80, 0x9d, 0x0a, 0x80, 0x8a, 0x82, 0xb9, 0x38, 0x10, 0x81, 0x94, 0x81, 0x95, 0x13, 0x82,
    0xb9, 0x31, 0x09, 0x81, 0x88, 0x81, 0x89, 0x81, 0x9d, 0x80, 0xba, 0x22, 0x10, 0x82, 0x89, 0x80,
    0xa7, 0x84, 0xb8, 0x30, 0x10, 0x17, 0x81, 0x8a, 0x81, 0x9c, 0x82, 0xb9, 0x30, 0x10, 0x17, 0x81,
    0x8a, 0x81, 0x8e, 0x80, 0x8b, 0x83, 0xb9, 0x30, 0x10, 0x82, 0x89, 0x80, 0x89, 0x81, 0x9c, 0x82,
    0xca, 0x28, 0x00, 0x87, 0x91, 0x81, 0xbc, 0x01, 0x86, 0x91, 0x80, 0xe2, 0x01, 0x28, 0x81, 0x8f,
    0x80, 0x40, 0xa2, 0x92, 0x88, 0x8a, 0x80, 0xa3, 0xed, 0x8b, 0x00, 0x0b, 0x96, 0x1b, 0x10, 0x11,
    0x32, 0x83, 0x8c, 0x8b, 0x00, 0x89, 0x83, 0x46, 0x73, 0x81, 0x9d, 0x81, 0x9d, 0x81, 0x9d, 0x81,
    0xc1, 0x92, 0x40, 0xbb, 0x81, 0xa1, 0x80, 0xf5, 0x8b, 0x83, 0x88, 0x40, 0xdd, 0x84, 0xb8, 0x89,
    0x81, 0x93, 0xc9, 0x81, 0x8a, 0x82, 0xb0, 0x84, 0xaf, 0x8e, 0xbb, 0x82, 0x9d, 0x88, 0x09, 0xb8,
    0x8a, 0xb1, 0x92, 0x41, 0x9b, 0xa1, 0x46, 0xc0, 0xb3, 0x48, 0xf5, 0x9f, 0x60, 0x78, 0x73, 0x87,
    0xa1, 0x81, 0x41, 0x61, 0x07, 0x80, 0x96, 0x84, 0xd7, 0x81, 0xb1, 0x8f, 0x00, 0xb8, 0x80, 0xa5,
    0x84, 0x9b, 0x8b, 0xac, 0x83, 0xaf, 0x8b, 0xa4, 0x80, 0xc2, 0x8d, 0x8b, 0x07, 0x81, 0xac, 0x82,
    0xb1, 0x00, 0x11, 0x0c, 0x80, 0xab, 0x24, 0x80, 0x40, 0xec, 0x87, 0x60, 0x4f, 0x32, 0x80, 0x48,
    0x56, 0x84, 0x46, 0x85, 0x10, 0x0c, 0x83, 0x43, 0x13, 0x83, 0xc0, 0x80, 0x41, 0x40, 0x81, 0xcc,
    0x82, 0x41, 0x02, 0x82, 0xb4, 0x8d, 0xac, 0x81, 0x8a, 0x82, 0xac, 0x88, 0x88, 0x80, 0xbc, 0x82,
    0xa3, 0x8b, 0x91, 0x81, 0xb8, 0x82, 0xaf, 0x8c, 0x8d, 0x81, 0xdb, 0x88, 0x08, 0x28, 0x08, 0x40,
    0x9c, 0x89, 0x96, 0x83, 0xb9, 0x31, 0x09, 0x81, 0x89, 0x80, 0x89, 0x81, 0xd3, 0x88, 0x00, 0x08,
    0x03, 0x01, 0xe6, 0x8c, 0x02, 0xe9, 0x91, 0x40, 0xec, 0x31, 0x86, 0x9c, 0x81, 0xd1, 0x8e, 0x00,
    0xe9, 0x8a, 0xe6, 0x8d, 0x41, 0x00, 0x8c, 0x40, 0xf6, 0x28, 0x09, 0x0a, 0x00, 0x80, 0x40, 0x8d,
    0x31, 0x2b, 0x80, 0x9b, 0x89, 0xa9, 0x20, 0x83, 0x91, 0x8a, 0xad, 0x8d, 0x40, 0xc7, 0x87, 0x40,
    0xc6, 0x38, 0x86, 0xd2, 0x95, 0x80, 0x8d, 0xf9, 0x2a, 0x00, 0x08, 0x10, 0x02, 0x80, 0xc1, 0x20,
    0x08, 0x83, 0x41, 0x5b, 0x83, 0x88, 0x08, 0x80, 0xaf, 0x32, 0x82, 0x60, 0x41, 0xdc, 0x90, 0x4e,
    0x1f, 0x00, 0xb6, 0x33, 0xdc, 0x81, 0x60, 0x4c, 0xab, 0x80, 0x60, 0x23, 0x60, 0x30, 0x90, 0x0e,
    0x01, 0x04, 0xe3, 0x80, 0x46, 0x52, 0x01, 0x06, 0x0c, 0x80, 0x42, 0x50, 0x80, 0x47, 0xe7, 0x99,
    0x85, 0x99, 0x85, 0x99,
];
// c: libunicode-table.h:3948
pub static unicode_prop_Other_Lowercase_table: [u8; 68] = [
    0x40, 0xa9, 0x80, 0x8e, 0x80, 0x41, 0xf4, 0x88, 0x31, 0x9d, 0x84, 0xdf, 0x80, 0xb3, 0x80, 0x4d,
    0x80, 0x80, 0x4c, 0x2e, 0xbe, 0x8c, 0x80, 0xa1, 0xa4, 0x42, 0xb0, 0x80, 0x8c, 0x80, 0x8f, 0x8c,
    0x40, 0xd2, 0x8f, 0x43, 0x4f, 0x99, 0x47, 0x91, 0x81, 0x60, 0x7a, 0x1d, 0x81, 0x40, 0xd1, 0x80,
    0xff, 0x1a, 0x81, 0x43, 0x61, 0x83, 0x88, 0x80, 0x60, 0x5c, 0x15, 0x01, 0x10, 0xa9, 0x80, 0x88,
    0x60, 0xd8, 0x74, 0xbd,
];
// c: libunicode-table.h:3960
pub static unicode_prop_Other_Uppercase_table: [u8; 15] = [
    0x60, 0x21, 0x5f, 0x8f, 0x43, 0x45, 0x99, 0x61, 0xcc, 0x5f, 0x99, 0x85, 0x99, 0x85, 0x99,
];
// c: libunicode-table.h:3965
pub static unicode_prop_Other_Grapheme_Extend_table: [u8; 112] = [
    0x49, 0xbd, 0x80, 0x97, 0x80, 0x41, 0x65, 0x80, 0x97, 0x80, 0xe5, 0x80, 0x97, 0x80, 0x40, 0xe7,
    0x00, 0x03, 0x08, 0x81, 0x88, 0x81, 0xe6, 0x80, 0x97, 0x80, 0xf6, 0x80, 0x8e, 0x80, 0x49, 0x34,
    0x80, 0x9d, 0x80, 0x43, 0xff, 0x04, 0x00, 0x04, 0x81, 0xe4, 0x80, 0xc6, 0x81, 0x44, 0x17, 0x80,
    0x50, 0x20, 0x81, 0x60, 0x79, 0x22, 0x80, 0xeb, 0x80, 0x60, 0x55, 0xdc, 0x81, 0x52, 0x1f, 0x80,
    0xf3, 0x80, 0x41, 0x07, 0x80, 0x8d, 0x80, 0x88, 0x80, 0xdf, 0x80, 0x88, 0x01, 0x00, 0x14, 0x80,
    0x40, 0xdf, 0x80, 0x8b, 0x80, 0x40, 0xf0, 0x80, 0x41, 0x05, 0x80, 0x42, 0x78, 0x80, 0x8b, 0x80,
    0x46, 0x02, 0x80, 0x60, 0x50, 0xad, 0x81, 0x60, 0x61, 0x72, 0x0d, 0x85, 0x6c, 0x2e, 0xac, 0xdf,
];
// c: libunicode-table.h:3982
pub static unicode_prop_Other_Default_Ignorable_Code_Point_table: [u8; 32] = [
    0x43, 0x4e, 0x80, 0x4e, 0x0e, 0x81, 0x46, 0x52, 0x81, 0x48, 0xae, 0x80, 0x50, 0xfd, 0x80, 0x60,
    0xce, 0x3a, 0x80, 0xce, 0x88, 0x6d, 0x00, 0x06, 0x00, 0x9d, 0xdf, 0xff, 0x40, 0xef, 0x4e, 0x0f,
];
// c: libunicode-table.h:3989
pub static unicode_prop_Other_ID_Start_table: [u8; 11] = [
    0x58, 0x84, 0x81, 0x48, 0x90, 0x80, 0x94, 0x80, 0x4f, 0x6b, 0x81,
];
// c: libunicode-table.h:3994
pub static unicode_prop_Other_ID_Continue_table: [u8; 22] = [
    0x40, 0xb6, 0x80, 0x42, 0xce, 0x80, 0x4f, 0xe0, 0x88, 0x46, 0x67, 0x80, 0x46, 0x30, 0x81, 0x50,
    0xec, 0x80, 0x60, 0xce, 0x68, 0x80,
];
// c: libunicode-table.h:4000
pub static unicode_prop_Prepended_Concatenation_Mark_table: [u8; 19] = [
    0x45, 0xff, 0x85, 0x40, 0xd6, 0x80, 0xb0, 0x80, 0x41, 0x7f, 0x81, 0xcf, 0x80, 0x61, 0x07, 0xd9,
    0x80, 0x8e, 0x80,
];
// c: libunicode-table.h:4006
pub static unicode_prop_XID_Start1_table: [u8; 31] = [
    0x43, 0x79, 0x80, 0x4a, 0xb7, 0x80, 0xfe, 0x80, 0x60, 0x21, 0xe6, 0x81, 0x60, 0xcb, 0xc0, 0x85,
    0x41, 0x95, 0x81, 0xf3, 0x00, 0x00, 0x00, 0x00, 0x00, 0x00, 0x00, 0x80, 0x41, 0x1e, 0x81,
];
// c: libunicode-table.h:4013
pub static unicode_prop_XID_Continue1_table: [u8; 23] = [
    0x43, 0x79, 0x80, 0x60, 0x2d, 0x1f, 0x81, 0x60, 0xcb, 0xc0, 0x85, 0x41, 0x95, 0x81, 0xf3, 0x00,
    0x00, 0x00, 0x00, 0x00, 0x00, 0x00, 0x80,
];
// c: libunicode-table.h:4019
pub static unicode_prop_Changes_When_Titlecased1_table: [u8; 22] = [
    0x41, 0xc3, 0x08, 0x08, 0x81, 0xa4, 0x81, 0x4e, 0xdc, 0xaa, 0x0a, 0x4e, 0x87, 0x3f, 0x3f, 0x87,
    0x8b, 0x80, 0x8e, 0x80, 0xae, 0x80,
];
// c: libunicode-table.h:4025
pub static unicode_prop_Changes_When_Casefolded1_table: [u8; 29] = [
    0x41, 0xef, 0x80, 0x41, 0x9e, 0x80, 0x9e, 0x80, 0x5a, 0xe4, 0x83, 0x40, 0xb5, 0x00, 0x00, 0x00,
    0x80, 0xde, 0x06, 0x06, 0x80, 0x8a, 0x09, 0x81, 0x89, 0x10, 0x81, 0x8d, 0x80,
];
// c: libunicode-table.h:4032
pub static unicode_prop_Changes_When_NFKC_Casefolded1_table: [u8; 449] = [
    0x40, 0x9f, 0x06, 0x00, 0x01, 0x00, 0x01, 0x12, 0x10, 0x82, 0xf3, 0x80, 0x8b, 0x80, 0x40, 0x84,
    0x01, 0x01, 0x80, 0xa2, 0x01, 0x80, 0x40, 0xbb, 0x88, 0x9e, 0x29, 0x84, 0xda, 0x08, 0x81, 0x89,
    0x80, 0xa3, 0x04, 0x02, 0x04, 0x08, 0x07, 0x80, 0x9e, 0x80, 0xa0, 0x82, 0x9c, 0x80, 0x42, 0x28,
    0x80, 0xd7, 0x83, 0x42, 0xde, 0x87, 0xfb, 0x08, 0x80, 0xd2, 0x01, 0x80, 0xa1, 0x11, 0x80, 0x40,
    0xfc, 0x81, 0x42, 0xd4, 0x80, 0xfe, 0x80, 0xa7, 0x81, 0xad, 0x80, 0xb5, 0x80, 0x88, 0x03, 0x03,
    0x03, 0x80, 0x8b, 0x80, 0x88, 0x00, 0x26, 0x80, 0x90, 0x80, 0x88, 0x03, 0x03, 0x03, 0x80, 0x8b,
    0x80, 0x41, 0x41, 0x80, 0xe1, 0x81, 0x46, 0x52, 0x81, 0xd4, 0x84, 0x45, 0x1b, 0x10, 0x8a, 0x80,
    0x91, 0x80, 0x9b, 0x8c, 0x80, 0xa1, 0xa4, 0x40, 0xd5, 0x83, 0x40, 0xb5, 0x00, 0x00, 0x00, 0x80,
    0x99, 0x00, 0x00, 0x00, 0x00, 0x00, 0x00, 0x80, 0xb7, 0x05, 0x00, 0x13, 0x05, 0x11, 0x02, 0x0c,
    0x11, 0x00, 0x00, 0x0c, 0x15, 0x05, 0x08, 0x8f, 0x00, 0x20, 0x8b, 0x12, 0x2a, 0x08, 0x0b, 0x00,
    0x07, 0x82, 0x8c, 0x06, 0x92, 0x81, 0x9a, 0x80, 0x8c, 0x8a, 0x80, 0xd6, 0x18, 0x10, 0x8a, 0x01,
    0x0c, 0x0a, 0x00, 0x10, 0x11, 0x02, 0x06, 0x05, 0x1c, 0x85, 0x8f, 0x8f, 0x8f, 0x88, 0x80, 0x40,
    0xa1, 0x08, 0x81, 0x40, 0xf7, 0x81, 0x41, 0x34, 0xd5, 0x99, 0x9a, 0x45, 0x20, 0x80, 0xe6, 0x82,
    0xe4, 0x80, 0x41, 0x9e, 0x81, 0x40, 0xf0, 0x80, 0x41, 0x2e, 0x80, 0xd2, 0x80, 0x8b, 0x40, 0xd5,
    0xa9, 0x80, 0xb4, 0x00, 0x82, 0xdf, 0x09, 0x80, 0xde, 0x80, 0xb0, 0xdd, 0x82, 0x8d, 0xdf, 0x9e,
    0x80, 0xa7, 0x87, 0xae, 0x80, 0x41, 0x7f, 0x60, 0x72, 0x9b, 0x81, 0x40, 0xd1, 0x80, 0xff, 0x1a,
    0x81, 0x43, 0x61, 0x83, 0x88, 0x80, 0x60, 0x4d, 0x95, 0x41, 0x0d, 0x08, 0x00, 0x81, 0x89, 0x00,
    0x00, 0x09, 0x82, 0xc3, 0x81, 0xe9, 0xc2, 0x00, 0x97, 0x04, 0x00, 0x01, 0x01, 0x80, 0xeb, 0xa0,
    0x41, 0x6a, 0x91, 0xbf, 0x81, 0xb5, 0xa7, 0x8c, 0x82, 0x99, 0x95, 0x94, 0x81, 0x8b, 0x80, 0x92,
    0x03, 0x1a, 0x00, 0x80, 0x40, 0x86, 0x08, 0x80, 0x9f, 0x99, 0x40, 0x83, 0x15, 0x0d, 0x0d, 0x0a,
    0x16, 0x06, 0x80, 0x88, 0x47, 0x87, 0x20, 0xa9, 0x80, 0x88, 0x60, 0xb4, 0xe4, 0x83, 0x50, 0x31,
    0xa3, 0x44, 0x63, 0x86, 0x8d, 0x87, 0xbf, 0x85, 0x42, 0x3e, 0xd4, 0x80, 0xc6, 0x01, 0x08, 0x09,
    0x0b, 0x80, 0x8b, 0x00, 0x06, 0x80, 0xc0, 0x03, 0x0f, 0x06, 0x80, 0x9b, 0x03, 0x04, 0x00, 0x16,
    0x80, 0x41, 0x53, 0x81, 0x41, 0x23, 0x81, 0xb1, 0x48, 0x2f, 0xbd, 0x4d, 0x91, 0x18, 0x9a, 0x01,
    0x00, 0x08, 0x80, 0x89, 0x03, 0x00, 0x00, 0x28, 0x18, 0x00, 0x00, 0x02, 0x01, 0x00, 0x08, 0x00,
    0x00, 0x00, 0x00, 0x01, 0x00, 0x0b, 0x06, 0x03, 0x03, 0x00, 0x80, 0x89, 0x80, 0x90, 0x22, 0x04,
    0x80, 0x90, 0x42, 0x43, 0x8a, 0x84, 0x9e, 0x80, 0x9f, 0x99, 0x82, 0xa2, 0x80, 0xee, 0x82, 0x8c,
    0xab, 0x83, 0x88, 0x31, 0x49, 0x9d, 0x89, 0x60, 0xfc, 0x05, 0x42, 0x1d, 0x6b, 0x05, 0xe1, 0x4f,
    0xff,
];
// c: libunicode-table.h:4092
pub static unicode_prop_Basic_Emoji1_table: [u8; 144] = [
    0x60, 0x23, 0x19, 0x81, 0x40, 0xcc, 0x1a, 0x01, 0x80, 0x42, 0x08, 0x81, 0x94, 0x81, 0xb1, 0x8b,
    0xaa, 0x80, 0x92, 0x80, 0x8c, 0x07, 0x81, 0x90, 0x0c, 0x0f, 0x04, 0x80, 0x94, 0x06, 0x08, 0x03,
    0x01, 0x06, 0x03, 0x81, 0x9b, 0x80, 0xa2, 0x00, 0x03, 0x10, 0x80, 0xbc, 0x82, 0x97, 0x80, 0x8d,
    0x80, 0x43, 0x5a, 0x81, 0xb2, 0x03, 0x80, 0x61, 0xc4, 0xad, 0x80, 0x40, 0xc9, 0x80, 0x40, 0xbd,
    0x01, 0x89, 0xe5, 0x80, 0x97, 0x80, 0x93, 0x01, 0x20, 0x82, 0x94, 0x81, 0x40, 0xad, 0xa0, 0x8b,
    0x88, 0x80, 0xc5, 0x80, 0x95, 0x8b, 0xaa, 0x1c, 0x8b, 0x90, 0x10, 0x82, 0xc6, 0x00, 0x80, 0x40,
    0xba, 0x81, 0xbe, 0x8c, 0x18, 0x97, 0x91, 0x80, 0x99, 0x81, 0x8c, 0x80, 0xd5, 0xd4, 0xaf, 0xc5,
    0x28, 0x12, 0x0b, 0x13, 0x8a, 0x0e, 0x88, 0x40, 0xe2, 0x8b, 0x18, 0x41, 0x1a, 0xae, 0x80, 0x89,
    0x80, 0x40, 0xb8, 0xef, 0x8c, 0x82, 0x8a, 0x82, 0xb8, 0x00, 0x83, 0x8f, 0x81, 0x8b, 0x83, 0x89,
];
// c: libunicode-table.h:4113
pub static unicode_prop_Basic_Emoji2_table: [u8; 183] = [
    0x40, 0xa8, 0x03, 0x80, 0x5f, 0x8c, 0x80, 0x8b, 0x80, 0x40, 0xd7, 0x80, 0x95, 0x80, 0xd9, 0x85,
    0x8e, 0x81, 0x41, 0x7c, 0x80, 0x40, 0xa5, 0x80, 0x9c, 0x10, 0x0c, 0x82, 0x40, 0xc6, 0x80, 0x40,
    0xe6, 0x81, 0x89, 0x80, 0x88, 0x80, 0xb9, 0x0a, 0x84, 0x88, 0x01, 0x05, 0x03, 0x01, 0x00, 0x09,
    0x02, 0x02, 0x0f, 0x14, 0x00, 0x80, 0x9b, 0x09, 0x00, 0x08, 0x80, 0x91, 0x01, 0x80, 0x92, 0x00,
    0x18, 0x00, 0x0a, 0x05, 0x07, 0x81, 0x95, 0x05, 0x00, 0x00, 0x80, 0x94, 0x05, 0x09, 0x01, 0x17,
    0x04, 0x09, 0x08, 0x01, 0x00, 0x00, 0x05, 0x02, 0x80, 0x90, 0x81, 0x8e, 0x01, 0x80, 0x9a, 0x81,
    0xbb, 0x80, 0x41, 0x91, 0x81, 0x41, 0xce, 0x82, 0x45, 0x27, 0x80, 0x8b, 0x80, 0x42, 0x58, 0x00,
    0x80, 0x61, 0xbe, 0xd5, 0x81, 0x8b, 0x81, 0x40, 0x81, 0x80, 0xb3, 0x80, 0x40, 0xe8, 0x01, 0x88,
    0x88, 0x80, 0xc5, 0x80, 0x97, 0x08, 0x11, 0x81, 0xaa, 0x1c, 0x8b, 0x92, 0x00, 0x00, 0x80, 0xc6,
    0x00, 0x80, 0x40, 0xba, 0x80, 0xca, 0x81, 0xa3, 0x09, 0x86, 0x8c, 0x01, 0x19, 0x80, 0x93, 0x01,
    0x07, 0x81, 0x88, 0x04, 0x82, 0x8b, 0x17, 0x11, 0x00, 0x03, 0x05, 0x02, 0x05, 0x80, 0x40, 0xcf,
    0x00, 0x82, 0x8f, 0x2a, 0x05, 0x01, 0x80,
];
// c: libunicode-table.h:4139
pub static unicode_prop_RGI_Emoji_Modifier_Sequence_table: [u8; 72] = [
    0x60, 0x26, 0x1c, 0x80, 0x40, 0xda, 0x80, 0x8f, 0x83, 0x61, 0xcc, 0x76, 0x80, 0xbb, 0x11, 0x01,
    0x82, 0xf4, 0x09, 0x8a, 0x94, 0x18, 0x8d, 0x10, 0x1a, 0x02, 0x30, 0x00, 0x97, 0x80, 0x40, 0xc8,
    0x0b, 0x80, 0x94, 0x03, 0x81, 0x40, 0xad, 0x12, 0x84, 0xd2, 0x80, 0x8f, 0x82, 0x88, 0x80, 0x8a,
    0x80, 0x42, 0x3e, 0x01, 0x07, 0x3d, 0x80, 0x88, 0x89, 0x0a, 0xb7, 0x80, 0xbc, 0x08, 0x08, 0x80,
    0x90, 0x10, 0x8c, 0x40, 0xe4, 0x82, 0xa9, 0x88,
];
// c: libunicode-table.h:4151
pub static unicode_prop_RGI_Emoji_Flag_Sequence_table: [u8; 128] = [
    0x0c, 0x00, 0x09, 0x00, 0x04, 0x01, 0x02, 0x06, 0x03, 0x03, 0x01, 0x02, 0x01, 0x03, 0x07, 0x0d,
    0x18, 0x00, 0x09, 0x00, 0x00, 0x89, 0x08, 0x00, 0x00, 0x81, 0x88, 0x83, 0x8c, 0x10, 0x00, 0x01,
    0x07, 0x08, 0x29, 0x10, 0x28, 0x00, 0x80, 0x8a, 0x00, 0x0a, 0x00, 0x0e, 0x15, 0x18, 0x83, 0x89,
    0x06, 0x00, 0x81, 0x8d, 0x00, 0x12, 0x08, 0x00, 0x03, 0x00, 0x24, 0x00, 0x05, 0x21, 0x00, 0x00,
    0x29, 0x90, 0x00, 0x02, 0x00, 0x08, 0x09, 0x00, 0x08, 0x18, 0x8b, 0x80, 0x8c, 0x02, 0x19, 0x1a,
    0x11, 0x00, 0x00, 0x80, 0x9c, 0x80, 0x88, 0x02, 0x00, 0x00, 0x02, 0x20, 0x88, 0x0a, 0x00, 0x03,
    0x01, 0x02, 0x05, 0x08, 0x00, 0x01, 0x09, 0x20, 0x21, 0x18, 0x22, 0x00, 0x00, 0x00, 0x00, 0x18,
    0x28, 0x89, 0x80, 0x8b, 0x80, 0x90, 0x80, 0x92, 0x80, 0x8d, 0x05, 0x80, 0x8a, 0x80, 0x88, 0x80,
];
// c: libunicode-table.h:4170
pub static unicode_prop_Emoji_Keycap_Sequence_table: [u8; 4] = [0xa2, 0x05, 0x04, 0x89];
// c: libunicode-table.h:4174
pub static unicode_prop_ASCII_Hex_Digit_table: [u8; 5] = [0xaf, 0x89, 0x35, 0x99, 0x85];
// c: libunicode-table.h:4178
pub static unicode_prop_Bidi_Control_table: [u8; 10] =
    [0x46, 0x1b, 0x80, 0x59, 0xf0, 0x81, 0x99, 0x84, 0xb6, 0x83];
// c: libunicode-table.h:4183
pub static unicode_prop_Dash_table: [u8; 58] = [
    0xac, 0x80, 0x45, 0x5b, 0x80, 0xb2, 0x80, 0x4e, 0x40, 0x80, 0x44, 0x04, 0x80, 0x48, 0x08, 0x85,
    0xbc, 0x80, 0xa6, 0x80, 0x8e, 0x80, 0x41, 0x85, 0x80, 0x4c, 0x03, 0x01, 0x80, 0x9e, 0x0b, 0x80,
    0x9b, 0x80, 0x41, 0xbd, 0x80, 0x92, 0x80, 0xee, 0x80, 0x60, 0xcd, 0x8f, 0x81, 0xa4, 0x80, 0x89,
    0x80, 0x40, 0xa8, 0x80, 0x4e, 0x5f, 0x80, 0x41, 0x3d, 0x80,
];
// c: libunicode-table.h:4194
pub static unicode_prop_Deprecated_table: [u8; 23] = [
    0x41, 0x48, 0x80, 0x45, 0x28, 0x80, 0x49, 0x02, 0x00, 0x80, 0x48, 0x28, 0x81, 0x48, 0xc4, 0x85,
    0x42, 0xb8, 0x81, 0x6d, 0xdc, 0xd5, 0x80,
];
// c: libunicode-table.h:4200
pub static unicode_prop_Diacritic_table: [u8; 447] = [
    0xdd, 0x00, 0x80, 0xc6, 0x05, 0x03, 0x01, 0x81, 0x41, 0xf6, 0x40, 0x9e, 0x07, 0x25, 0x90, 0x0b,
    0x80, 0x88, 0x81, 0x40, 0xfc, 0x84, 0x40, 0xd0, 0x80, 0xb6, 0xac, 0x00, 0x01, 0x01, 0x00, 0x40,
    0x82, 0x3b, 0x81, 0x40, 0x85, 0x0b, 0x0a, 0x82, 0xc2, 0x9a, 0xda, 0x8a, 0xb9, 0x8a, 0xa1, 0x81,
    0xfd, 0x87, 0xa8, 0x89, 0x8f, 0x9b, 0xbc, 0x80, 0x8f, 0x02, 0x83, 0x9b, 0x80, 0xc9, 0x80, 0x8f,
    0x80, 0xed, 0x80, 0x8f, 0x80, 0xed, 0x80, 0x8f, 0x80, 0xae, 0x82, 0xbb, 0x80, 0x8f, 0x06, 0x80,
    0xf6, 0x80, 0xed, 0x80, 0x8f, 0x80, 0xed, 0x80, 0x8f, 0x80, 0xec, 0x81, 0x8f, 0x80, 0xfb, 0x80,
    0xee, 0x80, 0x8b, 0x28, 0x80, 0xea, 0x80, 0x8c, 0x84, 0xca, 0x81, 0x9a, 0x00, 0x00, 0x03, 0x81,
    0xc1, 0x10, 0x81, 0xbd, 0x80, 0xef, 0x00, 0x81, 0xa7, 0x0b, 0x84, 0x98, 0x30, 0x80, 0x89, 0x81,
    0x42, 0xc0, 0x82, 0x43, 0xb3, 0x81, 0x9d, 0x80, 0x40, 0x93, 0x8a, 0x88, 0x80, 0x41, 0x5a, 0x82,
    0x41, 0x23, 0x80, 0x93, 0x39, 0x80, 0xaf, 0x8e, 0x81, 0x8a, 0x82, 0x8e, 0x81, 0x8b, 0xc7, 0x80,
    0x8e, 0x80, 0xa5, 0x88, 0xb5, 0x81, 0xb9, 0x80, 0x8a, 0x81, 0xc1, 0x81, 0xbf, 0x85, 0xd1, 0x98,
    0x18, 0x28, 0x0a, 0xb1, 0xbe, 0xaf, 0xa3, 0x84, 0x8b, 0xa4, 0x8a, 0x41, 0xbc, 0x00, 0x82, 0x8a,
    0x82, 0x8c, 0x82, 0x8c, 0x82, 0x8c, 0x81, 0x4c, 0xef, 0x82, 0x41, 0x3c, 0x80, 0x41, 0xf9, 0x85,
    0xe8, 0x83, 0xde, 0x80, 0x60, 0x75, 0x71, 0x80, 0x8b, 0x08, 0x80, 0x9b, 0x81, 0xd1, 0x81, 0x8d,
    0xa1, 0xe5, 0x82, 0xe5, 0x05, 0x81, 0x8b, 0x80, 0xa4, 0x80, 0x40, 0x96, 0x80, 0x9a, 0x91, 0xb8,
    0x83, 0xa3, 0x80, 0xde, 0x80, 0x8b, 0x80, 0xa3, 0x80, 0x40, 0x94, 0x82, 0xc0, 0x83, 0xb2, 0x80,
    0xe3, 0x84, 0x88, 0x82, 0xff, 0x81, 0x60, 0x4f, 0x2f, 0x80, 0x43, 0x00, 0x8f, 0x41, 0x0d, 0x00,
    0x80, 0xae, 0x80, 0xac, 0x81, 0xc2, 0x80, 0x42, 0xfb, 0x80, 0x44, 0x9e, 0x28, 0xa9, 0x80, 0x88,
    0x42, 0x7c, 0x13, 0x80, 0x40, 0xa4, 0x81, 0x42, 0x3a, 0x85, 0xa5, 0x80, 0x99, 0x84, 0x41, 0x8b,
    0x01, 0x82, 0xc5, 0x8a, 0xb0, 0x83, 0x40, 0xbf, 0x80, 0xa8, 0x80, 0xc7, 0x81, 0xf7, 0x81, 0xbd,
    0x80, 0xcb, 0x80, 0x88, 0x82, 0xe7, 0x81, 0x40, 0xb1, 0x81, 0xcf, 0x81, 0x8f, 0x80, 0x97, 0x32,
    0x84, 0xd8, 0x10, 0x81, 0x8c, 0x81, 0xde, 0x02, 0x80, 0xfa, 0x81, 0x40, 0xfa, 0x81, 0xfd, 0x80,
    0xf5, 0x81, 0xf2, 0x80, 0x41, 0x0c, 0x81, 0x41, 0x01, 0x0b, 0x80, 0x40, 0x9b, 0x80, 0xd2, 0x80,
    0x91, 0x80, 0xd0, 0x80, 0x41, 0xa4, 0x80, 0x41, 0x01, 0x00, 0x81, 0xd0, 0x80, 0xc0, 0x80, 0x41,
    0x66, 0x81, 0x96, 0x80, 0x54, 0xeb, 0x8e, 0x60, 0x2c, 0xd8, 0x80, 0x49, 0xbf, 0x84, 0xba, 0x86,
    0x42, 0x33, 0x81, 0x42, 0x21, 0x90, 0xcf, 0x81, 0x60, 0x3f, 0xfd, 0x18, 0x30, 0x81, 0x5f, 0x00,
    0xad, 0x81, 0x96, 0x42, 0x1f, 0x12, 0x2f, 0x39, 0x86, 0x9d, 0x83, 0x4e, 0x81, 0xbd, 0x40, 0xc1,
    0x86, 0x41, 0x76, 0x80, 0xbc, 0x83, 0x42, 0xfd, 0x81, 0x42, 0xdf, 0x86, 0xec, 0x10, 0x82,
];
// c: libunicode-table.h:4259
pub static unicode_prop_Extender_table: [u8; 116] = [
    0x40, 0xb6, 0x80, 0x42, 0x17, 0x81, 0x43, 0x6d, 0x80, 0x41, 0xb8, 0x80, 0x42, 0x75, 0x80, 0x40,
    0x88, 0x80, 0xd8, 0x80, 0x42, 0xef, 0x80, 0xfe, 0x80, 0x49, 0x42, 0x80, 0xb7, 0x80, 0x42, 0x62,
    0x80, 0x41, 0x8d, 0x80, 0xc3, 0x80, 0x53, 0x88, 0x80, 0xaa, 0x84, 0xe6, 0x81, 0xdc, 0x82, 0x60,
    0x6f, 0x15, 0x80, 0x45, 0xf5, 0x80, 0x43, 0xc1, 0x80, 0x95, 0x80, 0x40, 0x88, 0x80, 0xeb, 0x80,
    0x94, 0x81, 0x60, 0x54, 0x7a, 0x80, 0x48, 0x0f, 0x81, 0x45, 0xca, 0x80, 0x9a, 0x03, 0x80, 0x44,
    0xc6, 0x80, 0x41, 0x24, 0x80, 0xf3, 0x81, 0x41, 0xf1, 0x82, 0x44, 0xce, 0x80, 0x43, 0x3f, 0x80,
    0x60, 0x4d, 0x67, 0x81, 0x44, 0x9b, 0x08, 0x80, 0x8d, 0x81, 0x60, 0x71, 0x47, 0x81, 0x44, 0xb0,
    0x80, 0x43, 0x53, 0x82,
];
// c: libunicode-table.h:4277
pub static unicode_prop_Hex_Digit_table: [u8; 12] = [
    0xaf, 0x89, 0x35, 0x99, 0x85, 0x60, 0xfe, 0xa8, 0x89, 0x35, 0x99, 0x85,
];
// c: libunicode-table.h:4282
pub static unicode_prop_IDS_Unary_Operator_table: [u8; 4] = [0x60, 0x2f, 0xfd, 0x81];
// c: libunicode-table.h:4286
pub static unicode_prop_IDS_Binary_Operator_table: [u8; 8] =
    [0x60, 0x2f, 0xef, 0x09, 0x89, 0x41, 0xf0, 0x80];
// c: libunicode-table.h:4290
pub static unicode_prop_IDS_Trinary_Operator_table: [u8; 4] = [0x60, 0x2f, 0xf1, 0x81];
// c: libunicode-table.h:4294
pub static unicode_prop_Ideographic_table: [u8; 71] = [
    0x60, 0x30, 0x05, 0x81, 0x98, 0x88, 0x8d, 0x82, 0x43, 0xc4, 0x59, 0xbf, 0xbf, 0x60, 0x51, 0xff,
    0x60, 0x58, 0xff, 0x41, 0x6d, 0x81, 0xe9, 0x60, 0x75, 0x09, 0x80, 0x8c, 0x84, 0x88, 0x5c, 0xd5,
    0xa8, 0x9f, 0xe0, 0xf2, 0x60, 0x23, 0x7c, 0x41, 0x8b, 0x60, 0x4d, 0x03, 0x60, 0xa6, 0xdf, 0x9f,
    0x51, 0x1d, 0x81, 0x56, 0x8d, 0x81, 0x5d, 0x30, 0x8e, 0x42, 0x6d, 0x49, 0xa1, 0x42, 0x1d, 0x45,
    0xe1, 0x53, 0x4a, 0x84, 0x60, 0x21, 0x29,
];
// c: libunicode-table.h:4306
pub static unicode_prop_Join_Control_table: [u8; 4] = [0x60, 0x20, 0x0b, 0x81];
// c: libunicode-table.h:4310
pub static unicode_prop_Logical_Order_Exception_table: [u8; 15] = [
    0x4e, 0x3f, 0x84, 0xfa, 0x84, 0x4a, 0xef, 0x11, 0x80, 0x60, 0x90, 0xf9, 0x09, 0x00, 0x81,
];
// c: libunicode-table.h:4315
pub static unicode_prop_Modifier_Combining_Mark_table: [u8; 16] = [
    0x46, 0x53, 0x09, 0x80, 0x40, 0x82, 0x05, 0x02, 0x81, 0x41, 0xe0, 0x08, 0x12, 0x80, 0x9e, 0x80,
];
// c: libunicode-table.h:4320
pub static unicode_prop_Noncharacter_Code_Point_table: [u8; 71] = [
    0x60, 0xfd, 0xcf, 0x9f, 0x42, 0x0d, 0x81, 0x60, 0xff, 0xfd, 0x81, 0x60, 0xff, 0xfd, 0x81, 0x60,
    0xff, 0xfd, 0x81, 0x60, 0xff, 0xfd, 0x81, 0x60, 0xff, 0xfd, 0x81, 0x60, 0xff, 0xfd, 0x81, 0x60,
    0xff, 0xfd, 0x81, 0x60, 0xff, 0xfd, 0x81, 0x60, 0xff, 0xfd, 0x81, 0x60, 0xff, 0xfd, 0x81, 0x60,
    0xff, 0xfd, 0x81, 0x60, 0xff, 0xfd, 0x81, 0x60, 0xff, 0xfd, 0x81, 0x60, 0xff, 0xfd, 0x81, 0x60,
    0xff, 0xfd, 0x81, 0x60, 0xff, 0xfd, 0x81,
];
// c: libunicode-table.h:4332
pub static unicode_prop_Pattern_Syntax_table: [u8; 58] = [
    0xa0, 0x8e, 0x89, 0x86, 0x99, 0x18, 0x80, 0x99, 0x83, 0xa1, 0x30, 0x00, 0x08, 0x00, 0x0b, 0x03,
    0x02, 0x80, 0x96, 0x80, 0x9e, 0x80, 0x5f, 0x17, 0x97, 0x87, 0x8e, 0x81, 0x92, 0x80, 0x89, 0x41,
    0x30, 0x42, 0xcf, 0x40, 0x9f, 0x42, 0x75, 0x9d, 0x44, 0x6b, 0x41, 0xff, 0xff, 0x41, 0x80, 0x13,
    0x98, 0x8e, 0x80, 0x60, 0xcd, 0x0c, 0x81, 0x41, 0x04, 0x81,
];
// c: libunicode-table.h:4343
pub static unicode_prop_Pattern_White_Space_table: [u8; 11] = [
    0x88, 0x84, 0x91, 0x80, 0xe3, 0x80, 0x5f, 0x87, 0x81, 0x97, 0x81,
];
// c: libunicode-table.h:4348
pub static unicode_prop_Quotation_Mark_table: [u8; 31] = [
    0xa1, 0x03, 0x80, 0x40, 0x82, 0x80, 0x8e, 0x80, 0x5f, 0x5b, 0x87, 0x98, 0x81, 0x4e, 0x06, 0x80,
    0x41, 0xc8, 0x83, 0x8c, 0x82, 0x60, 0xce, 0x20, 0x83, 0x40, 0xbc, 0x03, 0x80, 0xd9, 0x81,
];
// c: libunicode-table.h:4355
pub static unicode_prop_Radical_table: [u8; 9] =
    [0x60, 0x2e, 0x7f, 0x99, 0x80, 0xd8, 0x8b, 0x40, 0xd5];
// c: libunicode-table.h:4360
pub static unicode_prop_Regional_Indicator_table: [u8; 4] = [0x61, 0xf1, 0xe5, 0x99];
// c: libunicode-table.h:4364
pub static unicode_prop_Sentence_Terminal_table: [u8; 213] = [
    0xa0, 0x80, 0x8b, 0x80, 0x8f, 0x80, 0x45, 0x48, 0x80, 0x40, 0x92, 0x82, 0x40, 0xb3, 0x80, 0xaa,
    0x82, 0x40, 0xf5, 0x80, 0xbc, 0x00, 0x02, 0x81, 0x41, 0x24, 0x81, 0x46, 0xe3, 0x81, 0x43, 0x15,
    0x03, 0x81, 0x43, 0x04, 0x80, 0x40, 0xc5, 0x81, 0x40, 0x9c, 0x81, 0xac, 0x04, 0x80, 0x41, 0x39,
    0x81, 0x41, 0x61, 0x83, 0x40, 0xa1, 0x81, 0x89, 0x09, 0x81, 0x9c, 0x82, 0x40, 0xba, 0x81, 0xc0,
    0x81, 0x43, 0xa3, 0x80, 0x96, 0x81, 0x88, 0x82, 0x4c, 0xae, 0x82, 0x41, 0x31, 0x80, 0x8c, 0x80,
    0x95, 0x81, 0x41, 0xac, 0x80, 0x60, 0x74, 0xfb, 0x80, 0x41, 0x0d, 0x81, 0x40, 0xe2, 0x02, 0x80,
    0x41, 0x7d, 0x81, 0xd5, 0x81, 0xde, 0x80, 0x40, 0x97, 0x81, 0x40, 0x92, 0x82, 0x40, 0x8f, 0x81,
    0x40, 0xf8, 0x80, 0x60, 0x52, 0x25, 0x01, 0x81, 0xba, 0x02, 0x81, 0x40, 0xa8, 0x80, 0x8b, 0x80,
    0x8f, 0x80, 0xc0, 0x80, 0x4a, 0xf3, 0x81, 0x44, 0xfc, 0x84, 0xab, 0x83, 0x40, 0xbc, 0x81, 0xf4,
    0x83, 0xfe, 0x82, 0x40, 0x80, 0x0d, 0x80, 0x8f, 0x81, 0xd7, 0x08, 0x81, 0xeb, 0x80, 0x41, 0x29,
    0x81, 0xf4, 0x81, 0x41, 0x74, 0x0c, 0x8e, 0xe8, 0x81, 0x40, 0xf8, 0x82, 0x42, 0x04, 0x00, 0x80,
    0x40, 0xfa, 0x81, 0xd6, 0x81, 0x41, 0xa3, 0x81, 0x42, 0xb3, 0x81, 0xc9, 0x81, 0x60, 0x4b, 0x28,
    0x81, 0x40, 0x84, 0x80, 0xc0, 0x81, 0x8a, 0x80, 0x42, 0x28, 0x81, 0x41, 0x27, 0x80, 0x60, 0x4e,
    0x05, 0x80, 0x5d, 0xe7, 0x80,
];
// c: libunicode-table.h:4394
pub static unicode_prop_Soft_Dotted_table: [u8; 79] = [
    0xe8, 0x81, 0x40, 0xc3, 0x80, 0x41, 0x18, 0x80, 0x9d, 0x80, 0xb3, 0x80, 0x93, 0x80, 0x41, 0x3f,
    0x80, 0xe1, 0x00, 0x80, 0x59, 0x08, 0x80, 0xb2, 0x80, 0x8c, 0x02, 0x80, 0x40, 0x83, 0x80, 0x40,
    0x9c, 0x80, 0x41, 0xa4, 0x80, 0x40, 0xd5, 0x81, 0x4b, 0x31, 0x80, 0x61, 0xa7, 0xa4, 0x81, 0xb1,
    0x81, 0xb1, 0x81, 0xb1, 0x81, 0xb1, 0x81, 0xb1, 0x81, 0xb1, 0x81, 0xb1, 0x81, 0xb1, 0x81, 0xb1,
    0x81, 0xb1, 0x81, 0xb1, 0x81, 0xb1, 0x81, 0x48, 0x85, 0x80, 0x41, 0x30, 0x81, 0x99, 0x80,
];
// c: libunicode-table.h:4407
pub static unicode_prop_Terminal_Punctuation_table: [u8; 264] = [
    0xa0, 0x80, 0x89, 0x00, 0x80, 0x8a, 0x0a, 0x80, 0x43, 0x3d, 0x07, 0x80, 0x42, 0x00, 0x80, 0xb8,
    0x80, 0xc7, 0x80, 0x8d, 0x00, 0x82, 0x40, 0xb3, 0x80, 0xaa, 0x8a, 0x00, 0x40, 0xea, 0x81, 0xb5,
    0x28, 0x87, 0x9e, 0x80, 0x41, 0x04, 0x81, 0x44, 0xf3, 0x81, 0x40, 0xab, 0x03, 0x85, 0x41, 0x36,
    0x81, 0x43, 0x14, 0x87, 0x43, 0x04, 0x80, 0xfb, 0x82, 0xc6, 0x81, 0x40, 0x9c, 0x12, 0x80, 0xa6,
    0x19, 0x81, 0x41, 0x39, 0x81, 0x41, 0x61, 0x83, 0x40, 0xa1, 0x81, 0x89, 0x08, 0x82, 0x9c, 0x82,
    0x40, 0xba, 0x84, 0xbd, 0x81, 0x43, 0xa3, 0x80, 0x96, 0x81, 0x88, 0x82, 0x4c, 0xae, 0x82, 0x41,
    0x31, 0x80, 0x8c, 0x03, 0x80, 0x89, 0x00, 0x0a, 0x81, 0x41, 0xab, 0x81, 0x60, 0x74, 0xfa, 0x81,
    0x41, 0x0c, 0x82, 0x40, 0xe2, 0x84, 0x41, 0x7d, 0x81, 0xd5, 0x81, 0xde, 0x80, 0x40, 0x96, 0x82,
    0x40, 0x92, 0x82, 0xfe, 0x80, 0x8f, 0x81, 0x40, 0xf8, 0x80, 0x60, 0x52, 0x25, 0x01, 0x81, 0xb8,
    0x10, 0x83, 0x40, 0xa8, 0x80, 0x89, 0x00, 0x80, 0x8a, 0x0a, 0x80, 0xc0, 0x01, 0x80, 0x44, 0x39,
    0x80, 0xaf, 0x80, 0x44, 0x85, 0x80, 0x40, 0xc6, 0x80, 0x41, 0x35, 0x81, 0x40, 0x97, 0x85, 0xc3,
    0x85, 0xd8, 0x83, 0x43, 0xb7, 0x84, 0xab, 0x83, 0x40, 0xbc, 0x86, 0xef, 0x83, 0xfe, 0x82, 0x40,
    0x80, 0x0d, 0x80, 0x8f, 0x81, 0xd7, 0x84, 0xeb, 0x80, 0x41, 0x29, 0x81, 0xf4, 0x82, 0x8b, 0x81,
    0x41, 0x65, 0x1a, 0x8e, 0xe8, 0x81, 0x40, 0xf8, 0x82, 0x42, 0x04, 0x00, 0x80, 0x40, 0xfa, 0x81,
    0xd6, 0x0b, 0x81, 0x41, 0x9d, 0x82, 0xac, 0x80, 0x42, 0x84, 0x81, 0xc9, 0x81, 0x45, 0x2a, 0x84,
    0x60, 0x45, 0xf8, 0x81, 0x40, 0x84, 0x80, 0xc0, 0x82, 0x89, 0x80, 0x42, 0x28, 0x81, 0x41, 0x26,
    0x81, 0x60, 0x4e, 0x05, 0x80, 0x5d, 0xe6, 0x83,
];
// c: libunicode-table.h:4443
pub static unicode_prop_Unified_Ideograph_table: [u8; 46] = [
    0x60, 0x33, 0xff, 0x59, 0xbf, 0xbf, 0x60, 0x51, 0xff, 0x60, 0x5a, 0x0d, 0x08, 0x00, 0x81, 0x89,
    0x00, 0x00, 0x09, 0x82, 0x61, 0x05, 0xd5, 0x60, 0xa6, 0xdf, 0x9f, 0x51, 0x1d, 0x81, 0x56, 0x8d,
    0x81, 0x5d, 0x30, 0x8e, 0x42, 0x6d, 0x51, 0xa1, 0x53, 0x4a, 0x84, 0x60, 0x21, 0x29,
];
// c: libunicode-table.h:4452
pub static unicode_prop_Variation_Selector_table: [u8; 13] = [
    0x58, 0x0a, 0x10, 0x80, 0x60, 0xe5, 0xef, 0x8f, 0x6d, 0x02, 0xef, 0x40, 0xef,
];
// c: libunicode-table.h:4457
pub static unicode_prop_White_Space_table: [u8; 22] = [
    0x88, 0x84, 0x91, 0x80, 0xe3, 0x80, 0x99, 0x80, 0x55, 0xde, 0x80, 0x49, 0x7e, 0x8a, 0x9c, 0x0c,
    0x80, 0xae, 0x80, 0x4f, 0x9f, 0x80,
];
// c: libunicode-table.h:4463
pub static unicode_prop_Bidi_Mirrored_table: [u8; 173] = [
    0xa7, 0x81, 0x91, 0x00, 0x80, 0x9b, 0x00, 0x80, 0x9c, 0x00, 0x80, 0xac, 0x80, 0x8e, 0x80, 0x4e,
    0x7d, 0x83, 0x47, 0x5c, 0x81, 0x49, 0x9b, 0x81, 0x89, 0x81, 0xb5, 0x81, 0x8d, 0x81, 0x40, 0xb0,
    0x80, 0x40, 0xbf, 0x1a, 0x2a, 0x02, 0x0a, 0x18, 0x18, 0x00, 0x03, 0x88, 0x20, 0x80, 0x91, 0x23,
    0x88, 0x08, 0x00, 0x38, 0x9f, 0x0b, 0x20, 0x88, 0x09, 0x92, 0x21, 0x88, 0x21, 0x0b, 0x97, 0x81,
    0x8f, 0x3b, 0x93, 0x0e, 0x81, 0x44, 0x3c, 0x8d, 0xc9, 0x01, 0x18, 0x08, 0x14, 0x1c, 0x12, 0x8d,
    0x41, 0x92, 0x95, 0x0d, 0x80, 0x8d, 0x38, 0x35, 0x10, 0x1c, 0x01, 0x0c, 0x18, 0x02, 0x09, 0x89,
    0x29, 0x81, 0x8b, 0x92, 0x03, 0x08, 0x00, 0x08, 0x03, 0x21, 0x2a, 0x97, 0x81, 0x8a, 0x0b, 0x18,
    0x09, 0x0b, 0xaa, 0x0f, 0x80, 0xa7, 0x20, 0x00, 0x14, 0x22, 0x18, 0x14, 0x00, 0x40, 0xff, 0x80,
    0x42, 0x02, 0x1a, 0x08, 0x81, 0x8d, 0x09, 0x89, 0xaa, 0x87, 0x41, 0xaa, 0x89, 0x0f, 0x60, 0xce,
    0x3c, 0x2c, 0x81, 0x40, 0xa1, 0x81, 0x91, 0x00, 0x80, 0x9b, 0x00, 0x80, 0x9c, 0x00, 0x00, 0x08,
    0x81, 0x60, 0xd7, 0x76, 0x80, 0xb8, 0x80, 0xb8, 0x80, 0xb8, 0x80, 0xb8, 0x80,
];
// c: libunicode-table.h:4488
pub static unicode_prop_Emoji_table: [u8; 239] = [
    0xa2, 0x05, 0x04, 0x89, 0xee, 0x03, 0x80, 0x5f, 0x8c, 0x80, 0x8b, 0x80, 0x40, 0xd7, 0x80, 0x95,
    0x80, 0xd9, 0x85, 0x8e, 0x81, 0x41, 0x6e, 0x81, 0x8b, 0x80, 0x40, 0xa5, 0x80, 0x98, 0x8a, 0x1a,
    0x40, 0xc6, 0x80, 0x40, 0xe6, 0x81, 0x89, 0x80, 0x88, 0x80, 0xb9, 0x18, 0x84, 0x88, 0x01, 0x01,
    0x09, 0x03, 0x01, 0x00, 0x09, 0x02, 0x02, 0x0f, 0x14, 0x00, 0x04, 0x8b, 0x8a, 0x09, 0x00, 0x08,
    0x80, 0x91, 0x01, 0x81, 0x91, 0x28, 0x00, 0x0a, 0x0c, 0x01, 0x0b, 0x81, 0x8a, 0x0c, 0x09, 0x04,
    0x08, 0x00, 0x81, 0x93, 0x0c, 0x28, 0x19, 0x03, 0x01, 0x01, 0x28, 0x01, 0x00, 0x00, 0x05, 0x02,
    0x05, 0x80, 0x89, 0x81, 0x8e, 0x01, 0x03, 0x00, 0x03, 0x10, 0x80, 0x8a, 0x81, 0xaf, 0x82, 0x88,
    0x80, 0x8d, 0x80, 0x8d, 0x80, 0x41, 0x73, 0x81, 0x41, 0xce, 0x82, 0x92, 0x81, 0xb2, 0x03, 0x80,
    0x44, 0xd9, 0x80, 0x8b, 0x80, 0x42, 0x58, 0x00, 0x80, 0x61, 0xbd, 0x69, 0x80, 0x40, 0xc9, 0x80,
    0x40, 0x9f, 0x81, 0x8b, 0x81, 0x8d, 0x01, 0x89, 0xca, 0x99, 0x01, 0x96, 0x80, 0x93, 0x01, 0x88,
    0x94, 0x81, 0x40, 0xad, 0xa1, 0x81, 0xef, 0x09, 0x02, 0x81, 0xd2, 0x0a, 0x80, 0x41, 0x06, 0x80,
    0xbe, 0x8a, 0x28, 0x97, 0x31, 0x0f, 0x8b, 0x01, 0x19, 0x03, 0x81, 0x8c, 0x09, 0x07, 0x81, 0x88,
    0x04, 0x82, 0x8b, 0x17, 0x11, 0x00, 0x03, 0x05, 0x02, 0x05, 0xd5, 0xaf, 0xc5, 0x27, 0x0b, 0x82,
    0x89, 0x10, 0x01, 0x10, 0x81, 0x89, 0x40, 0xe2, 0x8b, 0x18, 0x41, 0x1a, 0xae, 0x80, 0x89, 0x80,
    0x40, 0xb8, 0xef, 0x8c, 0x82, 0x8a, 0x82, 0xb8, 0x00, 0x83, 0x8f, 0x81, 0x8b, 0x83, 0x89,
];
// c: libunicode-table.h:4521
pub static unicode_prop_Emoji_Component_table: [u8; 28] = [
    0xa2, 0x05, 0x04, 0x89, 0x5f, 0xd2, 0x80, 0x40, 0xd4, 0x80, 0x60, 0xdd, 0x2a, 0x80, 0x60, 0xf3,
    0xd5, 0x99, 0x41, 0xfa, 0x84, 0x45, 0xaf, 0x83, 0x6c, 0x06, 0x6b, 0xdf,
];
// c: libunicode-table.h:4528
pub static unicode_prop_Emoji_Modifier_table: [u8; 4] = [0x61, 0xf3, 0xfa, 0x84];
// c: libunicode-table.h:4532
pub static unicode_prop_Emoji_Modifier_Base_table: [u8; 71] = [
    0x60, 0x26, 0x1c, 0x80, 0x40, 0xda, 0x80, 0x8f, 0x83, 0x61, 0xcc, 0x76, 0x80, 0xbb, 0x11, 0x01,
    0x82, 0xf4, 0x09, 0x8a, 0x94, 0x92, 0x10, 0x1a, 0x02, 0x30, 0x00, 0x97, 0x80, 0x40, 0xc8, 0x0b,
    0x80, 0x94, 0x03, 0x81, 0x40, 0xad, 0x12, 0x84, 0xd2, 0x80, 0x8f, 0x82, 0x88, 0x80, 0x8a, 0x80,
    0x42, 0x3e, 0x01, 0x07, 0x3d, 0x80, 0x88, 0x89, 0x0a, 0xb7, 0x80, 0xbc, 0x08, 0x08, 0x80, 0x90,
    0x10, 0x8c, 0x40, 0xe4, 0x82, 0xa9, 0x88,
];
// c: libunicode-table.h:4544
pub static unicode_prop_Emoji_Presentation_table: [u8; 145] = [
    0x60, 0x23, 0x19, 0x81, 0x40, 0xcc, 0x1a, 0x01, 0x80, 0x42, 0x08, 0x81, 0x94, 0x81, 0xb1, 0x8b,
    0xaa, 0x80, 0x92, 0x80, 0x8c, 0x07, 0x81, 0x90, 0x0c, 0x0f, 0x04, 0x80, 0x94, 0x06, 0x08, 0x03,
    0x01, 0x06, 0x03, 0x81, 0x9b, 0x80, 0xa2, 0x00, 0x03, 0x10, 0x80, 0xbc, 0x82, 0x97, 0x80, 0x8d,
    0x80, 0x43, 0x5a, 0x81, 0xb2, 0x03, 0x80, 0x61, 0xc4, 0xad, 0x80, 0x40, 0xc9, 0x80, 0x40, 0xbd,
    0x01, 0x89, 0xca, 0x99, 0x00, 0x97, 0x80, 0x93, 0x01, 0x20, 0x82, 0x94, 0x81, 0x40, 0xad, 0xa0,
    0x8b, 0x88, 0x80, 0xc5, 0x80, 0x95, 0x8b, 0xaa, 0x1c, 0x8b, 0x90, 0x10, 0x82, 0xc6, 0x00, 0x80,
    0x40, 0xba, 0x81, 0xbe, 0x8c, 0x18, 0x97, 0x91, 0x80, 0x99, 0x81, 0x8c, 0x80, 0xd5, 0xd4, 0xaf,
    0xc5, 0x28, 0x12, 0x0b, 0x13, 0x8a, 0x0e, 0x88, 0x40, 0xe2, 0x8b, 0x18, 0x41, 0x1a, 0xae, 0x80,
    0x89, 0x80, 0x40, 0xb8, 0xef, 0x8c, 0x82, 0x8a, 0x82, 0xb8, 0x00, 0x83, 0x8f, 0x81, 0x8b, 0x83,
    0x89,
];
// c: libunicode-table.h:4566
pub static unicode_prop_Extended_Pictographic_table: [u8; 254] = [
    0x40, 0xa8, 0x03, 0x80, 0x5f, 0x8c, 0x80, 0x8b, 0x80, 0x40, 0xd7, 0x80, 0x95, 0x80, 0xd9, 0x85,
    0x8e, 0x81, 0x41, 0x6e, 0x81, 0x8b, 0x80, 0x40, 0xa5, 0x80, 0x98, 0x8a, 0x1a, 0x40, 0xc6, 0x80,
    0x40, 0xe6, 0x81, 0x89, 0x80, 0x88, 0x80, 0xb9, 0x18, 0x84, 0x88, 0x01, 0x01, 0x09, 0x03, 0x01,
    0x00, 0x09, 0x02, 0x02, 0x0f, 0x14, 0x00, 0x04, 0x8b, 0x8a, 0x09, 0x00, 0x08, 0x80, 0x91, 0x01,
    0x81, 0x91, 0x28, 0x00, 0x0a, 0x0c, 0x01, 0x0b, 0x81, 0x8a, 0x0c, 0x09, 0x04, 0x08, 0x00, 0x81,
    0x93, 0x0c, 0x28, 0x19, 0x03, 0x01, 0x01, 0x28, 0x01, 0x00, 0x00, 0x05, 0x02, 0x05, 0x80, 0x89,
    0x81, 0x8e, 0x01, 0x03, 0x00, 0x03, 0x10, 0x80, 0x8a, 0x81, 0xaf, 0x82, 0x88, 0x80, 0x8d, 0x80,
    0x8d, 0x80, 0x41, 0x73, 0x81, 0x41, 0xce, 0x82, 0x92, 0x81, 0xb2, 0x03, 0x80, 0x44, 0xd9, 0x80,
    0x8b, 0x80, 0x42, 0x58, 0x00, 0x80, 0x61, 0xbd, 0x69, 0x80, 0xa6, 0x83, 0xe3, 0x8b, 0x8e, 0x81,
    0x8e, 0x80, 0x8d, 0x81, 0xa4, 0x89, 0xef, 0x81, 0x8b, 0x81, 0x8d, 0x01, 0x89, 0x92, 0xb7, 0x9a,
    0x8e, 0x89, 0x80, 0x93, 0x01, 0x88, 0x03, 0x88, 0x96, 0x85, 0x40, 0xbb, 0x81, 0xef, 0x09, 0x02,
    0x81, 0xd2, 0x0a, 0x03, 0x84, 0x40, 0xfd, 0x80, 0xbe, 0x8a, 0x28, 0x97, 0x31, 0x0f, 0x8b, 0x01,
    0x19, 0x03, 0x81, 0x8c, 0x09, 0x07, 0x81, 0x88, 0x04, 0x82, 0x8b, 0x17, 0x11, 0x00, 0x03, 0x05,
    0x02, 0x05, 0xd5, 0xaf, 0xc5, 0x27, 0x81, 0x90, 0x10, 0x05, 0x81, 0x8c, 0x40, 0xd9, 0xa5, 0x8b,
    0x83, 0xb7, 0x87, 0x89, 0x85, 0xa7, 0x87, 0x9d, 0x81, 0x8b, 0x19, 0x8d, 0x88, 0xa6, 0x8b, 0xae,
    0x80, 0x89, 0x80, 0x40, 0xb8, 0xd7, 0x87, 0x8d, 0x40, 0x91, 0x40, 0xff, 0x43, 0xfd,
];
// c: libunicode-table.h:4601
pub static unicode_prop_Default_Ignorable_Code_Point_table: [u8; 51] = [
    0x40, 0xac, 0x80, 0x42, 0xa0, 0x80, 0x42, 0xcb, 0x80, 0x4b, 0x41, 0x81, 0x46, 0x52, 0x81, 0xd4,
    0x84, 0x47, 0xfa, 0x84, 0x99, 0x84, 0xb0, 0x8f, 0x50, 0xf3, 0x80, 0x60, 0xcc, 0x9a, 0x8f, 0x40,
    0xee, 0x80, 0x40, 0x9f, 0x80, 0xce, 0x88, 0x60, 0xbc, 0xa6, 0x83, 0x54, 0xce, 0x87, 0x6c, 0x2e,
    0x84, 0x4f, 0xff,
];
// c: libunicode-table.h:4756
pub const unicode_prop_table: [*const u8; 57] = [
    unicode_prop_Hyphen_table.as_ptr(),
    unicode_prop_Other_Math_table.as_ptr(),
    unicode_prop_Other_Alphabetic_table.as_ptr(),
    unicode_prop_Other_Lowercase_table.as_ptr(),
    unicode_prop_Other_Uppercase_table.as_ptr(),
    unicode_prop_Other_Grapheme_Extend_table.as_ptr(),
    unicode_prop_Other_Default_Ignorable_Code_Point_table.as_ptr(),
    unicode_prop_Other_ID_Start_table.as_ptr(),
    unicode_prop_Other_ID_Continue_table.as_ptr(),
    unicode_prop_Prepended_Concatenation_Mark_table.as_ptr(),
    unicode_prop_ID_Continue1_table.as_ptr(),
    unicode_prop_XID_Start1_table.as_ptr(),
    unicode_prop_XID_Continue1_table.as_ptr(),
    unicode_prop_Changes_When_Titlecased1_table.as_ptr(),
    unicode_prop_Changes_When_Casefolded1_table.as_ptr(),
    unicode_prop_Changes_When_NFKC_Casefolded1_table.as_ptr(),
    unicode_prop_Basic_Emoji1_table.as_ptr(),
    unicode_prop_Basic_Emoji2_table.as_ptr(),
    unicode_prop_RGI_Emoji_Modifier_Sequence_table.as_ptr(),
    unicode_prop_RGI_Emoji_Flag_Sequence_table.as_ptr(),
    unicode_prop_Emoji_Keycap_Sequence_table.as_ptr(),
    unicode_prop_ASCII_Hex_Digit_table.as_ptr(),
    unicode_prop_Bidi_Control_table.as_ptr(),
    unicode_prop_Dash_table.as_ptr(),
    unicode_prop_Deprecated_table.as_ptr(),
    unicode_prop_Diacritic_table.as_ptr(),
    unicode_prop_Extender_table.as_ptr(),
    unicode_prop_Hex_Digit_table.as_ptr(),
    unicode_prop_IDS_Unary_Operator_table.as_ptr(),
    unicode_prop_IDS_Binary_Operator_table.as_ptr(),
    unicode_prop_IDS_Trinary_Operator_table.as_ptr(),
    unicode_prop_Ideographic_table.as_ptr(),
    unicode_prop_Join_Control_table.as_ptr(),
    unicode_prop_Logical_Order_Exception_table.as_ptr(),
    unicode_prop_Modifier_Combining_Mark_table.as_ptr(),
    unicode_prop_Noncharacter_Code_Point_table.as_ptr(),
    unicode_prop_Pattern_Syntax_table.as_ptr(),
    unicode_prop_Pattern_White_Space_table.as_ptr(),
    unicode_prop_Quotation_Mark_table.as_ptr(),
    unicode_prop_Radical_table.as_ptr(),
    unicode_prop_Regional_Indicator_table.as_ptr(),
    unicode_prop_Sentence_Terminal_table.as_ptr(),
    unicode_prop_Soft_Dotted_table.as_ptr(),
    unicode_prop_Terminal_Punctuation_table.as_ptr(),
    unicode_prop_Unified_Ideograph_table.as_ptr(),
    unicode_prop_Variation_Selector_table.as_ptr(),
    unicode_prop_White_Space_table.as_ptr(),
    unicode_prop_Bidi_Mirrored_table.as_ptr(),
    unicode_prop_Emoji_table.as_ptr(),
    unicode_prop_Emoji_Component_table.as_ptr(),
    unicode_prop_Emoji_Modifier_table.as_ptr(),
    unicode_prop_Emoji_Modifier_Base_table.as_ptr(),
    unicode_prop_Emoji_Presentation_table.as_ptr(),
    unicode_prop_Extended_Pictographic_table.as_ptr(),
    unicode_prop_Default_Ignorable_Code_Point_table.as_ptr(),
    unicode_prop_ID_Start_table.as_ptr(),
    unicode_prop_Case_Ignorable_table.as_ptr(),
];
// c: libunicode-table.h:4816
pub static unicode_prop_len_table: [u16; 57] = [
    unicode_prop_Hyphen_table.len() as u16,
    unicode_prop_Other_Math_table.len() as u16,
    unicode_prop_Other_Alphabetic_table.len() as u16,
    unicode_prop_Other_Lowercase_table.len() as u16,
    unicode_prop_Other_Uppercase_table.len() as u16,
    unicode_prop_Other_Grapheme_Extend_table.len() as u16,
    unicode_prop_Other_Default_Ignorable_Code_Point_table.len() as u16,
    unicode_prop_Other_ID_Start_table.len() as u16,
    unicode_prop_Other_ID_Continue_table.len() as u16,
    unicode_prop_Prepended_Concatenation_Mark_table.len() as u16,
    unicode_prop_ID_Continue1_table.len() as u16,
    unicode_prop_XID_Start1_table.len() as u16,
    unicode_prop_XID_Continue1_table.len() as u16,
    unicode_prop_Changes_When_Titlecased1_table.len() as u16,
    unicode_prop_Changes_When_Casefolded1_table.len() as u16,
    unicode_prop_Changes_When_NFKC_Casefolded1_table.len() as u16,
    unicode_prop_Basic_Emoji1_table.len() as u16,
    unicode_prop_Basic_Emoji2_table.len() as u16,
    unicode_prop_RGI_Emoji_Modifier_Sequence_table.len() as u16,
    unicode_prop_RGI_Emoji_Flag_Sequence_table.len() as u16,
    unicode_prop_Emoji_Keycap_Sequence_table.len() as u16,
    unicode_prop_ASCII_Hex_Digit_table.len() as u16,
    unicode_prop_Bidi_Control_table.len() as u16,
    unicode_prop_Dash_table.len() as u16,
    unicode_prop_Deprecated_table.len() as u16,
    unicode_prop_Diacritic_table.len() as u16,
    unicode_prop_Extender_table.len() as u16,
    unicode_prop_Hex_Digit_table.len() as u16,
    unicode_prop_IDS_Unary_Operator_table.len() as u16,
    unicode_prop_IDS_Binary_Operator_table.len() as u16,
    unicode_prop_IDS_Trinary_Operator_table.len() as u16,
    unicode_prop_Ideographic_table.len() as u16,
    unicode_prop_Join_Control_table.len() as u16,
    unicode_prop_Logical_Order_Exception_table.len() as u16,
    unicode_prop_Modifier_Combining_Mark_table.len() as u16,
    unicode_prop_Noncharacter_Code_Point_table.len() as u16,
    unicode_prop_Pattern_Syntax_table.len() as u16,
    unicode_prop_Pattern_White_Space_table.len() as u16,
    unicode_prop_Quotation_Mark_table.len() as u16,
    unicode_prop_Radical_table.len() as u16,
    unicode_prop_Regional_Indicator_table.len() as u16,
    unicode_prop_Sentence_Terminal_table.len() as u16,
    unicode_prop_Soft_Dotted_table.len() as u16,
    unicode_prop_Terminal_Punctuation_table.len() as u16,
    unicode_prop_Unified_Ideograph_table.len() as u16,
    unicode_prop_Variation_Selector_table.len() as u16,
    unicode_prop_White_Space_table.len() as u16,
    unicode_prop_Bidi_Mirrored_table.len() as u16,
    unicode_prop_Emoji_table.len() as u16,
    unicode_prop_Emoji_Component_table.len() as u16,
    unicode_prop_Emoji_Modifier_table.len() as u16,
    unicode_prop_Emoji_Modifier_Base_table.len() as u16,
    unicode_prop_Emoji_Presentation_table.len() as u16,
    unicode_prop_Extended_Pictographic_table.len() as u16,
    unicode_prop_Default_Ignorable_Code_Point_table.len() as u16,
    unicode_prop_ID_Start_table.len() as u16,
    unicode_prop_Case_Ignorable_table.len() as u16,
];
// c: libunicode-table.h:4897
pub static unicode_rgi_emoji_tag_sequence: [u8; 18] = [
    0x67, 0x62, 0x65, 0x6e, 0x67, 0x00, 0x67, 0x62, 0x73, 0x63, 0x74, 0x00, 0x67, 0x62, 0x77, 0x6c,
    0x73, 0x00,
];
// c: libunicode-table.h:4903
pub static unicode_rgi_emoji_zwj_sequence: [u8; 2392] = [
    0x02, 0xb8, 0x19, 0x40, 0x86, 0x02, 0xd1, 0x39, 0xb0, 0x19, 0x02, 0x26, 0x39, 0x42, 0x86, 0x02,
    0xb4, 0x36, 0x42, 0x86, 0x03, 0x68, 0x54, 0x64, 0x87, 0x68, 0x54, 0x02, 0xdc, 0x39, 0x42, 0x86,
    0x02, 0xd1, 0x39, 0x73, 0x13, 0x02, 0x39, 0x39, 0x40, 0x86, 0x02, 0x69, 0x34, 0xbd, 0x19, 0x03,
    0xb6, 0x36, 0x40, 0x86, 0xa1, 0x87, 0x03, 0x68, 0x74, 0x1d, 0x19, 0x68, 0x74, 0x03, 0x68, 0x34,
    0xbd, 0x19, 0xa1, 0x87, 0x02, 0xf1, 0x7a, 0xf2, 0x7a, 0x02, 0xca, 0x33, 0x42, 0x86, 0x02, 0x69,
    0x34, 0xb0, 0x19, 0x04, 0x68, 0x14, 0x68, 0x14, 0x67, 0x14, 0x66, 0x14, 0x02, 0xf9, 0x26, 0x42,
    0x86, 0x03, 0x69, 0x74, 0x1d, 0x19, 0x69, 0x74, 0x03, 0xd1, 0x19, 0xbc, 0x19, 0xa1, 0x87, 0x02,
    0x3c, 0x19, 0x40, 0x86, 0x02, 0x68, 0x34, 0xeb, 0x13, 0x02, 0xc3, 0x33, 0xa1, 0x87, 0x02, 0x70,
    0x34, 0x40, 0x86, 0x02, 0xd4, 0x39, 0x42, 0x86, 0x02, 0xcf, 0x39, 0x42, 0x86, 0x03, 0xd1, 0x79,
    0xef, 0x1a, 0xd1, 0x79, 0x03, 0x68, 0x74, 0xef, 0x1a, 0x68, 0x74, 0x03, 0x69, 0x74, 0xef, 0x1a,
    0x69, 0x74, 0x02, 0x47, 0x36, 0x40, 0x86, 0x03, 0x68, 0x74, 0x30, 0x14, 0x68, 0x74, 0x02, 0x39,
    0x39, 0x42, 0x86, 0x04, 0xd1, 0x79, 0x64, 0x87, 0x8b, 0x14, 0xd1, 0x79, 0x03, 0x69, 0x74, 0x30,
    0x14, 0x69, 0x74, 0x02, 0xd1, 0x39, 0x95, 0x86, 0x02, 0x68, 0x34, 0x93, 0x13, 0x02, 0x69, 0x34,
    0xed, 0x13, 0x02, 0xda, 0x39, 0x40, 0x86, 0x03, 0x69, 0x34, 0xaf, 0x19, 0xa1, 0x87, 0x02, 0xd1,
    0x39, 0x93, 0x13, 0x03, 0xce, 0x39, 0x42, 0x86, 0xa1, 0x87, 0x03, 0xd1, 0x79, 0x64, 0x87, 0xd1,
    0x79, 0x03, 0xc3, 0x33, 0x42, 0x86, 0xa1, 0x87, 0x03, 0x69, 0x74, 0x1d, 0x19, 0x68, 0x74, 0x02,
    0x69, 0x34, 0x92, 0x16, 0x02, 0xd1, 0x39, 0x96, 0x86, 0x04, 0x69, 0x14, 0x64, 0x87, 0x8b, 0x14,
    0x68, 0x14, 0x02, 0x47, 0x36, 0x42, 0x86, 0x02, 0x68, 0x34, 0x7c, 0x13, 0x02, 0x86, 0x34, 0x42,
    0x86, 0x02, 0xd1, 0x39, 0x7c, 0x13, 0x02, 0x69, 0x14, 0xa4, 0x13, 0x02, 0xda, 0x39, 0x42, 0x86,
    0x02, 0x37, 0x39, 0x40, 0x86, 0x02, 0xd1, 0x39, 0x08, 0x87, 0x04, 0x68, 0x54, 0x64, 0x87, 0x8b,
    0x14, 0x68, 0x54, 0x02, 0x4d, 0x36, 0x40, 0x86, 0x02, 0x68, 0x34, 0x2c, 0x15, 0x02, 0x69, 0x34,
    0xaf, 0x19, 0x02, 0x6e, 0x34, 0x40, 0x86, 0x02, 0xcd, 0x39, 0x42, 0x86, 0x02, 0xd1, 0x39, 0x2c,
    0x15, 0x02, 0x6f, 0x14, 0x40, 0x86, 0x03, 0xd1, 0x39, 0xbc, 0x19, 0xa1, 0x87, 0x02, 0x68, 0x34,
    0xa8, 0x13, 0x02, 0x69, 0x34, 0x73, 0x13, 0x04, 0x69, 0x54, 0x64, 0x87, 0x8b, 0x14, 0x68, 0x54,
    0x02, 0x71, 0x34, 0x42, 0x86, 0x02, 0x45, 0x36, 0x40, 0x86, 0x02, 0xd1, 0x39, 0xa8, 0x13, 0x03,
    0x69, 0x54, 0x64, 0x87, 0x68, 0x54, 0x03, 0x69, 0x54, 0x64, 0x87, 0x69, 0x54, 0x03, 0xce, 0x39,
    0x40, 0x86, 0xa1, 0x87, 0x02, 0xd8, 0x39, 0x40, 0x86, 0x03, 0xc3, 0x33, 0x40, 0x86, 0xa1, 0x87,
    0x02, 0x4d, 0x36, 0x42, 0x86, 0x02, 0xd1, 0x19, 0x92, 0x16, 0x02, 0xd1, 0x39, 0xeb, 0x13, 0x02,
    0x68, 0x34, 0xbc, 0x14, 0x02, 0xd1, 0x39, 0xbc, 0x14, 0x02, 0x3d, 0x39, 0x40, 0x86, 0x02, 0xb8,
    0x39, 0x42, 0x86, 0x02, 0xa3, 0x36, 0x40, 0x86, 0x02, 0x75, 0x35, 0x40, 0x86, 0x02, 0xd8, 0x39,
    0x42, 0x86, 0x02, 0x69, 0x34, 0x93, 0x13, 0x02, 0x35, 0x39, 0x40, 0x86, 0x02, 0x4b, 0x36, 0x40,
    0x86, 0x02, 0x3d, 0x39, 0x42, 0x86, 0x02, 0x38, 0x39, 0x42, 0x86, 0x02, 0xa3, 0x36, 0x42, 0x86,
    0x03, 0x69, 0x14, 0x67, 0x14, 0x67, 0x14, 0x02, 0xb6, 0x36, 0x40, 0x86, 0x02, 0x69, 0x34, 0x7c,
    0x13, 0x02, 0x75, 0x35, 0x42, 0x86, 0x02, 0xcc, 0x93, 0x40, 0x86, 0x02, 0x6f, 0x34, 0x42, 0x86,
    0x02, 0xcc, 0x33, 0x40, 0x86, 0x03, 0xd1, 0x39, 0xbd, 0x19, 0xa1, 0x87, 0x02, 0x87, 0x34, 0x40,
    0x86, 0x02, 0x82, 0x34, 0x40, 0x86, 0x02, 0x69, 0x14, 0x3e, 0x13, 0x02, 0xd6, 0x39, 0x40, 0x86,
    0x02, 0x68, 0x14, 0xbd, 0x19, 0x02, 0x4b, 0x36, 0x42, 0x86, 0x02, 0x46, 0x36, 0x42, 0x86, 0x02,
    0x69, 0x34, 0x2c, 0x15, 0x03, 0xb6, 0x36, 0x42, 0x86, 0xa1, 0x87, 0x02, 0xc4, 0x33, 0x40, 0x86,
    0x02, 0x26, 0x19, 0x40, 0x86, 0x02, 0x69, 0x14, 0xb0, 0x19, 0x02, 0xde, 0x19, 0x42, 0x86, 0x02,
    0x69, 0x34, 0xa8, 0x13, 0x02, 0xcc, 0x33, 0x42, 0x86, 0x02, 0x82, 0x34, 0x42, 0x86, 0x02, 0xd1,
    0x19, 0x93, 0x13, 0x02, 0x81, 0x14, 0x42, 0x86, 0x03, 0xd1, 0x79, 0x30, 0x14, 0xd1, 0x79, 0x02,
    0x68, 0x34, 0xbb, 0x14, 0x02, 0x69, 0x34, 0x95, 0x86, 0x02, 0xd1, 0x39, 0xbb, 0x14, 0x02, 0x69,
    0x34, 0xeb, 0x13, 0x02, 0xd1, 0x39, 0x84, 0x13, 0x02, 0x69, 0x34, 0xbc, 0x14, 0x04, 0x69, 0x54,
    0x64, 0x87, 0x8b, 0x14, 0x69, 0x54, 0x02, 0x26, 0x39, 0x40, 0x86, 0x02, 0xb4, 0x36, 0x40, 0x86,
    0x02, 0x47, 0x16, 0x42, 0x86, 0x02, 0xdc, 0x39, 0x40, 0x86, 0x02, 0xca, 0x33, 0x40, 0x86, 0x02,
    0xf9, 0x26, 0x40, 0x86, 0x02, 0x69, 0x34, 0x08, 0x87, 0x03, 0x69, 0x14, 0x69, 0x14, 0x66, 0x14,
    0x03, 0xd1, 0x59, 0x1d, 0x19, 0xd1, 0x59, 0x02, 0xd4, 0x39, 0x40, 0x86, 0x02, 0xcf, 0x39, 0x40,
    0x86, 0x02, 0x68, 0x34, 0xa4, 0x13, 0x02, 0xd1, 0x39, 0xa4, 0x13, 0x02, 0xd1, 0x19, 0xa8, 0x13,
    0x02, 0xd7, 0x39, 0x42, 0x86, 0x03, 0x69, 0x34, 0xbc, 0x19, 0xa1, 0x87, 0x02, 0x68, 0x14, 0xb0,
    0x19, 0x02, 0x3c, 0x39, 0x42, 0x86, 0x02, 0x68, 0x14, 0x73, 0x13, 0x04, 0x69, 0x14, 0x69, 0x14,
    0x66, 0x14, 0x66, 0x14, 0x03, 0x68, 0x34, 0xaf, 0x19, 0xa1, 0x87, 0x02, 0x68, 0x34, 0x80, 0x16,
    0x02, 0x73, 0x34, 0x42, 0x86, 0x02, 0xd1, 0x39, 0x80, 0x16, 0x02, 0x68, 0x34, 0xb0, 0x19, 0x02,
    0x86, 0x34, 0x40, 0x86, 0x02, 0x38, 0x19, 0x42, 0x86, 0x02, 0x69, 0x34, 0xbb, 0x14, 0x02, 0xb5,
    0x36, 0x42, 0x86, 0x02, 0xcd, 0x39, 0x40, 0x86, 0x02, 0x68, 0x34, 0x27, 0x15, 0x02, 0x68, 0x34,
    0x95, 0x86, 0x03, 0x68, 0x14, 0x68, 0x14, 0x66, 0x14, 0x02, 0x71, 0x34, 0x40, 0x86, 0x02, 0xd1,
    0x39, 0x27, 0x15, 0x02, 0x2e, 0x16, 0xa8, 0x14, 0x02, 0xc3, 0x33, 0x42, 0x86, 0x02, 0x69, 0x14,
    0x66, 0x14, 0x02, 0x68, 0x34, 0x96, 0x86, 0x02, 0xd1, 0x39, 0x70, 0x1a, 0x03, 0x69, 0x14, 0x64,
    0x87, 0x68, 0x14, 0x02, 0x69, 0x34, 0xa4, 0x13, 0x02, 0xb8, 0x39, 0x40, 0x86, 0x02, 0x68, 0x34,
    0x3e, 0x13, 0x03, 0xd1, 0x19, 0xaf, 0x19, 0xa1, 0x87, 0x02, 0xd1, 0x39, 0x3e, 0x13, 0x02, 0x68,
    0x34, 0xbd, 0x19, 0x02, 0xd1, 0x19, 0xbb, 0x14, 0x02, 0xd1, 0x19, 0x95, 0x86, 0x02, 0xdb, 0x39,
    0x42, 0x86, 0x02, 0x38, 0x39, 0x40, 0x86, 0x02, 0x69, 0x34, 0x80, 0x16, 0x02, 0x69, 0x14, 0xeb,
    0x13, 0x04, 0x68, 0x14, 0x69, 0x14, 0x67, 0x14, 0x67, 0x14, 0x02, 0x6f, 0x34, 0x40, 0x86, 0x02,
    0x77, 0x34, 0x42, 0x86, 0x02, 0x46, 0x36, 0x40, 0x86, 0x02, 0x68, 0x34, 0x92, 0x16, 0x02, 0x4e,
    0x36, 0x42, 0x86, 0x03, 0x69, 0x14, 0xbd, 0x19, 0xa1, 0x87, 0x02, 0xde, 0x19, 0x40, 0x86, 0x02,
    0x69, 0x34, 0x27, 0x15, 0x03, 0xc3, 0x13, 0x40, 0x86, 0xa1, 0x87, 0x02, 0x81, 0x14, 0x40, 0x86,
    0x03, 0xd1, 0x39, 0xaf, 0x19, 0xa1, 0x87, 0x02, 0x68, 0x34, 0xbc, 0x19, 0x02, 0xd1, 0x19, 0x80,
    0x16, 0x02, 0xd9, 0x39, 0x42, 0x86, 0x02, 0xd1, 0x39, 0xbc, 0x19, 0x02, 0xdc, 0x19, 0x42, 0x86,
    0x02, 0x68, 0x34, 0x73, 0x13, 0x02, 0x69, 0x34, 0x3e, 0x13, 0x02, 0x47, 0x16, 0x40, 0x86, 0x02,
    0xd1, 0x39, 0xbd, 0x19, 0x02, 0x3e, 0x39, 0x42, 0x86, 0x02, 0x69, 0x14, 0x95, 0x86, 0x02, 0x68,
    0x14, 0x96, 0x86, 0x03, 0x69, 0x34, 0xbd, 0x19, 0xa1, 0x87, 0x02, 0xd7, 0x39, 0x40, 0x86, 0x02,
    0x45, 0x16, 0x42, 0x86, 0x02, 0x68, 0x34, 0xed, 0x13, 0x03, 0x68, 0x34, 0xbc, 0x19, 0xa1, 0x87,
    0x02, 0xd1, 0x39, 0xed, 0x13, 0x02, 0x3c, 0x39, 0x40, 0x86, 0x02, 0xd1, 0x19, 0x70, 0x1a, 0x02,
    0xd1, 0x39, 0x92, 0x16, 0x02, 0x73, 0x34, 0x40, 0x86, 0x02, 0x38, 0x19, 0x40, 0x86, 0x02, 0xb5,
    0x36, 0x40, 0x86, 0x02, 0x68, 0x34, 0xaf, 0x19, 0x02, 0xd1, 0x39, 0xaf, 0x19, 0x02, 0x69, 0x34,
    0xbc, 0x19, 0x02, 0xb6, 0x16, 0x42, 0x86, 0x02, 0x26, 0x14, 0x25, 0x15, 0x02, 0xc3, 0x33, 0x40,
    0x86, 0x02, 0xdd, 0x39, 0x42, 0x86, 0x02, 0xcb, 0x93, 0x42, 0x86, 0x02, 0xcb, 0x33, 0x42, 0x86,
    0x02, 0x81, 0x34, 0x42, 0x86, 0x02, 0xce, 0x39, 0xa1, 0x87, 0x02, 0xdb, 0x39, 0x40, 0x86, 0x02,
    0x68, 0x34, 0x08, 0x87, 0x02, 0xd1, 0x19, 0xb0, 0x19, 0x02, 0x77, 0x34, 0x40, 0x86, 0x02, 0x4e,
    0x36, 0x40, 0x86, 0x02, 0xce, 0x39, 0x42, 0x86, 0x02, 0x4e, 0x16, 0x42, 0x86, 0x02, 0xd9, 0x39,
    0x40, 0x86, 0x02, 0xdc, 0x19, 0x40, 0x86, 0x02, 0x3e, 0x39, 0x40, 0x86, 0x02, 0xb9, 0x39, 0x42,
    0x86, 0x02, 0xda, 0x19, 0x42, 0x86, 0x02, 0x42, 0x16, 0x94, 0x81, 0x02, 0x45, 0x16, 0x40, 0x86,
    0x02, 0x69, 0x14, 0xbd, 0x19, 0x02, 0x70, 0x34, 0x42, 0x86, 0x02, 0xce, 0x19, 0xa1, 0x87, 0x02,
    0xc3, 0x13, 0x42, 0x86, 0x02, 0x68, 0x14, 0x08, 0x87, 0x02, 0xd1, 0x19, 0x7c, 0x13, 0x02, 0x68,
    0x14, 0x92, 0x16, 0x02, 0xb6, 0x16, 0x40, 0x86, 0x02, 0x37, 0x39, 0x42, 0x86, 0x03, 0xce, 0x19,
    0x42, 0x86, 0xa1, 0x87, 0x03, 0x68, 0x14, 0x67, 0x14, 0x67, 0x14, 0x02, 0xdd, 0x39, 0x40, 0x86,
    0x02, 0xcf, 0x19, 0x42, 0x86, 0x02, 0xd1, 0x19, 0x2c, 0x15, 0x02, 0x4b, 0x13, 0xe9, 0x17, 0x02,
    0x68, 0x14, 0x67, 0x14, 0x02, 0xcb, 0x93, 0x40, 0x86, 0x02, 0x6e, 0x34, 0x42, 0x86, 0x02, 0xcb,
    0x33, 0x40, 0x86, 0x02, 0x81, 0x34, 0x40, 0x86, 0x02, 0xb6, 0x36, 0xa1, 0x87, 0x02, 0x45, 0x36,
    0x42, 0x86, 0x02, 0xb4, 0x16, 0x42, 0x86, 0x02, 0x69, 0x14, 0x73, 0x13, 0x04, 0x69, 0x14, 0x69,
    0x14, 0x67, 0x14, 0x66, 0x14, 0x02, 0x35, 0x39, 0x42, 0x86, 0x02, 0x68, 0x14, 0x93, 0x13, 0x02,
    0xb6, 0x36, 0x42, 0x86, 0x03, 0x68, 0x14, 0x69, 0x14, 0x66, 0x14, 0x02, 0xce, 0x39, 0x40, 0x86,
    0x02, 0x4e, 0x16, 0x40, 0x86, 0x02, 0x87, 0x34, 0x42, 0x86, 0x02, 0x86, 0x14, 0x42, 0x86, 0x02,
    0xd6, 0x39, 0x42, 0x86, 0x02, 0xc4, 0x33, 0x42, 0x86, 0x02, 0x69, 0x34, 0x96, 0x86, 0x02, 0xb9,
    0x39, 0x40, 0x86, 0x02, 0x68, 0x14, 0xa8, 0x13, 0x02, 0xd1, 0x19, 0x84, 0x13, 0x02, 0xda, 0x19,
    0x40, 0x86, 0x02, 0xd8, 0x19, 0x42, 0x86, 0x02, 0xc3, 0x13, 0x40, 0x86, 0x02, 0xb9, 0x19, 0x42,
    0x86, 0x02, 0x3d, 0x19, 0x42, 0x86, 0x02, 0xcf, 0x19, 0x40, 0x86, 0x04, 0x68, 0x14, 0x68, 0x14,
    0x67, 0x14, 0x67, 0x14, 0x03, 0xd1, 0x19, 0xd1, 0x19, 0xd2, 0x19, 0x02, 0x68, 0x14, 0xbb, 0x14,
    0x02, 0x3b, 0x14, 0x44, 0x87, 0x02, 0xd1, 0x19, 0x27, 0x15, 0x02, 0xb4, 0x16, 0x40, 0x86, 0x02,
    0xcd, 0x19, 0x42, 0x86, 0x02, 0xd3, 0x86, 0xa5, 0x14, 0x02, 0x70, 0x14, 0x42, 0x86, 0x03, 0xb6,
    0x16, 0x42, 0x86, 0xa1, 0x87, 0x04, 0x69, 0x14, 0x64, 0x87, 0x8b, 0x14, 0x69, 0x14, 0x02, 0x36,
    0x16, 0x2b, 0x93, 0x02, 0x68, 0x14, 0x80, 0x16, 0x02, 0x86, 0x14, 0x40, 0x86, 0x02, 0x08, 0x14,
    0x1b, 0x0b, 0x02, 0xd1, 0x19, 0xbc, 0x19, 0x02, 0xca, 0x13, 0x42, 0x86, 0x02, 0x41, 0x94, 0xe8,
    0x95, 0x02, 0xd8, 0x19, 0x40, 0x86, 0x02, 0xb9, 0x19, 0x40, 0x86, 0x02, 0xd1, 0x19, 0xed, 0x13,
    0x02, 0xf9, 0x86, 0x42, 0x86, 0x03, 0xd1, 0x19, 0xbd, 0x19, 0xa1, 0x87, 0x02, 0x3d, 0x19, 0x40,
    0x86, 0x02, 0xd6, 0x19, 0x42, 0x86, 0x03, 0x69, 0x14, 0x66, 0x14, 0x66, 0x14, 0x02, 0xd1, 0x19,
    0xaf, 0x19, 0x03, 0x69, 0x14, 0x69, 0x14, 0x67, 0x14, 0x02, 0xcd, 0x19, 0x40, 0x86, 0x02, 0x70,
    0x14, 0x40, 0x86, 0x03, 0x68, 0x14, 0xbc, 0x19, 0xa1, 0x87, 0x02, 0x6e, 0x14, 0x42, 0x86, 0x02,
    0x69, 0x14, 0x92, 0x16, 0x03, 0x68, 0x14, 0x68, 0x14, 0x67, 0x14, 0x02, 0x69, 0x14, 0x67, 0x14,
    0x02, 0x75, 0x95, 0x42, 0x86, 0x03, 0x69, 0x14, 0x64, 0x87, 0x69, 0x14, 0x02, 0xd1, 0x19, 0xbc,
    0x14, 0x02, 0xdf, 0x19, 0x42, 0x86, 0x02, 0xca, 0x13, 0x40, 0x86, 0x02, 0x82, 0x14, 0x42, 0x86,
    0x02, 0x69, 0x14, 0x93, 0x13, 0x02, 0x68, 0x14, 0x7c, 0x13, 0x02, 0xf9, 0x86, 0x40, 0x86, 0x02,
    0xd6, 0x19, 0x40, 0x86, 0x02, 0x68, 0x14, 0x2c, 0x15, 0x02, 0x69, 0x14, 0xa8, 0x13, 0x02, 0xd4,
    0x19, 0x42, 0x86, 0x04, 0x68, 0x14, 0x69, 0x14, 0x66, 0x14, 0x66, 0x14, 0x02, 0x77, 0x14, 0x42,
    0x86, 0x02, 0x39, 0x19, 0x42, 0x86, 0x02, 0xd1, 0x19, 0xa4, 0x13, 0x02, 0x6e, 0x14, 0x40, 0x86,
    0x03, 0xd1, 0x19, 0xd2, 0x19, 0xd2, 0x19, 0x02, 0x69, 0x14, 0xbb, 0x14, 0x02, 0xd1, 0x19, 0x96,
    0x86, 0x02, 0x75, 0x95, 0x40, 0x86, 0x04, 0x68, 0x14, 0x64, 0x87, 0x8b, 0x14, 0x68, 0x14, 0x02,
    0xd1, 0x19, 0x3e, 0x13, 0x02, 0xdf, 0x19, 0x40, 0x86, 0x02, 0x82, 0x14, 0x40, 0x86, 0x02, 0x44,
    0x13, 0xeb, 0x17, 0x02, 0xdd, 0x19, 0x42, 0x86, 0x03, 0x68, 0x14, 0xaf, 0x19, 0xa1, 0x87, 0x02,
    0x69, 0x14, 0x80, 0x16, 0x02, 0xa3, 0x16, 0x42, 0x86, 0x02, 0x69, 0x14, 0x96, 0x86, 0x02, 0x46,
    0x16, 0x42, 0x86, 0x02, 0xb6, 0x16, 0xa1, 0x87, 0x02, 0x68, 0x14, 0x27, 0x15, 0x02, 0x26, 0x14,
    0x1b, 0x0b, 0x02, 0xd4, 0x19, 0x40, 0x86, 0x02, 0x77, 0x14, 0x40, 0x86, 0x02, 0x39, 0x19, 0x40,
    0x86, 0x02, 0x37, 0x19, 0x42, 0x86, 0x03, 0x69, 0x14, 0x67, 0x14, 0x66, 0x14, 0x03, 0xc3, 0x13,
    0x42, 0x86, 0xa1, 0x87, 0x02, 0x68, 0x14, 0xbc, 0x19, 0x02, 0xd1, 0x19, 0xeb, 0x13, 0x04, 0x69,
    0x14, 0x69, 0x14, 0x67, 0x14, 0x67, 0x14, 0x02, 0xd1, 0x19, 0x08, 0x87, 0x02, 0x68, 0x14, 0xed,
    0x13, 0x03, 0x69, 0x14, 0xbc, 0x19, 0xa1, 0x87, 0x02, 0xdd, 0x19, 0x40, 0x86, 0x02, 0xc3, 0x13,
    0xa1, 0x87, 0x03, 0x68, 0x14, 0x66, 0x14, 0x66, 0x14, 0x03, 0x68, 0x14, 0x69, 0x14, 0x67, 0x14,
    0x02, 0xa3, 0x16, 0x40, 0x86, 0x02, 0xdb, 0x19, 0x42, 0x86, 0x02, 0x68, 0x14, 0xaf, 0x19, 0x02,
    0x46, 0x16, 0x40, 0x86, 0x02, 0x35, 0x16, 0xab, 0x14, 0x02, 0x68, 0x14, 0x95, 0x86, 0x02, 0x42,
    0x16, 0x95, 0x81, 0x02, 0xc4, 0x13, 0x42, 0x86, 0x02, 0x15, 0x14, 0xba, 0x19, 0x03, 0xd1, 0x19,
    0x1d, 0x19, 0xd1, 0x19, 0x02, 0x69, 0x14, 0x08, 0x87, 0x02, 0x69, 0x14, 0x7c, 0x13, 0x02, 0x37,
    0x19, 0x40, 0x86, 0x02, 0x73, 0x14, 0x42, 0x86, 0x02, 0x69, 0x14, 0x2c, 0x15, 0x02, 0xb5, 0x16,
    0x42, 0x86, 0x02, 0x35, 0x19, 0x42, 0x86, 0x04, 0x68, 0x14, 0x69, 0x14, 0x67, 0x14, 0x66, 0x14,
    0x02, 0x64, 0x87, 0x25, 0x15, 0x02, 0x64, 0x87, 0x79, 0x1a, 0x02, 0x68, 0x14, 0xbc, 0x14, 0x03,
    0xce, 0x19, 0x40, 0x86, 0xa1, 0x87, 0x02, 0x87, 0x14, 0x42, 0x86, 0x02, 0x4d, 0x16, 0x42, 0x86,
    0x04, 0x68, 0x14, 0x68, 0x14, 0x66, 0x14, 0x66, 0x14, 0x02, 0xdb, 0x19, 0x40, 0x86, 0x02, 0xd9,
    0x19, 0x42, 0x86, 0x02, 0xc4, 0x13, 0x40, 0x86, 0x02, 0xd1, 0x19, 0xbd, 0x19, 0x02, 0x68, 0x14,
    0xa4, 0x13, 0x02, 0x3e, 0x19, 0x42, 0x86, 0x02, 0xf3, 0x93, 0xa7, 0x86, 0x03, 0x69, 0x14, 0xaf,
    0x19, 0xa1, 0x87, 0x02, 0xf3, 0x93, 0x08, 0x13, 0x02, 0xd1, 0x19, 0xd2, 0x19, 0x02, 0x73, 0x14,
    0x40, 0x86, 0x02, 0xb5, 0x16, 0x40, 0x86, 0x02, 0x35, 0x19, 0x40, 0x86, 0x02, 0x69, 0x14, 0x27,
    0x15, 0x02, 0xce, 0x19, 0x42, 0x86, 0x02, 0x71, 0x14, 0x42, 0x86, 0x02, 0xd1, 0x19, 0x73, 0x13,
    0x02, 0x68, 0x14, 0x3e, 0x13, 0x02, 0xf4, 0x13, 0x20, 0x86, 0x02, 0x87, 0x14, 0x40, 0x86, 0x03,
    0xb6, 0x16, 0x40, 0x86, 0xa1, 0x87, 0x02, 0x4d, 0x16, 0x40, 0x86, 0x02, 0x69, 0x14, 0xbc, 0x19,
    0x02, 0x4b, 0x16, 0x42, 0x86, 0x02, 0xd9, 0x19, 0x40, 0x86, 0x02, 0x3e, 0x19, 0x40, 0x86, 0x02,
    0x69, 0x14, 0xed, 0x13, 0x02, 0xd7, 0x19, 0x42, 0x86, 0x02, 0xb8, 0x19, 0x42, 0x86, 0x03, 0x68,
    0x14, 0x67, 0x14, 0x66, 0x14, 0x02, 0x3c, 0x19, 0x42, 0x86, 0x02, 0x68, 0x14, 0x66, 0x14, 0x03,
    0x68, 0x14, 0x64, 0x87, 0x68, 0x14, 0x02, 0x69, 0x14, 0xaf, 0x19, 0x02, 0xce, 0x19, 0x40, 0x86,
    0x02, 0x71, 0x14, 0x40, 0x86, 0x02, 0x68, 0x14, 0xeb, 0x13, 0x03, 0x68, 0x14, 0xbd, 0x19, 0xa1,
    0x87, 0x02, 0x6f, 0x14, 0x42, 0x86, 0x04, 0xd1, 0x19, 0xd1, 0x19, 0xd2, 0x19, 0xd2, 0x19, 0x02,
    0x69, 0x14, 0xbc, 0x14, 0x02, 0xcc, 0x93, 0x42, 0x86, 0x02, 0x4b, 0x16, 0x40, 0x86, 0x02, 0x26,
    0x19, 0x42, 0x86, 0x02, 0xd7, 0x19, 0x40, 0x86,
];
// c: libunicode-table.h:2415
pub static unicode_gc_name_table: [u8; 660] = [
    67, 110, 44, 85, 110, 97, 115, 115, 105, 103, 110, 101, 100, 0, 76, 117, 44, 85, 112, 112, 101,
    114, 99, 97, 115, 101, 95, 76, 101, 116, 116, 101, 114, 0, 76, 108, 44, 76, 111, 119, 101, 114,
    99, 97, 115, 101, 95, 76, 101, 116, 116, 101, 114, 0, 76, 116, 44, 84, 105, 116, 108, 101, 99,
    97, 115, 101, 95, 76, 101, 116, 116, 101, 114, 0, 76, 109, 44, 77, 111, 100, 105, 102, 105,
    101, 114, 95, 76, 101, 116, 116, 101, 114, 0, 76, 111, 44, 79, 116, 104, 101, 114, 95, 76, 101,
    116, 116, 101, 114, 0, 77, 110, 44, 78, 111, 110, 115, 112, 97, 99, 105, 110, 103, 95, 77, 97,
    114, 107, 0, 77, 99, 44, 83, 112, 97, 99, 105, 110, 103, 95, 77, 97, 114, 107, 0, 77, 101, 44,
    69, 110, 99, 108, 111, 115, 105, 110, 103, 95, 77, 97, 114, 107, 0, 78, 100, 44, 68, 101, 99,
    105, 109, 97, 108, 95, 78, 117, 109, 98, 101, 114, 44, 100, 105, 103, 105, 116, 0, 78, 108, 44,
    76, 101, 116, 116, 101, 114, 95, 78, 117, 109, 98, 101, 114, 0, 78, 111, 44, 79, 116, 104, 101,
    114, 95, 78, 117, 109, 98, 101, 114, 0, 83, 109, 44, 77, 97, 116, 104, 95, 83, 121, 109, 98,
    111, 108, 0, 83, 99, 44, 67, 117, 114, 114, 101, 110, 99, 121, 95, 83, 121, 109, 98, 111, 108,
    0, 83, 107, 44, 77, 111, 100, 105, 102, 105, 101, 114, 95, 83, 121, 109, 98, 111, 108, 0, 83,
    111, 44, 79, 116, 104, 101, 114, 95, 83, 121, 109, 98, 111, 108, 0, 80, 99, 44, 67, 111, 110,
    110, 101, 99, 116, 111, 114, 95, 80, 117, 110, 99, 116, 117, 97, 116, 105, 111, 110, 0, 80,
    100, 44, 68, 97, 115, 104, 95, 80, 117, 110, 99, 116, 117, 97, 116, 105, 111, 110, 0, 80, 115,
    44, 79, 112, 101, 110, 95, 80, 117, 110, 99, 116, 117, 97, 116, 105, 111, 110, 0, 80, 101, 44,
    67, 108, 111, 115, 101, 95, 80, 117, 110, 99, 116, 117, 97, 116, 105, 111, 110, 0, 80, 105, 44,
    73, 110, 105, 116, 105, 97, 108, 95, 80, 117, 110, 99, 116, 117, 97, 116, 105, 111, 110, 0, 80,
    102, 44, 70, 105, 110, 97, 108, 95, 80, 117, 110, 99, 116, 117, 97, 116, 105, 111, 110, 0, 80,
    111, 44, 79, 116, 104, 101, 114, 95, 80, 117, 110, 99, 116, 117, 97, 116, 105, 111, 110, 0, 90,
    115, 44, 83, 112, 97, 99, 101, 95, 83, 101, 112, 97, 114, 97, 116, 111, 114, 0, 90, 108, 44,
    76, 105, 110, 101, 95, 83, 101, 112, 97, 114, 97, 116, 111, 114, 0, 90, 112, 44, 80, 97, 114,
    97, 103, 114, 97, 112, 104, 95, 83, 101, 112, 97, 114, 97, 116, 111, 114, 0, 67, 99, 44, 67,
    111, 110, 116, 114, 111, 108, 44, 99, 110, 116, 114, 108, 0, 67, 102, 44, 70, 111, 114, 109,
    97, 116, 0, 67, 115, 44, 83, 117, 114, 114, 111, 103, 97, 116, 101, 0, 67, 111, 44, 80, 114,
    105, 118, 97, 116, 101, 95, 85, 115, 101, 0, 76, 67, 44, 67, 97, 115, 101, 100, 95, 76, 101,
    116, 116, 101, 114, 0, 76, 44, 76, 101, 116, 116, 101, 114, 0, 77, 44, 77, 97, 114, 107, 44,
    67, 111, 109, 98, 105, 110, 105, 110, 103, 95, 77, 97, 114, 107, 0, 78, 44, 78, 117, 109, 98,
    101, 114, 0, 83, 44, 83, 121, 109, 98, 111, 108, 0, 80, 44, 80, 117, 110, 99, 116, 117, 97,
    116, 105, 111, 110, 44, 112, 117, 110, 99, 116, 0, 90, 44, 83, 101, 112, 97, 114, 97, 116, 111,
    114, 0, 67, 44, 79, 116, 104, 101, 114, 0, 0,
];
// c: libunicode-table.h:3155
pub static unicode_script_name_table: [u8; 2572] = [
    85, 110, 107, 110, 111, 119, 110, 44, 90, 122, 122, 122, 0, 65, 100, 108, 97, 109, 44, 65, 100,
    108, 109, 0, 65, 104, 111, 109, 44, 65, 104, 111, 109, 0, 65, 110, 97, 116, 111, 108, 105, 97,
    110, 95, 72, 105, 101, 114, 111, 103, 108, 121, 112, 104, 115, 44, 72, 108, 117, 119, 0, 65,
    114, 97, 98, 105, 99, 44, 65, 114, 97, 98, 0, 65, 114, 109, 101, 110, 105, 97, 110, 44, 65,
    114, 109, 110, 0, 65, 118, 101, 115, 116, 97, 110, 44, 65, 118, 115, 116, 0, 66, 97, 108, 105,
    110, 101, 115, 101, 44, 66, 97, 108, 105, 0, 66, 97, 109, 117, 109, 44, 66, 97, 109, 117, 0,
    66, 97, 115, 115, 97, 95, 86, 97, 104, 44, 66, 97, 115, 115, 0, 66, 97, 116, 97, 107, 44, 66,
    97, 116, 107, 0, 66, 101, 114, 105, 97, 95, 69, 114, 102, 101, 44, 66, 101, 114, 102, 0, 66,
    101, 110, 103, 97, 108, 105, 44, 66, 101, 110, 103, 0, 66, 104, 97, 105, 107, 115, 117, 107,
    105, 44, 66, 104, 107, 115, 0, 66, 111, 112, 111, 109, 111, 102, 111, 44, 66, 111, 112, 111, 0,
    66, 114, 97, 104, 109, 105, 44, 66, 114, 97, 104, 0, 66, 114, 97, 105, 108, 108, 101, 44, 66,
    114, 97, 105, 0, 66, 117, 103, 105, 110, 101, 115, 101, 44, 66, 117, 103, 105, 0, 66, 117, 104,
    105, 100, 44, 66, 117, 104, 100, 0, 67, 97, 110, 97, 100, 105, 97, 110, 95, 65, 98, 111, 114,
    105, 103, 105, 110, 97, 108, 44, 67, 97, 110, 115, 0, 67, 97, 114, 105, 97, 110, 44, 67, 97,
    114, 105, 0, 67, 97, 117, 99, 97, 115, 105, 97, 110, 95, 65, 108, 98, 97, 110, 105, 97, 110,
    44, 65, 103, 104, 98, 0, 67, 104, 97, 107, 109, 97, 44, 67, 97, 107, 109, 0, 67, 104, 97, 109,
    44, 67, 104, 97, 109, 0, 67, 104, 101, 114, 111, 107, 101, 101, 44, 67, 104, 101, 114, 0, 67,
    104, 111, 114, 97, 115, 109, 105, 97, 110, 44, 67, 104, 114, 115, 0, 67, 111, 109, 109, 111,
    110, 44, 90, 121, 121, 121, 0, 67, 111, 112, 116, 105, 99, 44, 67, 111, 112, 116, 44, 81, 97,
    97, 99, 0, 67, 117, 110, 101, 105, 102, 111, 114, 109, 44, 88, 115, 117, 120, 0, 67, 121, 112,
    114, 105, 111, 116, 44, 67, 112, 114, 116, 0, 67, 121, 114, 105, 108, 108, 105, 99, 44, 67,
    121, 114, 108, 0, 67, 121, 112, 114, 111, 95, 77, 105, 110, 111, 97, 110, 44, 67, 112, 109,
    110, 0, 68, 101, 115, 101, 114, 101, 116, 44, 68, 115, 114, 116, 0, 68, 101, 118, 97, 110, 97,
    103, 97, 114, 105, 44, 68, 101, 118, 97, 0, 68, 105, 118, 101, 115, 95, 65, 107, 117, 114, 117,
    44, 68, 105, 97, 107, 0, 68, 111, 103, 114, 97, 44, 68, 111, 103, 114, 0, 68, 117, 112, 108,
    111, 121, 97, 110, 44, 68, 117, 112, 108, 0, 69, 103, 121, 112, 116, 105, 97, 110, 95, 72, 105,
    101, 114, 111, 103, 108, 121, 112, 104, 115, 44, 69, 103, 121, 112, 0, 69, 108, 98, 97, 115,
    97, 110, 44, 69, 108, 98, 97, 0, 69, 108, 121, 109, 97, 105, 99, 44, 69, 108, 121, 109, 0, 69,
    116, 104, 105, 111, 112, 105, 99, 44, 69, 116, 104, 105, 0, 71, 97, 114, 97, 121, 44, 71, 97,
    114, 97, 0, 71, 101, 111, 114, 103, 105, 97, 110, 44, 71, 101, 111, 114, 0, 71, 108, 97, 103,
    111, 108, 105, 116, 105, 99, 44, 71, 108, 97, 103, 0, 71, 111, 116, 104, 105, 99, 44, 71, 111,
    116, 104, 0, 71, 114, 97, 110, 116, 104, 97, 44, 71, 114, 97, 110, 0, 71, 114, 101, 101, 107,
    44, 71, 114, 101, 107, 0, 71, 117, 106, 97, 114, 97, 116, 105, 44, 71, 117, 106, 114, 0, 71,
    117, 110, 106, 97, 108, 97, 95, 71, 111, 110, 100, 105, 44, 71, 111, 110, 103, 0, 71, 117, 114,
    109, 117, 107, 104, 105, 44, 71, 117, 114, 117, 0, 71, 117, 114, 117, 110, 103, 95, 75, 104,
    101, 109, 97, 44, 71, 117, 107, 104, 0, 72, 97, 110, 44, 72, 97, 110, 105, 0, 72, 97, 110, 103,
    117, 108, 44, 72, 97, 110, 103, 0, 72, 97, 110, 105, 102, 105, 95, 82, 111, 104, 105, 110, 103,
    121, 97, 44, 82, 111, 104, 103, 0, 72, 97, 110, 117, 110, 111, 111, 44, 72, 97, 110, 111, 0,
    72, 97, 116, 114, 97, 110, 44, 72, 97, 116, 114, 0, 72, 101, 98, 114, 101, 119, 44, 72, 101,
    98, 114, 0, 72, 105, 114, 97, 103, 97, 110, 97, 44, 72, 105, 114, 97, 0, 73, 109, 112, 101,
    114, 105, 97, 108, 95, 65, 114, 97, 109, 97, 105, 99, 44, 65, 114, 109, 105, 0, 73, 110, 104,
    101, 114, 105, 116, 101, 100, 44, 90, 105, 110, 104, 44, 81, 97, 97, 105, 0, 73, 110, 115, 99,
    114, 105, 112, 116, 105, 111, 110, 97, 108, 95, 80, 97, 104, 108, 97, 118, 105, 44, 80, 104,
    108, 105, 0, 73, 110, 115, 99, 114, 105, 112, 116, 105, 111, 110, 97, 108, 95, 80, 97, 114,
    116, 104, 105, 97, 110, 44, 80, 114, 116, 105, 0, 74, 97, 118, 97, 110, 101, 115, 101, 44, 74,
    97, 118, 97, 0, 75, 97, 105, 116, 104, 105, 44, 75, 116, 104, 105, 0, 75, 97, 110, 110, 97,
    100, 97, 44, 75, 110, 100, 97, 0, 75, 97, 116, 97, 107, 97, 110, 97, 44, 75, 97, 110, 97, 0,
    75, 97, 116, 97, 107, 97, 110, 97, 95, 79, 114, 95, 72, 105, 114, 97, 103, 97, 110, 97, 44, 72,
    114, 107, 116, 0, 75, 97, 119, 105, 44, 75, 97, 119, 105, 0, 75, 97, 121, 97, 104, 95, 76, 105,
    44, 75, 97, 108, 105, 0, 75, 104, 97, 114, 111, 115, 104, 116, 104, 105, 44, 75, 104, 97, 114,
    0, 75, 104, 109, 101, 114, 44, 75, 104, 109, 114, 0, 75, 104, 111, 106, 107, 105, 44, 75, 104,
    111, 106, 0, 75, 104, 105, 116, 97, 110, 95, 83, 109, 97, 108, 108, 95, 83, 99, 114, 105, 112,
    116, 44, 75, 105, 116, 115, 0, 75, 104, 117, 100, 97, 119, 97, 100, 105, 44, 83, 105, 110, 100,
    0, 75, 105, 114, 97, 116, 95, 82, 97, 105, 44, 75, 114, 97, 105, 0, 76, 97, 111, 44, 76, 97,
    111, 111, 0, 76, 97, 116, 105, 110, 44, 76, 97, 116, 110, 0, 76, 101, 112, 99, 104, 97, 44, 76,
    101, 112, 99, 0, 76, 105, 109, 98, 117, 44, 76, 105, 109, 98, 0, 76, 105, 110, 101, 97, 114,
    95, 65, 44, 76, 105, 110, 97, 0, 76, 105, 110, 101, 97, 114, 95, 66, 44, 76, 105, 110, 98, 0,
    76, 105, 115, 117, 44, 76, 105, 115, 117, 0, 76, 121, 99, 105, 97, 110, 44, 76, 121, 99, 105,
    0, 76, 121, 100, 105, 97, 110, 44, 76, 121, 100, 105, 0, 77, 97, 107, 97, 115, 97, 114, 44, 77,
    97, 107, 97, 0, 77, 97, 104, 97, 106, 97, 110, 105, 44, 77, 97, 104, 106, 0, 77, 97, 108, 97,
    121, 97, 108, 97, 109, 44, 77, 108, 121, 109, 0, 77, 97, 110, 100, 97, 105, 99, 44, 77, 97,
    110, 100, 0, 77, 97, 110, 105, 99, 104, 97, 101, 97, 110, 44, 77, 97, 110, 105, 0, 77, 97, 114,
    99, 104, 101, 110, 44, 77, 97, 114, 99, 0, 77, 97, 115, 97, 114, 97, 109, 95, 71, 111, 110,
    100, 105, 44, 71, 111, 110, 109, 0, 77, 101, 100, 101, 102, 97, 105, 100, 114, 105, 110, 44,
    77, 101, 100, 102, 0, 77, 101, 101, 116, 101, 105, 95, 77, 97, 121, 101, 107, 44, 77, 116, 101,
    105, 0, 77, 101, 110, 100, 101, 95, 75, 105, 107, 97, 107, 117, 105, 44, 77, 101, 110, 100, 0,
    77, 101, 114, 111, 105, 116, 105, 99, 95, 67, 117, 114, 115, 105, 118, 101, 44, 77, 101, 114,
    99, 0, 77, 101, 114, 111, 105, 116, 105, 99, 95, 72, 105, 101, 114, 111, 103, 108, 121, 112,
    104, 115, 44, 77, 101, 114, 111, 0, 77, 105, 97, 111, 44, 80, 108, 114, 100, 0, 77, 111, 100,
    105, 44, 77, 111, 100, 105, 0, 77, 111, 110, 103, 111, 108, 105, 97, 110, 44, 77, 111, 110,
    103, 0, 77, 114, 111, 44, 77, 114, 111, 111, 0, 77, 117, 108, 116, 97, 110, 105, 44, 77, 117,
    108, 116, 0, 77, 121, 97, 110, 109, 97, 114, 44, 77, 121, 109, 114, 0, 78, 97, 98, 97, 116, 97,
    101, 97, 110, 44, 78, 98, 97, 116, 0, 78, 97, 103, 95, 77, 117, 110, 100, 97, 114, 105, 44, 78,
    97, 103, 109, 0, 78, 97, 110, 100, 105, 110, 97, 103, 97, 114, 105, 44, 78, 97, 110, 100, 0,
    78, 101, 119, 95, 84, 97, 105, 95, 76, 117, 101, 44, 84, 97, 108, 117, 0, 78, 101, 119, 97, 44,
    78, 101, 119, 97, 0, 78, 107, 111, 44, 78, 107, 111, 111, 0, 78, 117, 115, 104, 117, 44, 78,
    115, 104, 117, 0, 78, 121, 105, 97, 107, 101, 110, 103, 95, 80, 117, 97, 99, 104, 117, 101, 95,
    72, 109, 111, 110, 103, 44, 72, 109, 110, 112, 0, 79, 103, 104, 97, 109, 44, 79, 103, 97, 109,
    0, 79, 108, 95, 67, 104, 105, 107, 105, 44, 79, 108, 99, 107, 0, 79, 108, 95, 79, 110, 97, 108,
    44, 79, 110, 97, 111, 0, 79, 108, 100, 95, 72, 117, 110, 103, 97, 114, 105, 97, 110, 44, 72,
    117, 110, 103, 0, 79, 108, 100, 95, 73, 116, 97, 108, 105, 99, 44, 73, 116, 97, 108, 0, 79,
    108, 100, 95, 78, 111, 114, 116, 104, 95, 65, 114, 97, 98, 105, 97, 110, 44, 78, 97, 114, 98,
    0, 79, 108, 100, 95, 80, 101, 114, 109, 105, 99, 44, 80, 101, 114, 109, 0, 79, 108, 100, 95,
    80, 101, 114, 115, 105, 97, 110, 44, 88, 112, 101, 111, 0, 79, 108, 100, 95, 83, 111, 103, 100,
    105, 97, 110, 44, 83, 111, 103, 111, 0, 79, 108, 100, 95, 83, 111, 117, 116, 104, 95, 65, 114,
    97, 98, 105, 97, 110, 44, 83, 97, 114, 98, 0, 79, 108, 100, 95, 84, 117, 114, 107, 105, 99, 44,
    79, 114, 107, 104, 0, 79, 108, 100, 95, 85, 121, 103, 104, 117, 114, 44, 79, 117, 103, 114, 0,
    79, 114, 105, 121, 97, 44, 79, 114, 121, 97, 0, 79, 115, 97, 103, 101, 44, 79, 115, 103, 101,
    0, 79, 115, 109, 97, 110, 121, 97, 44, 79, 115, 109, 97, 0, 80, 97, 104, 97, 119, 104, 95, 72,
    109, 111, 110, 103, 44, 72, 109, 110, 103, 0, 80, 97, 108, 109, 121, 114, 101, 110, 101, 44,
    80, 97, 108, 109, 0, 80, 97, 117, 95, 67, 105, 110, 95, 72, 97, 117, 44, 80, 97, 117, 99, 0,
    80, 104, 97, 103, 115, 95, 80, 97, 44, 80, 104, 97, 103, 0, 80, 104, 111, 101, 110, 105, 99,
    105, 97, 110, 44, 80, 104, 110, 120, 0, 80, 115, 97, 108, 116, 101, 114, 95, 80, 97, 104, 108,
    97, 118, 105, 44, 80, 104, 108, 112, 0, 82, 101, 106, 97, 110, 103, 44, 82, 106, 110, 103, 0,
    82, 117, 110, 105, 99, 44, 82, 117, 110, 114, 0, 83, 97, 109, 97, 114, 105, 116, 97, 110, 44,
    83, 97, 109, 114, 0, 83, 97, 117, 114, 97, 115, 104, 116, 114, 97, 44, 83, 97, 117, 114, 0, 83,
    104, 97, 114, 97, 100, 97, 44, 83, 104, 114, 100, 0, 83, 104, 97, 118, 105, 97, 110, 44, 83,
    104, 97, 119, 0, 83, 105, 100, 100, 104, 97, 109, 44, 83, 105, 100, 100, 0, 83, 105, 100, 101,
    116, 105, 99, 44, 83, 105, 100, 116, 0, 83, 105, 103, 110, 87, 114, 105, 116, 105, 110, 103,
    44, 83, 103, 110, 119, 0, 83, 105, 110, 104, 97, 108, 97, 44, 83, 105, 110, 104, 0, 83, 111,
    103, 100, 105, 97, 110, 44, 83, 111, 103, 100, 0, 83, 111, 114, 97, 95, 83, 111, 109, 112, 101,
    110, 103, 44, 83, 111, 114, 97, 0, 83, 111, 121, 111, 109, 98, 111, 44, 83, 111, 121, 111, 0,
    83, 117, 110, 100, 97, 110, 101, 115, 101, 44, 83, 117, 110, 100, 0, 83, 117, 110, 117, 119,
    97, 114, 44, 83, 117, 110, 117, 0, 83, 121, 108, 111, 116, 105, 95, 78, 97, 103, 114, 105, 44,
    83, 121, 108, 111, 0, 83, 121, 114, 105, 97, 99, 44, 83, 121, 114, 99, 0, 84, 97, 103, 97, 108,
    111, 103, 44, 84, 103, 108, 103, 0, 84, 97, 103, 98, 97, 110, 119, 97, 44, 84, 97, 103, 98, 0,
    84, 97, 105, 95, 76, 101, 44, 84, 97, 108, 101, 0, 84, 97, 105, 95, 84, 104, 97, 109, 44, 76,
    97, 110, 97, 0, 84, 97, 105, 95, 86, 105, 101, 116, 44, 84, 97, 118, 116, 0, 84, 97, 105, 95,
    89, 111, 44, 84, 97, 121, 111, 0, 84, 97, 107, 114, 105, 44, 84, 97, 107, 114, 0, 84, 97, 109,
    105, 108, 44, 84, 97, 109, 108, 0, 84, 97, 110, 103, 117, 116, 44, 84, 97, 110, 103, 0, 84,
    101, 108, 117, 103, 117, 44, 84, 101, 108, 117, 0, 84, 104, 97, 97, 110, 97, 44, 84, 104, 97,
    97, 0, 84, 104, 97, 105, 44, 84, 104, 97, 105, 0, 84, 105, 98, 101, 116, 97, 110, 44, 84, 105,
    98, 116, 0, 84, 105, 102, 105, 110, 97, 103, 104, 44, 84, 102, 110, 103, 0, 84, 105, 114, 104,
    117, 116, 97, 44, 84, 105, 114, 104, 0, 84, 97, 110, 103, 115, 97, 44, 84, 110, 115, 97, 0, 84,
    111, 100, 104, 114, 105, 44, 84, 111, 100, 114, 0, 84, 111, 108, 111, 110, 103, 95, 83, 105,
    107, 105, 44, 84, 111, 108, 115, 0, 84, 111, 116, 111, 44, 84, 111, 116, 111, 0, 84, 117, 108,
    117, 95, 84, 105, 103, 97, 108, 97, 114, 105, 44, 84, 117, 116, 103, 0, 85, 103, 97, 114, 105,
    116, 105, 99, 44, 85, 103, 97, 114, 0, 86, 97, 105, 44, 86, 97, 105, 105, 0, 86, 105, 116, 104,
    107, 117, 113, 105, 44, 86, 105, 116, 104, 0, 87, 97, 110, 99, 104, 111, 44, 87, 99, 104, 111,
    0, 87, 97, 114, 97, 110, 103, 95, 67, 105, 116, 105, 44, 87, 97, 114, 97, 0, 89, 101, 122, 105,
    100, 105, 44, 89, 101, 122, 105, 0, 89, 105, 44, 89, 105, 105, 105, 0, 90, 97, 110, 97, 98, 97,
    122, 97, 114, 95, 83, 113, 117, 97, 114, 101, 44, 90, 97, 110, 98, 0, 0,
];
// c: libunicode-table.h:4695
pub static unicode_prop_name_table: [u8; 1144] = [
    65, 83, 67, 73, 73, 95, 72, 101, 120, 95, 68, 105, 103, 105, 116, 44, 65, 72, 101, 120, 0, 66,
    105, 100, 105, 95, 67, 111, 110, 116, 114, 111, 108, 44, 66, 105, 100, 105, 95, 67, 0, 68, 97,
    115, 104, 0, 68, 101, 112, 114, 101, 99, 97, 116, 101, 100, 44, 68, 101, 112, 0, 68, 105, 97,
    99, 114, 105, 116, 105, 99, 44, 68, 105, 97, 0, 69, 120, 116, 101, 110, 100, 101, 114, 44, 69,
    120, 116, 0, 72, 101, 120, 95, 68, 105, 103, 105, 116, 44, 72, 101, 120, 0, 73, 68, 83, 95, 85,
    110, 97, 114, 121, 95, 79, 112, 101, 114, 97, 116, 111, 114, 44, 73, 68, 83, 85, 0, 73, 68, 83,
    95, 66, 105, 110, 97, 114, 121, 95, 79, 112, 101, 114, 97, 116, 111, 114, 44, 73, 68, 83, 66,
    0, 73, 68, 83, 95, 84, 114, 105, 110, 97, 114, 121, 95, 79, 112, 101, 114, 97, 116, 111, 114,
    44, 73, 68, 83, 84, 0, 73, 100, 101, 111, 103, 114, 97, 112, 104, 105, 99, 44, 73, 100, 101,
    111, 0, 74, 111, 105, 110, 95, 67, 111, 110, 116, 114, 111, 108, 44, 74, 111, 105, 110, 95, 67,
    0, 76, 111, 103, 105, 99, 97, 108, 95, 79, 114, 100, 101, 114, 95, 69, 120, 99, 101, 112, 116,
    105, 111, 110, 44, 76, 79, 69, 0, 77, 111, 100, 105, 102, 105, 101, 114, 95, 67, 111, 109, 98,
    105, 110, 105, 110, 103, 95, 77, 97, 114, 107, 44, 77, 67, 77, 0, 78, 111, 110, 99, 104, 97,
    114, 97, 99, 116, 101, 114, 95, 67, 111, 100, 101, 95, 80, 111, 105, 110, 116, 44, 78, 67, 104,
    97, 114, 0, 80, 97, 116, 116, 101, 114, 110, 95, 83, 121, 110, 116, 97, 120, 44, 80, 97, 116,
    95, 83, 121, 110, 0, 80, 97, 116, 116, 101, 114, 110, 95, 87, 104, 105, 116, 101, 95, 83, 112,
    97, 99, 101, 44, 80, 97, 116, 95, 87, 83, 0, 81, 117, 111, 116, 97, 116, 105, 111, 110, 95, 77,
    97, 114, 107, 44, 81, 77, 97, 114, 107, 0, 82, 97, 100, 105, 99, 97, 108, 0, 82, 101, 103, 105,
    111, 110, 97, 108, 95, 73, 110, 100, 105, 99, 97, 116, 111, 114, 44, 82, 73, 0, 83, 101, 110,
    116, 101, 110, 99, 101, 95, 84, 101, 114, 109, 105, 110, 97, 108, 44, 83, 84, 101, 114, 109, 0,
    83, 111, 102, 116, 95, 68, 111, 116, 116, 101, 100, 44, 83, 68, 0, 84, 101, 114, 109, 105, 110,
    97, 108, 95, 80, 117, 110, 99, 116, 117, 97, 116, 105, 111, 110, 44, 84, 101, 114, 109, 0, 85,
    110, 105, 102, 105, 101, 100, 95, 73, 100, 101, 111, 103, 114, 97, 112, 104, 44, 85, 73, 100,
    101, 111, 0, 86, 97, 114, 105, 97, 116, 105, 111, 110, 95, 83, 101, 108, 101, 99, 116, 111,
    114, 44, 86, 83, 0, 87, 104, 105, 116, 101, 95, 83, 112, 97, 99, 101, 44, 115, 112, 97, 99,
    101, 0, 66, 105, 100, 105, 95, 77, 105, 114, 114, 111, 114, 101, 100, 44, 66, 105, 100, 105,
    95, 77, 0, 69, 109, 111, 106, 105, 0, 69, 109, 111, 106, 105, 95, 67, 111, 109, 112, 111, 110,
    101, 110, 116, 44, 69, 67, 111, 109, 112, 0, 69, 109, 111, 106, 105, 95, 77, 111, 100, 105,
    102, 105, 101, 114, 44, 69, 77, 111, 100, 0, 69, 109, 111, 106, 105, 95, 77, 111, 100, 105,
    102, 105, 101, 114, 95, 66, 97, 115, 101, 44, 69, 66, 97, 115, 101, 0, 69, 109, 111, 106, 105,
    95, 80, 114, 101, 115, 101, 110, 116, 97, 116, 105, 111, 110, 44, 69, 80, 114, 101, 115, 0, 69,
    120, 116, 101, 110, 100, 101, 100, 95, 80, 105, 99, 116, 111, 103, 114, 97, 112, 104, 105, 99,
    44, 69, 120, 116, 80, 105, 99, 116, 0, 68, 101, 102, 97, 117, 108, 116, 95, 73, 103, 110, 111,
    114, 97, 98, 108, 101, 95, 67, 111, 100, 101, 95, 80, 111, 105, 110, 116, 44, 68, 73, 0, 73,
    68, 95, 83, 116, 97, 114, 116, 44, 73, 68, 83, 0, 67, 97, 115, 101, 95, 73, 103, 110, 111, 114,
    97, 98, 108, 101, 44, 67, 73, 0, 65, 83, 67, 73, 73, 0, 65, 108, 112, 104, 97, 98, 101, 116,
    105, 99, 44, 65, 108, 112, 104, 97, 0, 65, 110, 121, 0, 65, 115, 115, 105, 103, 110, 101, 100,
    0, 67, 97, 115, 101, 100, 0, 67, 104, 97, 110, 103, 101, 115, 95, 87, 104, 101, 110, 95, 67,
    97, 115, 101, 102, 111, 108, 100, 101, 100, 44, 67, 87, 67, 70, 0, 67, 104, 97, 110, 103, 101,
    115, 95, 87, 104, 101, 110, 95, 67, 97, 115, 101, 109, 97, 112, 112, 101, 100, 44, 67, 87, 67,
    77, 0, 67, 104, 97, 110, 103, 101, 115, 95, 87, 104, 101, 110, 95, 76, 111, 119, 101, 114, 99,
    97, 115, 101, 100, 44, 67, 87, 76, 0, 67, 104, 97, 110, 103, 101, 115, 95, 87, 104, 101, 110,
    95, 78, 70, 75, 67, 95, 67, 97, 115, 101, 102, 111, 108, 100, 101, 100, 44, 67, 87, 75, 67, 70,
    0, 67, 104, 97, 110, 103, 101, 115, 95, 87, 104, 101, 110, 95, 84, 105, 116, 108, 101, 99, 97,
    115, 101, 100, 44, 67, 87, 84, 0, 67, 104, 97, 110, 103, 101, 115, 95, 87, 104, 101, 110, 95,
    85, 112, 112, 101, 114, 99, 97, 115, 101, 100, 44, 67, 87, 85, 0, 71, 114, 97, 112, 104, 101,
    109, 101, 95, 66, 97, 115, 101, 44, 71, 114, 95, 66, 97, 115, 101, 0, 71, 114, 97, 112, 104,
    101, 109, 101, 95, 69, 120, 116, 101, 110, 100, 44, 71, 114, 95, 69, 120, 116, 0, 73, 68, 95,
    67, 111, 110, 116, 105, 110, 117, 101, 44, 73, 68, 67, 0, 73, 68, 95, 67, 111, 109, 112, 97,
    116, 95, 77, 97, 116, 104, 95, 83, 116, 97, 114, 116, 0, 73, 68, 95, 67, 111, 109, 112, 97,
    116, 95, 77, 97, 116, 104, 95, 67, 111, 110, 116, 105, 110, 117, 101, 0, 73, 110, 67, 66, 0,
    76, 111, 119, 101, 114, 99, 97, 115, 101, 44, 76, 111, 119, 101, 114, 0, 77, 97, 116, 104, 0,
    85, 112, 112, 101, 114, 99, 97, 115, 101, 44, 85, 112, 112, 101, 114, 0, 88, 73, 68, 95, 67,
    111, 110, 116, 105, 110, 117, 101, 44, 88, 73, 68, 67, 0, 88, 73, 68, 95, 83, 116, 97, 114,
    116, 44, 88, 73, 68, 83, 0, 0,
];
// c: libunicode-table.h:4887
pub static unicode_sequence_prop_name_table: [u8; 143] = [
    66, 97, 115, 105, 99, 95, 69, 109, 111, 106, 105, 0, 69, 109, 111, 106, 105, 95, 75, 101, 121,
    99, 97, 112, 95, 83, 101, 113, 117, 101, 110, 99, 101, 0, 82, 71, 73, 95, 69, 109, 111, 106,
    105, 95, 77, 111, 100, 105, 102, 105, 101, 114, 95, 83, 101, 113, 117, 101, 110, 99, 101, 0,
    82, 71, 73, 95, 69, 109, 111, 106, 105, 95, 70, 108, 97, 103, 95, 83, 101, 113, 117, 101, 110,
    99, 101, 0, 82, 71, 73, 95, 69, 109, 111, 106, 105, 95, 84, 97, 103, 95, 83, 101, 113, 117,
    101, 110, 99, 101, 0, 82, 71, 73, 95, 69, 109, 111, 106, 105, 95, 90, 87, 74, 95, 83, 101, 113,
    117, 101, 110, 99, 101, 0, 82, 71, 73, 95, 69, 109, 111, 106, 105, 0, 0,
];
pub type UnicodeGCEnum = i32;
pub const UNICODE_GC_Cn: UnicodeGCEnum = 0;
pub const UNICODE_GC_Lu: UnicodeGCEnum = 1;
pub const UNICODE_GC_Ll: UnicodeGCEnum = 2;
pub const UNICODE_GC_Lt: UnicodeGCEnum = 3;
pub const UNICODE_GC_Lm: UnicodeGCEnum = 4;
pub const UNICODE_GC_Lo: UnicodeGCEnum = 5;
pub const UNICODE_GC_Mn: UnicodeGCEnum = 6;
pub const UNICODE_GC_Mc: UnicodeGCEnum = 7;
pub const UNICODE_GC_Me: UnicodeGCEnum = 8;
pub const UNICODE_GC_Nd: UnicodeGCEnum = 9;
pub const UNICODE_GC_Nl: UnicodeGCEnum = 10;
pub const UNICODE_GC_No: UnicodeGCEnum = 11;
pub const UNICODE_GC_Sm: UnicodeGCEnum = 12;
pub const UNICODE_GC_Sc: UnicodeGCEnum = 13;
pub const UNICODE_GC_Sk: UnicodeGCEnum = 14;
pub const UNICODE_GC_So: UnicodeGCEnum = 15;
pub const UNICODE_GC_Pc: UnicodeGCEnum = 16;
pub const UNICODE_GC_Pd: UnicodeGCEnum = 17;
pub const UNICODE_GC_Ps: UnicodeGCEnum = 18;
pub const UNICODE_GC_Pe: UnicodeGCEnum = 19;
pub const UNICODE_GC_Pi: UnicodeGCEnum = 20;
pub const UNICODE_GC_Pf: UnicodeGCEnum = 21;
pub const UNICODE_GC_Po: UnicodeGCEnum = 22;
pub const UNICODE_GC_Zs: UnicodeGCEnum = 23;
pub const UNICODE_GC_Zl: UnicodeGCEnum = 24;
pub const UNICODE_GC_Zp: UnicodeGCEnum = 25;
pub const UNICODE_GC_Cc: UnicodeGCEnum = 26;
pub const UNICODE_GC_Cf: UnicodeGCEnum = 27;
pub const UNICODE_GC_Cs: UnicodeGCEnum = 28;
pub const UNICODE_GC_Co: UnicodeGCEnum = 29;
pub const UNICODE_GC_LC: UnicodeGCEnum = 30;
pub const UNICODE_GC_L: UnicodeGCEnum = 31;
pub const UNICODE_GC_M: UnicodeGCEnum = 32;
pub const UNICODE_GC_N: UnicodeGCEnum = 33;
pub const UNICODE_GC_S: UnicodeGCEnum = 34;
pub const UNICODE_GC_P: UnicodeGCEnum = 35;
pub const UNICODE_GC_Z: UnicodeGCEnum = 36;
pub const UNICODE_GC_C: UnicodeGCEnum = 37;
pub const UNICODE_GC_COUNT: UnicodeGCEnum = 38;
pub type UnicodeScriptEnum = i32;
pub const UNICODE_SCRIPT_Unknown: UnicodeScriptEnum = 0;
pub const UNICODE_SCRIPT_Adlam: UnicodeScriptEnum = 1;
pub const UNICODE_SCRIPT_Ahom: UnicodeScriptEnum = 2;
pub const UNICODE_SCRIPT_Anatolian_Hieroglyphs: UnicodeScriptEnum = 3;
pub const UNICODE_SCRIPT_Arabic: UnicodeScriptEnum = 4;
pub const UNICODE_SCRIPT_Armenian: UnicodeScriptEnum = 5;
pub const UNICODE_SCRIPT_Avestan: UnicodeScriptEnum = 6;
pub const UNICODE_SCRIPT_Balinese: UnicodeScriptEnum = 7;
pub const UNICODE_SCRIPT_Bamum: UnicodeScriptEnum = 8;
pub const UNICODE_SCRIPT_Bassa_Vah: UnicodeScriptEnum = 9;
pub const UNICODE_SCRIPT_Batak: UnicodeScriptEnum = 10;
pub const UNICODE_SCRIPT_Beria_Erfe: UnicodeScriptEnum = 11;
pub const UNICODE_SCRIPT_Bengali: UnicodeScriptEnum = 12;
pub const UNICODE_SCRIPT_Bhaiksuki: UnicodeScriptEnum = 13;
pub const UNICODE_SCRIPT_Bopomofo: UnicodeScriptEnum = 14;
pub const UNICODE_SCRIPT_Brahmi: UnicodeScriptEnum = 15;
pub const UNICODE_SCRIPT_Braille: UnicodeScriptEnum = 16;
pub const UNICODE_SCRIPT_Buginese: UnicodeScriptEnum = 17;
pub const UNICODE_SCRIPT_Buhid: UnicodeScriptEnum = 18;
pub const UNICODE_SCRIPT_Canadian_Aboriginal: UnicodeScriptEnum = 19;
pub const UNICODE_SCRIPT_Carian: UnicodeScriptEnum = 20;
pub const UNICODE_SCRIPT_Caucasian_Albanian: UnicodeScriptEnum = 21;
pub const UNICODE_SCRIPT_Chakma: UnicodeScriptEnum = 22;
pub const UNICODE_SCRIPT_Cham: UnicodeScriptEnum = 23;
pub const UNICODE_SCRIPT_Cherokee: UnicodeScriptEnum = 24;
pub const UNICODE_SCRIPT_Chorasmian: UnicodeScriptEnum = 25;
pub const UNICODE_SCRIPT_Common: UnicodeScriptEnum = 26;
pub const UNICODE_SCRIPT_Coptic: UnicodeScriptEnum = 27;
pub const UNICODE_SCRIPT_Cuneiform: UnicodeScriptEnum = 28;
pub const UNICODE_SCRIPT_Cypriot: UnicodeScriptEnum = 29;
pub const UNICODE_SCRIPT_Cyrillic: UnicodeScriptEnum = 30;
pub const UNICODE_SCRIPT_Cypro_Minoan: UnicodeScriptEnum = 31;
pub const UNICODE_SCRIPT_Deseret: UnicodeScriptEnum = 32;
pub const UNICODE_SCRIPT_Devanagari: UnicodeScriptEnum = 33;
pub const UNICODE_SCRIPT_Dives_Akuru: UnicodeScriptEnum = 34;
pub const UNICODE_SCRIPT_Dogra: UnicodeScriptEnum = 35;
pub const UNICODE_SCRIPT_Duployan: UnicodeScriptEnum = 36;
pub const UNICODE_SCRIPT_Egyptian_Hieroglyphs: UnicodeScriptEnum = 37;
pub const UNICODE_SCRIPT_Elbasan: UnicodeScriptEnum = 38;
pub const UNICODE_SCRIPT_Elymaic: UnicodeScriptEnum = 39;
pub const UNICODE_SCRIPT_Ethiopic: UnicodeScriptEnum = 40;
pub const UNICODE_SCRIPT_Garay: UnicodeScriptEnum = 41;
pub const UNICODE_SCRIPT_Georgian: UnicodeScriptEnum = 42;
pub const UNICODE_SCRIPT_Glagolitic: UnicodeScriptEnum = 43;
pub const UNICODE_SCRIPT_Gothic: UnicodeScriptEnum = 44;
pub const UNICODE_SCRIPT_Grantha: UnicodeScriptEnum = 45;
pub const UNICODE_SCRIPT_Greek: UnicodeScriptEnum = 46;
pub const UNICODE_SCRIPT_Gujarati: UnicodeScriptEnum = 47;
pub const UNICODE_SCRIPT_Gunjala_Gondi: UnicodeScriptEnum = 48;
pub const UNICODE_SCRIPT_Gurmukhi: UnicodeScriptEnum = 49;
pub const UNICODE_SCRIPT_Gurung_Khema: UnicodeScriptEnum = 50;
pub const UNICODE_SCRIPT_Han: UnicodeScriptEnum = 51;
pub const UNICODE_SCRIPT_Hangul: UnicodeScriptEnum = 52;
pub const UNICODE_SCRIPT_Hanifi_Rohingya: UnicodeScriptEnum = 53;
pub const UNICODE_SCRIPT_Hanunoo: UnicodeScriptEnum = 54;
pub const UNICODE_SCRIPT_Hatran: UnicodeScriptEnum = 55;
pub const UNICODE_SCRIPT_Hebrew: UnicodeScriptEnum = 56;
pub const UNICODE_SCRIPT_Hiragana: UnicodeScriptEnum = 57;
pub const UNICODE_SCRIPT_Imperial_Aramaic: UnicodeScriptEnum = 58;
pub const UNICODE_SCRIPT_Inherited: UnicodeScriptEnum = 59;
pub const UNICODE_SCRIPT_Inscriptional_Pahlavi: UnicodeScriptEnum = 60;
pub const UNICODE_SCRIPT_Inscriptional_Parthian: UnicodeScriptEnum = 61;
pub const UNICODE_SCRIPT_Javanese: UnicodeScriptEnum = 62;
pub const UNICODE_SCRIPT_Kaithi: UnicodeScriptEnum = 63;
pub const UNICODE_SCRIPT_Kannada: UnicodeScriptEnum = 64;
pub const UNICODE_SCRIPT_Katakana: UnicodeScriptEnum = 65;
pub const UNICODE_SCRIPT_Katakana_Or_Hiragana: UnicodeScriptEnum = 66;
pub const UNICODE_SCRIPT_Kawi: UnicodeScriptEnum = 67;
pub const UNICODE_SCRIPT_Kayah_Li: UnicodeScriptEnum = 68;
pub const UNICODE_SCRIPT_Kharoshthi: UnicodeScriptEnum = 69;
pub const UNICODE_SCRIPT_Khmer: UnicodeScriptEnum = 70;
pub const UNICODE_SCRIPT_Khojki: UnicodeScriptEnum = 71;
pub const UNICODE_SCRIPT_Khitan_Small_Script: UnicodeScriptEnum = 72;
pub const UNICODE_SCRIPT_Khudawadi: UnicodeScriptEnum = 73;
pub const UNICODE_SCRIPT_Kirat_Rai: UnicodeScriptEnum = 74;
pub const UNICODE_SCRIPT_Lao: UnicodeScriptEnum = 75;
pub const UNICODE_SCRIPT_Latin: UnicodeScriptEnum = 76;
pub const UNICODE_SCRIPT_Lepcha: UnicodeScriptEnum = 77;
pub const UNICODE_SCRIPT_Limbu: UnicodeScriptEnum = 78;
pub const UNICODE_SCRIPT_Linear_A: UnicodeScriptEnum = 79;
pub const UNICODE_SCRIPT_Linear_B: UnicodeScriptEnum = 80;
pub const UNICODE_SCRIPT_Lisu: UnicodeScriptEnum = 81;
pub const UNICODE_SCRIPT_Lycian: UnicodeScriptEnum = 82;
pub const UNICODE_SCRIPT_Lydian: UnicodeScriptEnum = 83;
pub const UNICODE_SCRIPT_Makasar: UnicodeScriptEnum = 84;
pub const UNICODE_SCRIPT_Mahajani: UnicodeScriptEnum = 85;
pub const UNICODE_SCRIPT_Malayalam: UnicodeScriptEnum = 86;
pub const UNICODE_SCRIPT_Mandaic: UnicodeScriptEnum = 87;
pub const UNICODE_SCRIPT_Manichaean: UnicodeScriptEnum = 88;
pub const UNICODE_SCRIPT_Marchen: UnicodeScriptEnum = 89;
pub const UNICODE_SCRIPT_Masaram_Gondi: UnicodeScriptEnum = 90;
pub const UNICODE_SCRIPT_Medefaidrin: UnicodeScriptEnum = 91;
pub const UNICODE_SCRIPT_Meetei_Mayek: UnicodeScriptEnum = 92;
pub const UNICODE_SCRIPT_Mende_Kikakui: UnicodeScriptEnum = 93;
pub const UNICODE_SCRIPT_Meroitic_Cursive: UnicodeScriptEnum = 94;
pub const UNICODE_SCRIPT_Meroitic_Hieroglyphs: UnicodeScriptEnum = 95;
pub const UNICODE_SCRIPT_Miao: UnicodeScriptEnum = 96;
pub const UNICODE_SCRIPT_Modi: UnicodeScriptEnum = 97;
pub const UNICODE_SCRIPT_Mongolian: UnicodeScriptEnum = 98;
pub const UNICODE_SCRIPT_Mro: UnicodeScriptEnum = 99;
pub const UNICODE_SCRIPT_Multani: UnicodeScriptEnum = 100;
pub const UNICODE_SCRIPT_Myanmar: UnicodeScriptEnum = 101;
pub const UNICODE_SCRIPT_Nabataean: UnicodeScriptEnum = 102;
pub const UNICODE_SCRIPT_Nag_Mundari: UnicodeScriptEnum = 103;
pub const UNICODE_SCRIPT_Nandinagari: UnicodeScriptEnum = 104;
pub const UNICODE_SCRIPT_New_Tai_Lue: UnicodeScriptEnum = 105;
pub const UNICODE_SCRIPT_Newa: UnicodeScriptEnum = 106;
pub const UNICODE_SCRIPT_Nko: UnicodeScriptEnum = 107;
pub const UNICODE_SCRIPT_Nushu: UnicodeScriptEnum = 108;
pub const UNICODE_SCRIPT_Nyiakeng_Puachue_Hmong: UnicodeScriptEnum = 109;
pub const UNICODE_SCRIPT_Ogham: UnicodeScriptEnum = 110;
pub const UNICODE_SCRIPT_Ol_Chiki: UnicodeScriptEnum = 111;
pub const UNICODE_SCRIPT_Ol_Onal: UnicodeScriptEnum = 112;
pub const UNICODE_SCRIPT_Old_Hungarian: UnicodeScriptEnum = 113;
pub const UNICODE_SCRIPT_Old_Italic: UnicodeScriptEnum = 114;
pub const UNICODE_SCRIPT_Old_North_Arabian: UnicodeScriptEnum = 115;
pub const UNICODE_SCRIPT_Old_Permic: UnicodeScriptEnum = 116;
pub const UNICODE_SCRIPT_Old_Persian: UnicodeScriptEnum = 117;
pub const UNICODE_SCRIPT_Old_Sogdian: UnicodeScriptEnum = 118;
pub const UNICODE_SCRIPT_Old_South_Arabian: UnicodeScriptEnum = 119;
pub const UNICODE_SCRIPT_Old_Turkic: UnicodeScriptEnum = 120;
pub const UNICODE_SCRIPT_Old_Uyghur: UnicodeScriptEnum = 121;
pub const UNICODE_SCRIPT_Oriya: UnicodeScriptEnum = 122;
pub const UNICODE_SCRIPT_Osage: UnicodeScriptEnum = 123;
pub const UNICODE_SCRIPT_Osmanya: UnicodeScriptEnum = 124;
pub const UNICODE_SCRIPT_Pahawh_Hmong: UnicodeScriptEnum = 125;
pub const UNICODE_SCRIPT_Palmyrene: UnicodeScriptEnum = 126;
pub const UNICODE_SCRIPT_Pau_Cin_Hau: UnicodeScriptEnum = 127;
pub const UNICODE_SCRIPT_Phags_Pa: UnicodeScriptEnum = 128;
pub const UNICODE_SCRIPT_Phoenician: UnicodeScriptEnum = 129;
pub const UNICODE_SCRIPT_Psalter_Pahlavi: UnicodeScriptEnum = 130;
pub const UNICODE_SCRIPT_Rejang: UnicodeScriptEnum = 131;
pub const UNICODE_SCRIPT_Runic: UnicodeScriptEnum = 132;
pub const UNICODE_SCRIPT_Samaritan: UnicodeScriptEnum = 133;
pub const UNICODE_SCRIPT_Saurashtra: UnicodeScriptEnum = 134;
pub const UNICODE_SCRIPT_Sharada: UnicodeScriptEnum = 135;
pub const UNICODE_SCRIPT_Shavian: UnicodeScriptEnum = 136;
pub const UNICODE_SCRIPT_Siddham: UnicodeScriptEnum = 137;
pub const UNICODE_SCRIPT_Sidetic: UnicodeScriptEnum = 138;
pub const UNICODE_SCRIPT_SignWriting: UnicodeScriptEnum = 139;
pub const UNICODE_SCRIPT_Sinhala: UnicodeScriptEnum = 140;
pub const UNICODE_SCRIPT_Sogdian: UnicodeScriptEnum = 141;
pub const UNICODE_SCRIPT_Sora_Sompeng: UnicodeScriptEnum = 142;
pub const UNICODE_SCRIPT_Soyombo: UnicodeScriptEnum = 143;
pub const UNICODE_SCRIPT_Sundanese: UnicodeScriptEnum = 144;
pub const UNICODE_SCRIPT_Sunuwar: UnicodeScriptEnum = 145;
pub const UNICODE_SCRIPT_Syloti_Nagri: UnicodeScriptEnum = 146;
pub const UNICODE_SCRIPT_Syriac: UnicodeScriptEnum = 147;
pub const UNICODE_SCRIPT_Tagalog: UnicodeScriptEnum = 148;
pub const UNICODE_SCRIPT_Tagbanwa: UnicodeScriptEnum = 149;
pub const UNICODE_SCRIPT_Tai_Le: UnicodeScriptEnum = 150;
pub const UNICODE_SCRIPT_Tai_Tham: UnicodeScriptEnum = 151;
pub const UNICODE_SCRIPT_Tai_Viet: UnicodeScriptEnum = 152;
pub const UNICODE_SCRIPT_Tai_Yo: UnicodeScriptEnum = 153;
pub const UNICODE_SCRIPT_Takri: UnicodeScriptEnum = 154;
pub const UNICODE_SCRIPT_Tamil: UnicodeScriptEnum = 155;
pub const UNICODE_SCRIPT_Tangut: UnicodeScriptEnum = 156;
pub const UNICODE_SCRIPT_Telugu: UnicodeScriptEnum = 157;
pub const UNICODE_SCRIPT_Thaana: UnicodeScriptEnum = 158;
pub const UNICODE_SCRIPT_Thai: UnicodeScriptEnum = 159;
pub const UNICODE_SCRIPT_Tibetan: UnicodeScriptEnum = 160;
pub const UNICODE_SCRIPT_Tifinagh: UnicodeScriptEnum = 161;
pub const UNICODE_SCRIPT_Tirhuta: UnicodeScriptEnum = 162;
pub const UNICODE_SCRIPT_Tangsa: UnicodeScriptEnum = 163;
pub const UNICODE_SCRIPT_Todhri: UnicodeScriptEnum = 164;
pub const UNICODE_SCRIPT_Tolong_Siki: UnicodeScriptEnum = 165;
pub const UNICODE_SCRIPT_Toto: UnicodeScriptEnum = 166;
pub const UNICODE_SCRIPT_Tulu_Tigalari: UnicodeScriptEnum = 167;
pub const UNICODE_SCRIPT_Ugaritic: UnicodeScriptEnum = 168;
pub const UNICODE_SCRIPT_Vai: UnicodeScriptEnum = 169;
pub const UNICODE_SCRIPT_Vithkuqi: UnicodeScriptEnum = 170;
pub const UNICODE_SCRIPT_Wancho: UnicodeScriptEnum = 171;
pub const UNICODE_SCRIPT_Warang_Citi: UnicodeScriptEnum = 172;
pub const UNICODE_SCRIPT_Yezidi: UnicodeScriptEnum = 173;
pub const UNICODE_SCRIPT_Yi: UnicodeScriptEnum = 174;
pub const UNICODE_SCRIPT_Zanabazar_Square: UnicodeScriptEnum = 175;
pub const UNICODE_SCRIPT_COUNT: UnicodeScriptEnum = 176;
pub type UnicodePropertyEnum = i32;
pub const UNICODE_PROP_Hyphen: UnicodePropertyEnum = 0;
pub const UNICODE_PROP_Other_Math: UnicodePropertyEnum = 1;
pub const UNICODE_PROP_Other_Alphabetic: UnicodePropertyEnum = 2;
pub const UNICODE_PROP_Other_Lowercase: UnicodePropertyEnum = 3;
pub const UNICODE_PROP_Other_Uppercase: UnicodePropertyEnum = 4;
pub const UNICODE_PROP_Other_Grapheme_Extend: UnicodePropertyEnum = 5;
pub const UNICODE_PROP_Other_Default_Ignorable_Code_Point: UnicodePropertyEnum = 6;
pub const UNICODE_PROP_Other_ID_Start: UnicodePropertyEnum = 7;
pub const UNICODE_PROP_Other_ID_Continue: UnicodePropertyEnum = 8;
pub const UNICODE_PROP_Prepended_Concatenation_Mark: UnicodePropertyEnum = 9;
pub const UNICODE_PROP_ID_Continue1: UnicodePropertyEnum = 10;
pub const UNICODE_PROP_XID_Start1: UnicodePropertyEnum = 11;
pub const UNICODE_PROP_XID_Continue1: UnicodePropertyEnum = 12;
pub const UNICODE_PROP_Changes_When_Titlecased1: UnicodePropertyEnum = 13;
pub const UNICODE_PROP_Changes_When_Casefolded1: UnicodePropertyEnum = 14;
pub const UNICODE_PROP_Changes_When_NFKC_Casefolded1: UnicodePropertyEnum = 15;
pub const UNICODE_PROP_Basic_Emoji1: UnicodePropertyEnum = 16;
pub const UNICODE_PROP_Basic_Emoji2: UnicodePropertyEnum = 17;
pub const UNICODE_PROP_RGI_Emoji_Modifier_Sequence: UnicodePropertyEnum = 18;
pub const UNICODE_PROP_RGI_Emoji_Flag_Sequence: UnicodePropertyEnum = 19;
pub const UNICODE_PROP_Emoji_Keycap_Sequence: UnicodePropertyEnum = 20;
pub const UNICODE_PROP_ASCII_Hex_Digit: UnicodePropertyEnum = 21;
pub const UNICODE_PROP_Bidi_Control: UnicodePropertyEnum = 22;
pub const UNICODE_PROP_Dash: UnicodePropertyEnum = 23;
pub const UNICODE_PROP_Deprecated: UnicodePropertyEnum = 24;
pub const UNICODE_PROP_Diacritic: UnicodePropertyEnum = 25;
pub const UNICODE_PROP_Extender: UnicodePropertyEnum = 26;
pub const UNICODE_PROP_Hex_Digit: UnicodePropertyEnum = 27;
pub const UNICODE_PROP_IDS_Unary_Operator: UnicodePropertyEnum = 28;
pub const UNICODE_PROP_IDS_Binary_Operator: UnicodePropertyEnum = 29;
pub const UNICODE_PROP_IDS_Trinary_Operator: UnicodePropertyEnum = 30;
pub const UNICODE_PROP_Ideographic: UnicodePropertyEnum = 31;
pub const UNICODE_PROP_Join_Control: UnicodePropertyEnum = 32;
pub const UNICODE_PROP_Logical_Order_Exception: UnicodePropertyEnum = 33;
pub const UNICODE_PROP_Modifier_Combining_Mark: UnicodePropertyEnum = 34;
pub const UNICODE_PROP_Noncharacter_Code_Point: UnicodePropertyEnum = 35;
pub const UNICODE_PROP_Pattern_Syntax: UnicodePropertyEnum = 36;
pub const UNICODE_PROP_Pattern_White_Space: UnicodePropertyEnum = 37;
pub const UNICODE_PROP_Quotation_Mark: UnicodePropertyEnum = 38;
pub const UNICODE_PROP_Radical: UnicodePropertyEnum = 39;
pub const UNICODE_PROP_Regional_Indicator: UnicodePropertyEnum = 40;
pub const UNICODE_PROP_Sentence_Terminal: UnicodePropertyEnum = 41;
pub const UNICODE_PROP_Soft_Dotted: UnicodePropertyEnum = 42;
pub const UNICODE_PROP_Terminal_Punctuation: UnicodePropertyEnum = 43;
pub const UNICODE_PROP_Unified_Ideograph: UnicodePropertyEnum = 44;
pub const UNICODE_PROP_Variation_Selector: UnicodePropertyEnum = 45;
pub const UNICODE_PROP_White_Space: UnicodePropertyEnum = 46;
pub const UNICODE_PROP_Bidi_Mirrored: UnicodePropertyEnum = 47;
pub const UNICODE_PROP_Emoji: UnicodePropertyEnum = 48;
pub const UNICODE_PROP_Emoji_Component: UnicodePropertyEnum = 49;
pub const UNICODE_PROP_Emoji_Modifier: UnicodePropertyEnum = 50;
pub const UNICODE_PROP_Emoji_Modifier_Base: UnicodePropertyEnum = 51;
pub const UNICODE_PROP_Emoji_Presentation: UnicodePropertyEnum = 52;
pub const UNICODE_PROP_Extended_Pictographic: UnicodePropertyEnum = 53;
pub const UNICODE_PROP_Default_Ignorable_Code_Point: UnicodePropertyEnum = 54;
pub const UNICODE_PROP_ID_Start: UnicodePropertyEnum = 55;
pub const UNICODE_PROP_Case_Ignorable: UnicodePropertyEnum = 56;
pub const UNICODE_PROP_ASCII: UnicodePropertyEnum = 57;
pub const UNICODE_PROP_Alphabetic: UnicodePropertyEnum = 58;
pub const UNICODE_PROP_Any: UnicodePropertyEnum = 59;
pub const UNICODE_PROP_Assigned: UnicodePropertyEnum = 60;
pub const UNICODE_PROP_Cased: UnicodePropertyEnum = 61;
pub const UNICODE_PROP_Changes_When_Casefolded: UnicodePropertyEnum = 62;
pub const UNICODE_PROP_Changes_When_Casemapped: UnicodePropertyEnum = 63;
pub const UNICODE_PROP_Changes_When_Lowercased: UnicodePropertyEnum = 64;
pub const UNICODE_PROP_Changes_When_NFKC_Casefolded: UnicodePropertyEnum = 65;
pub const UNICODE_PROP_Changes_When_Titlecased: UnicodePropertyEnum = 66;
pub const UNICODE_PROP_Changes_When_Uppercased: UnicodePropertyEnum = 67;
pub const UNICODE_PROP_Grapheme_Base: UnicodePropertyEnum = 68;
pub const UNICODE_PROP_Grapheme_Extend: UnicodePropertyEnum = 69;
pub const UNICODE_PROP_ID_Continue: UnicodePropertyEnum = 70;
pub const UNICODE_PROP_ID_Compat_Math_Start: UnicodePropertyEnum = 71;
pub const UNICODE_PROP_ID_Compat_Math_Continue: UnicodePropertyEnum = 72;
pub const UNICODE_PROP_InCB: UnicodePropertyEnum = 73;
pub const UNICODE_PROP_Lowercase: UnicodePropertyEnum = 74;
pub const UNICODE_PROP_Math: UnicodePropertyEnum = 75;
pub const UNICODE_PROP_Uppercase: UnicodePropertyEnum = 76;
pub const UNICODE_PROP_XID_Continue: UnicodePropertyEnum = 77;
pub const UNICODE_PROP_XID_Start: UnicodePropertyEnum = 78;
pub const UNICODE_PROP_Cased1: UnicodePropertyEnum = 79;
pub const UNICODE_PROP_COUNT: UnicodePropertyEnum = 80;
pub type UnicodeSequencePropertyEnum = i32;
pub const UNICODE_SEQUENCE_PROP_Basic_Emoji: UnicodeSequencePropertyEnum = 0;
pub const UNICODE_SEQUENCE_PROP_Emoji_Keycap_Sequence: UnicodeSequencePropertyEnum = 1;
pub const UNICODE_SEQUENCE_PROP_RGI_Emoji_Modifier_Sequence: UnicodeSequencePropertyEnum = 2;
pub const UNICODE_SEQUENCE_PROP_RGI_Emoji_Flag_Sequence: UnicodeSequencePropertyEnum = 3;
pub const UNICODE_SEQUENCE_PROP_RGI_Emoji_Tag_Sequence: UnicodeSequencePropertyEnum = 4;
pub const UNICODE_SEQUENCE_PROP_RGI_Emoji_ZWJ_Sequence: UnicodeSequencePropertyEnum = 5;
pub const UNICODE_SEQUENCE_PROP_RGI_Emoji: UnicodeSequencePropertyEnum = 6;
pub const UNICODE_SEQUENCE_PROP_COUNT: UnicodeSequencePropertyEnum = 7;
